target_user_id,label
1,grumpy
2,calm
3,calm
4,rage
5,rage
6,grumpy
7,rage
8,grumpy
9,rage
10,calm
11,calm
12,rage
13,grumpy
14,rage
15,rage
16,calm
17,rage
18,mellow
19,empath
20,calm
21,rage
22,rage
23,grumpy
24,grumpy
25,calm
26,rage
27,rage
28,rage
29,rage
30,mellow
31,grumpy
32,grumpy
33,calm
34,calm
35,empath
36,rage
37,grumpy
38,calm
39,rage
40,rage
41,empath
42,calm
43,mellow
44,rage
45,grumpy
46,grumpy
47,empath
48,rage
49,rage
50,empath
51,calm
52,grumpy
53,rage
54,empath
55,rage
56,empath
57,mellow
58,rage
59,rage
60,grumpy
61,empath
62,empath
63,grumpy
64,mellow
65,empath
66,grumpy
67,grumpy
68,rage
70,grumpy
71,rage
72,grumpy
73,rage
74,grumpy
75,rage
76,calm
77,calm
78,empath
79,rage
80,rage
81,mellow
82,calm
83,rage
84,grumpy
85,calm
86,rage
87,rage
88,mellow
89,grumpy
90,rage
91,calm
92,calm
93,empath
94,grumpy
95,rage
96,empath
97,empath
98,rage
99,rage
100,calm
101,calm
102,empath
103,mellow
104,rage
105,rage
106,calm
107,grumpy
108,mellow
109,empath
110,mellow
111,grumpy
112,mellow
113,rage
114,calm
115,grumpy
116,empath
117,grumpy
118,rage
119,grumpy
120,rage
121,mellow
122,grumpy
123,rage
124,calm
125,calm
126,empath
127,rage
128,calm
129,rage
130,empath
131,rage
132,rage
133,mellow
135,mellow
136,rage
137,grumpy
138,grumpy
139,rage
140,grumpy
141,calm
142,rage
143,mellow
144,calm
145,empath
146,calm
147,rage
148,rage
149,grumpy
150,rage
151,grumpy
152,rage
153,rage
154,calm
155,grumpy
156,grumpy
157,grumpy
158,mellow
159,rage
160,calm
161,rage
162,rage
163,rage
164,rage
165,mellow
166,grumpy
167,empath
168,grumpy
169,mellow
170,empath
171,mellow
172,empath
173,calm
174,calm
175,mellow
176,empath
177,grumpy
178,empath
179,mellow
180,mellow
181,grumpy
182,grumpy
183,mellow
184,grumpy
185,mellow
186,mellow
187,calm
188,mellow
189,rage
190,rage
191,empath
192,empath
193,mellow
194,mellow
195,calm
196,empath
197,grumpy
198,calm
199,rage
200,rage
201,rage
202,rage
203,mellow
204,rage
205,rage
206,grumpy
207,grumpy
208,empath
209,grumpy
210,mellow
212,grumpy
213,grumpy
214,rage
215,calm
216,rage
217,calm
218,mellow
219,mellow
220,grumpy
221,grumpy
222,empath
223,rage
224,grumpy
225,mellow
226,grumpy
227,empath
228,calm
229,grumpy
230,rage
231,rage
232,empath
233,empath
234,mellow
235,rage
236,mellow
237,mellow
238,mellow
239,mellow
240,grumpy
241,grumpy
242,calm
243,calm
244,calm
245,rage
246,mellow
247,mellow
248,grumpy
249,calm
250,grumpy
251,mellow
252,empath
253,grumpy
254,empath
255,mellow
256,grumpy
257,calm
258,rage
259,calm
260,rage
261,mellow
262,mellow
263,rage
264,rage
265,rage
266,mellow
267,grumpy
268,rage
269,grumpy
270,rage
271,empath
272,mellow
273,grumpy
274,mellow
275,grumpy
276,mellow
277,mellow
278,rage
279,mellow
280,rage
281,mellow
282,rage
283,rage
284,grumpy
285,calm
286,mellow
287,rage
288,mellow
289,rage
290,empath
291,mellow
292,empath
293,rage
294,rage
295,rage
296,calm
297,rage
298,calm
299,mellow
300,grumpy
301,empath
302,grumpy
303,rage
304,mellow
305,mellow
306,grumpy
307,calm
308,empath
309,empath
310,rage
311,mellow
312,mellow
313,mellow
314,rage
315,empath
316,calm
317,grumpy
318,empath
319,rage
320,empath
321,grumpy
322,grumpy
323,mellow
324,grumpy
325,rage
326,mellow
327,calm
328,empath
329,mellow
330,rage
331,mellow
332,calm
333,rage
334,grumpy
335,grumpy
336,rage
337,grumpy
338,rage
339,rage
340,grumpy
341,rage
342,calm
343,empath
344,grumpy
345,calm
346,grumpy
347,grumpy
348,mellow
349,grumpy
350,grumpy
351,grumpy
352,rage
353,mellow
354,grumpy
355,grumpy
356,rage
357,calm
358,calm
359,rage
360,mellow
361,grumpy
362,mellow
363,grumpy
364,calm
365,mellow
366,rage
367,calm
368,rage
369,calm
370,calm
371,grumpy
372,calm
373,grumpy
374,rage
375,empath
376,empath
377,rage
378,rage
379,rage
380,grumpy
381,grumpy
382,calm
384,rage
385,rage
386,calm
387,empath
388,mellow
389,mellow
390,rage
391,rage
392,calm
393,calm
394,grumpy
395,grumpy
396,rage
397,empath
398,empath
399,calm
400,rage
401,calm
402,grumpy
403,grumpy
404,rage
405,calm
406,rage
407,rage
408,rage
409,mellow
410,rage
411,calm
412,calm
413,rage
414,grumpy
415,empath
416,calm
417,mellow
418,rage
419,rage
420,mellow
421,rage
422,grumpy
423,calm
424,rage
425,mellow
426,rage
427,calm
428,calm
429,rage
430,rage
431,rage
432,grumpy
433,mellow
434,rage
435,mellow
436,rage
437,empath
438,mellow
439,mellow
440,calm
441,grumpy
442,grumpy
443,calm
444,mellow
445,rage
446,mellow
447,mellow
448,calm
449,rage
450,mellow
451,rage
452,rage
453,mellow
454,empath
455,grumpy
456,grumpy
457,grumpy
458,mellow
459,mellow
460,calm
461,calm
462,mellow
463,empath
464,calm
465,rage
466,mellow
467,calm
468,rage
469,rage
470,rage
471,mellow
472,mellow
473,calm
474,rage
475,rage
476,empath
477,grumpy
478,rage
479,mellow
480,grumpy
481,rage
482,grumpy
483,empath
484,calm
485,rage
486,rage
487,mellow
488,rage
489,empath
490,rage
491,grumpy
492,grumpy
493,mellow
494,rage
495,rage
496,mellow
497,rage
498,mellow
499,rage
500,empath
501,empath
502,grumpy
503,grumpy
504,mellow
505,rage
506,grumpy
507,empath
508,grumpy
509,rage
510,grumpy
511,grumpy
512,calm
513,calm
514,calm
515,rage
516,grumpy
517,grumpy
518,calm
519,mellow
520,empath
521,rage
522,calm
523,mellow
524,grumpy
525,calm
526,mellow
527,mellow
528,empath
529,grumpy
530,rage
531,grumpy
532,empath
533,rage
534,grumpy
535,grumpy
536,empath
537,mellow
538,grumpy
539,calm
540,calm
541,calm
542,grumpy
543,rage
544,grumpy
545,calm
546,empath
547,calm
548,grumpy
549,calm
550,grumpy
551,mellow
552,grumpy
553,rage
554,calm
555,rage
556,grumpy
557,grumpy
558,calm
559,grumpy
560,rage
561,grumpy
562,grumpy
563,rage
564,grumpy
565,grumpy
566,rage
567,calm
568,empath
569,mellow
570,mellow
571,calm
572,calm
573,rage
574,grumpy
575,rage
576,mellow
577,mellow
578,calm
579,grumpy
580,grumpy
581,rage
582,grumpy
583,calm
584,rage
585,rage
586,mellow
587,mellow
588,calm
589,mellow
590,empath
591,rage
592,empath
593,calm
594,mellow
595,calm
596,rage
597,grumpy
598,mellow
599,mellow
600,grumpy
601,rage
602,empath
603,mellow
604,empath
605,empath
606,rage
607,calm
608,calm
609,rage
610,mellow
611,grumpy
612,mellow
613,rage
614,calm
615,calm
616,empath
617,mellow
618,mellow
619,mellow
620,mellow
621,mellow
622,empath
623,calm
624,mellow
625,rage
626,rage
627,grumpy
628,mellow
629,grumpy
630,empath
631,grumpy
632,rage
633,empath
634,mellow
635,rage
636,grumpy
637,mellow
638,rage
639,grumpy
640,empath
641,calm
642,mellow
643,rage
644,mellow
645,empath
646,mellow
647,mellow
648,mellow
649,grumpy
650,grumpy
651,rage
652,grumpy
653,empath
654,rage
655,mellow
656,mellow
657,grumpy
658,mellow
659,grumpy
660,empath
661,rage
662,grumpy
663,rage
664,rage
665,mellow
666,grumpy
667,grumpy
668,grumpy
669,rage
670,mellow
671,grumpy
672,rage
673,calm
674,mellow
675,rage
676,grumpy
677,rage
678,calm
679,calm
680,rage
681,rage
682,mellow
683,grumpy
684,grumpy
685,calm
686,grumpy
687,mellow
688,mellow
689,empath
690,rage
691,mellow
692,grumpy
693,grumpy
694,rage
695,rage
696,grumpy
697,mellow
698,mellow
699,grumpy
700,mellow
701,empath
702,rage
703,mellow
704,rage
705,calm
706,calm
707,grumpy
708,mellow
709,rage
710,empath
711,rage
712,empath
713,grumpy
714,rage
715,empath
716,grumpy
717,calm
718,mellow
719,rage
720,rage
721,calm
722,rage
723,calm
724,rage
725,calm
726,mellow
727,empath
728,grumpy
729,rage
730,empath
731,mellow
732,calm
733,calm
734,calm
735,rage
736,mellow
737,rage
738,rage
739,rage
740,rage
741,empath
742,calm
743,mellow
744,grumpy
745,mellow
746,calm
747,mellow
748,grumpy
749,grumpy
750,calm
751,grumpy
752,calm
753,mellow
754,rage
755,rage
756,rage
757,mellow
758,rage
759,rage
760,rage
761,calm
762,mellow
763,rage
764,mellow
765,rage
766,grumpy
767,empath
768,calm
769,mellow
770,grumpy
771,mellow
772,rage
773,empath
774,mellow
775,rage
776,grumpy
777,grumpy
778,empath
779,calm
780,mellow
781,calm
782,mellow
783,grumpy
784,grumpy
785,empath
786,rage
787,mellow
788,empath
789,mellow
790,grumpy
791,grumpy
792,grumpy
793,empath
794,grumpy
795,calm
796,rage
797,mellow
798,rage
799,grumpy
800,mellow
801,calm
802,mellow
803,mellow
804,mellow
805,grumpy
806,mellow
807,calm
808,calm
809,mellow
810,grumpy
811,empath
812,grumpy
813,mellow
814,mellow
815,mellow
816,mellow
817,rage
818,rage
819,rage
820,rage
821,mellow
822,rage
823,calm
824,mellow
825,rage
826,grumpy
827,rage
828,rage
829,mellow
830,grumpy
831,grumpy
832,mellow
833,mellow
834,rage
835,mellow
836,grumpy
837,rage
838,rage
839,mellow
840,mellow
841,mellow
842,rage
843,rage
844,grumpy
845,calm
846,grumpy
847,grumpy
848,rage
849,empath
850,grumpy
851,empath
852,grumpy
853,mellow
854,rage
855,rage
856,grumpy
857,rage
858,mellow
859,grumpy
860,rage
861,rage
862,rage
863,grumpy
864,rage
865,rage
866,calm
867,mellow
868,rage
869,rage
870,grumpy
871,mellow
872,grumpy
873,rage
874,grumpy
875,empath
876,calm
877,grumpy
878,grumpy
879,mellow
880,rage
881,rage
882,calm
883,calm
884,rage
885,mellow
886,rage
887,empath
888,mellow
889,grumpy
890,rage
891,rage
892,empath
893,mellow
894,grumpy
895,grumpy
896,mellow
897,grumpy
898,calm
899,rage
900,empath
901,mellow
902,rage
903,calm
904,calm
905,rage
906,grumpy
907,mellow
908,calm
909,rage
910,empath
911,mellow
912,grumpy
913,grumpy
914,mellow
915,empath
916,mellow
917,calm
918,grumpy
919,mellow
920,empath
921,mellow
922,rage
923,grumpy
924,empath
925,grumpy
926,rage
927,empath
928,rage
929,empath
930,rage
931,calm
932,grumpy
933,rage
934,rage
935,calm
936,mellow
937,empath
938,grumpy
939,calm
940,rage
941,mellow
942,calm
943,rage
944,grumpy
945,mellow
946,mellow
947,calm
948,mellow
949,grumpy
950,grumpy
951,rage
952,grumpy
953,mellow
954,mellow
955,calm
956,empath
957,mellow
958,empath
959,calm
960,calm
961,rage
962,mellow
963,mellow
964,empath
965,calm
966,rage
967,empath
968,grumpy
969,rage
970,calm
971,rage
972,mellow
973,calm
974,rage
975,mellow
976,grumpy
977,empath
978,grumpy
979,empath
980,rage
981,mellow
982,mellow
983,grumpy
984,mellow
985,rage
986,rage
987,grumpy
988,calm
989,empath
990,rage
991,calm
992,rage
993,empath
994,grumpy
995,rage
996,grumpy
997,rage
998,mellow
999,empath
1001,rage
1002,mellow
1003,grumpy
1004,calm
1005,empath
1006,grumpy
1007,rage
1008,grumpy
1009,calm
1010,empath
1011,rage
1012,empath
1013,calm
1014,mellow
1015,mellow
1016,mellow
1017,empath
1018,grumpy
1019,grumpy
1020,empath
1021,rage
1022,mellow
1023,rage
1024,mellow
1025,empath
1026,mellow
1027,grumpy
1028,mellow
1029,calm
1030,calm
1031,mellow
1032,rage
1033,mellow
1034,grumpy
1035,grumpy
1036,mellow
1037,grumpy
1038,rage
1039,calm
1040,grumpy
1041,mellow
1042,rage
1043,empath
1044,grumpy
1045,rage
1046,rage
1047,grumpy
1048,calm
1049,empath
1050,rage
1051,empath
1052,calm
1053,grumpy
1054,rage
1055,rage
1056,rage
1057,grumpy
1058,mellow
1059,mellow
1060,mellow
1061,mellow
1062,rage
1063,rage
1064,grumpy
1065,mellow
1066,rage
1067,grumpy
1068,rage
1069,calm
1070,grumpy
1071,rage
1072,rage
1073,grumpy
1074,calm
1075,rage
1076,grumpy
1077,mellow
1078,rage
1079,rage
1080,grumpy
1081,rage
1082,mellow
1083,grumpy
1084,empath
1085,mellow
1086,grumpy
1087,rage
1088,grumpy
1089,calm
1090,mellow
1091,calm
1092,mellow
1093,mellow
1094,empath
1095,calm
1096,mellow
1097,grumpy
1098,mellow
1099,mellow
1100,empath
1101,rage
1102,grumpy
1103,rage
1104,calm
1105,grumpy
1106,rage
1107,empath
1108,empath
1109,mellow
1110,grumpy
1111,empath
1112,rage
1113,rage
1114,rage
1115,rage
1116,empath
1117,grumpy
1118,grumpy
1119,rage
1120,empath
1121,mellow
1122,mellow
1123,rage
1124,empath
1125,grumpy
1126,calm
1127,calm
1128,grumpy
1129,mellow
1130,empath
1131,mellow
1132,rage
1133,calm
1134,grumpy
1135,calm
1136,grumpy
1137,rage
1138,grumpy
1139,rage
1140,mellow
1141,grumpy
1142,rage
1143,rage
1144,rage
1145,calm
1146,calm
1147,mellow
1148,calm
1149,rage
1150,grumpy
1151,rage
1152,rage
1153,rage
1154,calm
1155,calm
1156,rage
1157,grumpy
1158,calm
1159,grumpy
1160,empath
1161,rage
1162,calm
1163,grumpy
1165,grumpy
1166,grumpy
1167,mellow
1168,empath
1169,rage
1170,calm
1171,grumpy
1172,rage
1173,calm
1174,mellow
1175,mellow
1176,rage
1177,mellow
1178,calm
1179,empath
1180,empath
1181,mellow
1182,calm
1183,grumpy
1184,calm
1185,mellow
1186,rage
1187,mellow
1188,grumpy
1189,calm
1190,empath
1191,empath
1192,calm
1193,calm
1194,mellow
1195,mellow
1196,rage
1197,grumpy
1198,grumpy
1199,grumpy
1200,grumpy
1201,mellow
1202,mellow
1203,rage
1204,rage
1205,grumpy
1206,calm
1207,mellow
1208,grumpy
1209,mellow
1211,empath
1212,empath
1213,mellow
1214,calm
1215,grumpy
1216,mellow
1217,mellow
1218,rage
1219,empath
1220,rage
1221,mellow
1222,grumpy
1223,calm
1224,rage
1225,mellow
1226,empath
1227,mellow
1228,empath
1229,calm
1230,calm
1231,rage
1232,rage
1233,grumpy
1234,rage
1235,rage
1236,grumpy
1237,empath
1238,grumpy
1239,grumpy
1240,calm
1241,empath
1242,mellow
1243,grumpy
1244,mellow
1245,grumpy
1246,calm
1247,grumpy
1248,calm
1249,empath
1250,calm
1251,grumpy
1252,grumpy
1253,rage
1254,mellow
1255,empath
1256,mellow
1257,calm
1258,mellow
1259,grumpy
1260,rage
1261,calm
1262,mellow
1263,calm
1264,calm
1265,rage
1266,empath
1267,rage
1268,mellow
1270,rage
1271,grumpy
1272,empath
1273,grumpy
1274,mellow
1275,mellow
1276,calm
1277,calm
1278,empath
1279,mellow
1280,calm
1281,grumpy
1282,mellow
1283,rage
1284,mellow
1285,grumpy
1286,calm
1287,grumpy
1288,calm
1289,calm
1290,grumpy
1291,empath
1292,grumpy
1293,rage
1294,calm
1295,empath
1296,rage
1297,calm
1298,grumpy
1299,rage
1300,empath
1301,calm
1302,grumpy
1303,calm
1304,rage
1305,empath
1306,calm
1307,calm
1308,mellow
1309,mellow
1310,empath
1311,rage
1312,empath
1313,grumpy
1314,rage
1315,calm
1316,rage
1317,mellow
1318,grumpy
1319,rage
1320,calm
1321,rage
1322,grumpy
1323,empath
1324,calm
1325,rage
1326,calm
1327,empath
1328,rage
1329,mellow
1330,calm
1331,empath
1332,empath
1334,grumpy
1335,rage
1336,grumpy
1337,empath
1338,rage
1339,mellow
1340,rage
1341,rage
1342,mellow
1343,calm
1344,grumpy
1345,grumpy
1346,mellow
1347,mellow
1348,empath
1349,calm
1350,mellow
1351,mellow
1352,rage
1353,empath
1354,rage
1355,calm
1356,rage
1357,calm
1358,rage
1359,rage
1360,rage
1361,calm
1362,calm
1363,calm
1364,empath
1365,rage
1366,calm
1367,rage
1368,empath
1369,rage
1370,calm
1371,rage
1372,calm
1373,rage
1374,rage
1375,mellow
1376,mellow
1377,empath
1378,grumpy
1379,rage
1380,rage
1381,mellow
1382,calm
1383,empath
1384,rage
1385,grumpy
1386,mellow
1387,empath
1388,rage
1389,empath
1390,empath
1391,calm
1392,rage
1393,mellow
1394,rage
1395,grumpy
1396,rage
1397,mellow
1398,grumpy
1399,empath
1400,calm
1401,mellow
1402,mellow
1403,grumpy
1404,rage
1405,calm
1406,calm
1407,grumpy
1408,mellow
1409,calm
1410,grumpy
1411,rage
1412,grumpy
1413,grumpy
1414,mellow
1415,rage
1416,mellow
1417,calm
1418,calm
1419,rage
1420,empath
1421,rage
1422,grumpy
1423,mellow
1424,calm
1425,rage
1426,empath
1427,rage
1428,mellow
1429,empath
1430,mellow
1431,calm
1432,calm
1433,mellow
1434,mellow
1435,empath
1436,rage
1437,grumpy
1438,rage
1439,rage
1440,calm
1441,empath
1442,grumpy
1443,grumpy
1444,rage
1445,rage
1446,rage
1447,rage
1448,calm
1449,rage
1450,mellow
1451,grumpy
1452,rage
1453,rage
1454,calm
1455,rage
1456,grumpy
1457,rage
1458,empath
1459,rage
1460,calm
1461,grumpy
1462,grumpy
1463,rage
1464,empath
1465,rage
1466,grumpy
1467,grumpy
1468,mellow
1469,grumpy
1470,rage
1471,mellow
1472,mellow
1473,mellow
1474,mellow
1475,rage
1476,empath
1477,rage
1478,rage
1479,grumpy
1480,mellow
1481,rage
1482,rage
1483,mellow
1484,rage
1485,calm
1486,rage
1487,grumpy
1488,grumpy
1489,mellow
1490,mellow
1491,mellow
1492,grumpy
1493,grumpy
1494,grumpy
1495,rage
1496,rage
1497,grumpy
1498,calm
1499,rage
1500,rage
1501,empath
1502,rage
1503,rage
1504,rage
1505,rage
1506,rage
1507,calm
1508,grumpy
1509,calm
1510,rage
1511,rage
1512,rage
1513,rage
1514,calm
1515,grumpy
1516,grumpy
1517,empath
1518,rage
1519,mellow
1520,empath
1521,mellow
1522,calm
1523,calm
1524,empath
1525,grumpy
1526,calm
1527,empath
1528,calm
1529,calm
1530,calm
1531,grumpy
1532,mellow
1533,mellow
1534,mellow
1535,rage
1536,mellow
1537,grumpy
1538,mellow
1539,grumpy
1540,rage
1541,mellow
1542,empath
1543,mellow
1544,grumpy
1545,calm
1546,grumpy
1547,grumpy
1548,rage
1549,rage
1550,grumpy
1551,mellow
1552,rage
1553,rage
1554,rage
1555,calm
1556,calm
1557,mellow
1558,mellow
1559,grumpy
1560,mellow
1561,grumpy
1562,rage
1563,mellow
1564,mellow
1565,grumpy
1566,calm
1567,grumpy
1568,calm
1569,grumpy
1570,empath
1571,rage
1572,mellow
1573,rage
1574,grumpy
1575,rage
1576,grumpy
1577,mellow
1578,empath
1579,rage
1580,mellow
1581,calm
1582,empath
1583,rage
1584,grumpy
1585,rage
1586,calm
1587,rage
1588,mellow
1589,empath
1590,rage
1591,mellow
1592,grumpy
1593,empath
1594,calm
1595,calm
1596,empath
1597,grumpy
1598,mellow
1599,rage
1600,calm
1601,grumpy
1602,grumpy
1603,calm
1604,calm
1605,mellow
1606,rage
1607,grumpy
1608,rage
1609,grumpy
1610,mellow
1611,grumpy
1612,calm
1613,empath
1614,empath
1615,empath
1616,grumpy
1617,grumpy
1618,grumpy
1619,grumpy
1620,mellow
1621,grumpy
1622,empath
1623,empath
1624,grumpy
1625,grumpy
1626,rage
1627,rage
1628,calm
1629,empath
1630,empath
1631,rage
1632,grumpy
1633,calm
1634,rage
1635,mellow
1636,grumpy
1637,mellow
1638,empath
1639,empath
1640,calm
1641,rage
1642,empath
1643,empath
1644,rage
1645,grumpy
1646,rage
1647,empath
1648,empath
1649,rage
1650,grumpy
1651,grumpy
1652,rage
1653,empath
1654,mellow
1655,grumpy
1656,calm
1657,empath
1658,grumpy
1659,rage
1660,grumpy
1661,grumpy
1662,rage
1663,rage
1664,empath
1665,grumpy
1666,rage
1667,grumpy
1668,mellow
1669,empath
1670,grumpy
1671,calm
1672,mellow
1673,rage
1674,calm
1675,empath
1676,calm
1677,empath
1678,empath
1679,rage
1680,grumpy
1681,mellow
1682,rage
1683,empath
1684,calm
1685,calm
1686,mellow
1687,calm
1688,grumpy
1689,rage
1690,grumpy
1691,grumpy
1692,empath
1693,mellow
1694,empath
1695,grumpy
1696,mellow
1697,empath
1698,grumpy
1699,mellow
1700,mellow
1701,empath
1702,mellow
1703,mellow
1704,mellow
1705,rage
1706,grumpy
1707,empath
1708,rage
1709,empath
1710,empath
1711,grumpy
1712,rage
1713,rage
1714,rage
1715,mellow
1716,empath
1717,rage
1718,rage
1719,rage
1720,grumpy
1721,grumpy
1722,rage
1723,rage
1724,mellow
1725,rage
1726,grumpy
1727,grumpy
1728,rage
1729,calm
1730,rage
1731,grumpy
1732,calm
1733,empath
1734,rage
1735,grumpy
1736,grumpy
1737,empath
1738,mellow
1739,grumpy
1740,mellow
1741,mellow
1742,empath
1743,grumpy
1744,mellow
1745,grumpy
1746,grumpy
1747,mellow
1748,grumpy
1749,grumpy
1750,calm
1751,rage
1752,grumpy
1753,grumpy
1754,rage
1755,rage
1756,mellow
1757,rage
1758,mellow
1759,mellow
1760,empath
1761,calm
1762,empath
1763,calm
1764,empath
1765,empath
1766,mellow
1767,rage
1768,grumpy
1769,rage
1770,empath
1771,mellow
1772,grumpy
1773,empath
1774,calm
1775,calm
1776,grumpy
1777,grumpy
1778,empath
1779,rage
1780,calm
1781,calm
1782,mellow
1783,grumpy
1784,rage
1785,empath
1786,mellow
1787,calm
1788,rage
1789,mellow
1790,calm
1791,rage
1792,rage
1793,empath
1794,mellow
1795,empath
1796,calm
1797,rage
1799,mellow
1800,empath
1801,rage
1802,calm
1803,grumpy
1804,empath
1805,calm
1806,calm
1807,grumpy
1808,rage
1809,empath
1810,grumpy
1811,calm
1812,empath
1813,calm
1814,mellow
1815,rage
1816,empath
1817,mellow
1818,rage
1819,grumpy
1820,grumpy
1821,empath
1822,empath
1823,grumpy
1824,empath
1825,empath
1826,rage
1827,grumpy
1828,calm
1829,grumpy
1830,mellow
1831,mellow
1832,grumpy
1833,rage
1834,rage
1835,mellow
1836,rage
1837,empath
1838,mellow
1839,mellow
1840,mellow
1841,grumpy
1842,mellow
1843,rage
1844,calm
1845,empath
1846,calm
1847,empath
1848,rage
1849,rage
1850,grumpy
1851,mellow
1852,rage
1853,empath
1854,calm
1855,rage
1856,calm
1857,grumpy
1858,mellow
1859,empath
1860,rage
1861,calm
1862,calm
1863,calm
1864,grumpy
1865,rage
1866,rage
1867,empath
1868,rage
1869,rage
1870,empath
1871,mellow
1872,grumpy
1873,empath
1874,mellow
1875,mellow
1876,rage
1877,empath
1878,calm
1879,empath
1880,rage
1881,rage
1882,empath
1883,empath
1884,empath
1885,rage
1886,empath
1887,grumpy
1888,grumpy
1889,empath
1890,empath
1891,calm
1892,mellow
1893,rage
1894,empath
1895,mellow
1896,empath
1897,empath
1898,mellow
1899,grumpy
1900,mellow
1901,mellow
1902,rage
1903,empath
1904,empath
1905,rage
1906,rage
1907,grumpy
1908,calm
1909,grumpy
1910,empath
1911,calm
1912,rage
1913,rage
1914,rage
1915,rage
1916,grumpy
1917,rage
1918,mellow
1919,grumpy
1920,calm
1921,grumpy
1922,empath
1923,calm
1924,grumpy
1925,rage
1926,empath
1927,mellow
1928,rage
1929,rage
1930,calm
1931,rage
1932,calm
1933,grumpy
1934,calm
1935,calm
1936,rage
1937,mellow
1938,rage
1939,grumpy
1940,grumpy
1941,mellow
1942,calm
1943,empath
1944,rage
1945,grumpy
1946,rage
1947,rage
1948,grumpy
1949,mellow
1950,empath
1951,rage
1952,grumpy
1953,grumpy
1954,empath
1955,mellow
1956,rage
1957,grumpy
1958,empath
1959,rage
1960,rage
1961,mellow
1962,mellow
1963,empath
1964,empath
1965,mellow
1966,calm
1967,grumpy
1968,calm
1969,mellow
1970,mellow
1971,empath
1972,rage
1973,grumpy
1974,empath
1975,empath
1976,mellow
1977,rage
1978,grumpy
1979,calm
1980,mellow
1981,mellow
1982,mellow
1983,rage
1984,calm
1985,calm
1986,mellow
1987,calm
1988,grumpy
1989,grumpy
1990,rage
1991,empath
1992,empath
1993,grumpy
1994,grumpy
1995,grumpy
1996,empath
1997,rage
1998,mellow
1999,calm
2000,rage
2001,rage
2002,mellow
2003,rage
2004,calm
2005,empath
2006,rage
2007,mellow
2008,grumpy
2009,grumpy
2010,grumpy
2011,mellow
2012,grumpy
2013,grumpy
2014,empath
2015,rage
2016,empath
2017,grumpy
2018,empath
2019,empath
2020,mellow
2021,mellow
2022,mellow
2023,mellow
2024,mellow
2025,calm
2026,mellow
2027,grumpy
2028,calm
2029,empath
2030,rage
2031,grumpy
2032,mellow
2033,empath
2034,empath
2035,rage
2036,empath
2037,mellow
2038,mellow
2039,mellow
2040,mellow
2041,rage
2042,mellow
2043,mellow
2044,grumpy
2045,calm
2046,empath
2047,mellow
2048,rage
2049,calm
2050,empath
2051,calm
2052,mellow
2053,mellow
2054,grumpy
2055,rage
2056,calm
2057,mellow
2058,rage
2059,grumpy
2060,grumpy
2061,calm
2062,grumpy
2063,calm
2064,empath
2065,rage
2066,calm
2067,grumpy
2068,calm
2069,calm
2070,empath
2071,rage
2072,grumpy
2073,rage
2074,rage
2075,mellow
2076,grumpy
2077,rage
2078,mellow
2079,mellow
2080,rage
2081,empath
2082,mellow
2083,rage
2084,empath
2085,mellow
2086,rage
2087,mellow
2088,rage
2089,calm
2090,mellow
2091,mellow
2092,calm
2093,mellow
2094,calm
2095,grumpy
2096,empath
2097,mellow
2098,rage
2099,calm
2100,rage
2101,grumpy
2102,grumpy
2103,empath
2104,grumpy
2105,empath
2106,rage
2107,grumpy
2108,grumpy
2109,mellow
2110,empath
2111,mellow
2112,rage
2113,calm
2114,rage
2115,calm
2116,grumpy
2117,empath
2118,grumpy
2119,calm
2120,rage
2121,rage
2122,mellow
2123,mellow
2124,grumpy
2125,grumpy
2126,calm
2127,calm
2128,mellow
2129,grumpy
2130,calm
2131,grumpy
2132,calm
2133,mellow
2134,mellow
2135,grumpy
2136,grumpy
2137,mellow
2138,empath
2139,calm
2140,empath
2141,calm
2142,rage
2143,mellow
2144,empath
2145,mellow
2146,calm
2147,mellow
2148,empath
2149,calm
2150,grumpy
2151,calm
2152,grumpy
2153,mellow
2154,calm
2155,rage
2156,mellow
2157,grumpy
2158,empath
2159,grumpy
2160,grumpy
2161,calm
2162,mellow
2163,rage
2164,grumpy
2165,mellow
2166,mellow
2167,grumpy
2168,empath
2169,rage
2170,calm
2171,calm
2172,mellow
2173,grumpy
2174,grumpy
2175,grumpy
2176,grumpy
2177,grumpy
2178,calm
2179,mellow
2180,grumpy
2181,rage
2182,mellow
2183,rage
2184,empath
2185,rage
2186,empath
2187,rage
2188,calm
2189,grumpy
2190,empath
2191,calm
2192,mellow
2193,grumpy
2194,grumpy
2195,calm
2196,mellow
2197,rage
2198,grumpy
2199,rage
2200,mellow
2201,empath
2202,rage
2203,mellow
2204,calm
2205,mellow
2206,calm
2207,calm
2208,mellow
2209,grumpy
2210,mellow
2211,rage
2212,empath
2213,grumpy
2214,empath
2215,grumpy
2216,mellow
2217,mellow
2218,empath
2219,mellow
2220,calm
2221,calm
2222,grumpy
2223,grumpy
2224,calm
2225,calm
2226,empath
2227,empath
2228,mellow
2229,grumpy
2230,calm
2231,calm
2232,rage
2233,calm
2234,calm
2235,calm
2236,rage
2237,grumpy
2238,rage
2239,grumpy
2240,rage
2241,rage
2242,empath
2243,empath
2244,grumpy
2245,calm
2246,grumpy
2247,grumpy
2248,calm
2249,grumpy
2250,mellow
2251,empath
2252,grumpy
2253,grumpy
2254,grumpy
2255,calm
2256,calm
2257,empath
2258,grumpy
2259,empath
2260,mellow
2261,calm
2262,grumpy
2263,empath
2264,empath
2265,empath
2266,empath
2267,empath
2268,empath
2269,rage
2270,rage
2271,calm
2272,rage
2273,mellow
2274,empath
2275,mellow
2276,grumpy
2277,mellow
2278,calm
2279,empath
2280,rage
2281,empath
2282,empath
2283,empath
2284,rage
2285,grumpy
2286,rage
2287,grumpy
2288,empath
2289,grumpy
2290,mellow
2291,calm
2292,empath
2293,rage
2294,calm
2295,mellow
2296,grumpy
2297,empath
2298,calm
2299,empath
2300,calm
2301,mellow
2302,rage
2303,grumpy
2304,rage
2305,mellow
2306,calm
2307,empath
2308,mellow
2309,rage
2310,calm
2311,calm
2312,mellow
2313,grumpy
2314,grumpy
2315,rage
2316,mellow
2317,grumpy
2318,rage
2319,rage
2320,empath
2321,calm
2322,empath
2323,grumpy
2324,rage
2325,grumpy
2326,empath
2327,empath
2328,grumpy
2329,calm
2330,rage
2331,empath
2332,grumpy
2333,grumpy
2334,grumpy
2335,rage
2336,calm
2337,empath
2338,mellow
2339,grumpy
2340,empath
2341,calm
2342,rage
2343,empath
2344,calm
2345,rage
2346,mellow
2347,grumpy
2348,calm
2349,empath
2350,grumpy
2351,grumpy
2352,empath
2353,rage
2354,empath
2355,empath
2356,grumpy
2357,mellow
2358,calm
2359,calm
2360,rage
2361,empath
2362,mellow
2363,calm
2364,calm
2365,grumpy
2366,calm
2367,empath
2368,empath
2369,empath
2370,calm
2371,rage
2372,rage
2373,empath
2374,calm
2375,empath
2376,mellow
2377,mellow
2378,calm
2379,mellow
2380,empath
2381,empath
2382,rage
2383,rage
2384,empath
2385,grumpy
2386,mellow
2387,empath
2388,mellow
2389,rage
2390,rage
2391,rage
2392,calm
2393,rage
2394,grumpy
2395,rage
2396,grumpy
2397,grumpy
2398,calm
2399,empath
2401,calm
2402,calm
2403,mellow
2404,empath
2405,rage
2406,calm
2407,empath
2408,empath
2409,empath
2410,grumpy
2411,mellow
2412,empath
2413,rage
2414,mellow
2415,rage
2416,grumpy
2417,grumpy
2418,mellow
2419,grumpy
2420,rage
2421,empath
2422,grumpy
2423,empath
2424,rage
2425,calm
2426,empath
2427,calm
2428,empath
2429,rage
2430,calm
2431,rage
2432,empath
2433,empath
2434,rage
2435,rage
2436,mellow
2437,calm
2438,empath
2439,mellow
2440,empath
2441,rage
2442,mellow
2447,calm
2448,grumpy
2449,grumpy
2450,calm
2451,mellow
2452,empath
2453,calm
2455,mellow
2458,rage
2459,empath
2460,calm
2462,grumpy
2464,calm
2465,grumpy
2466,rage
2467,empath
2469,calm
2470,calm
2471,empath
2472,grumpy
2473,empath
2474,empath
2475,rage
2478,grumpy
2479,empath
2480,rage
2481,calm
2482,empath
2483,empath
2486,empath
2487,rage
2490,grumpy
2491,empath
2492,grumpy
2493,grumpy
2494,mellow
2495,mellow
2496,rage
2498,calm
2499,empath
2501,grumpy
2502,mellow
2503,grumpy
2504,grumpy
2505,rage
2506,rage
2507,empath
2508,mellow
2509,empath
2510,empath
2511,empath
2512,mellow
2514,empath
2517,mellow
2518,calm
2519,calm
2520,mellow
2524,rage
2525,calm
2526,calm
2527,mellow
2529,mellow
2530,empath
2531,calm
2533,rage
2534,empath
2537,calm
2538,grumpy
2539,calm
2540,rage
2541,grumpy
2542,calm
2543,grumpy
2544,mellow
2545,mellow
2546,mellow
2547,empath
2548,mellow
2550,grumpy
2552,grumpy
2553,empath
2554,grumpy
2555,empath
2556,mellow
2557,grumpy
2558,rage
2559,calm
2561,grumpy
2562,grumpy
2566,grumpy
2567,empath
2568,mellow
2569,grumpy
2574,empath
2575,calm
2576,calm
2577,rage
2578,grumpy
2579,mellow
2580,grumpy
2581,calm
2582,rage
2583,grumpy
2584,calm
2585,empath
2586,mellow
2587,grumpy
2589,mellow
2590,empath
2591,calm
2592,mellow
2593,rage
2595,calm
2596,grumpy
2597,grumpy
2601,empath
2602,grumpy
2604,grumpy
2605,rage
2606,calm
2607,grumpy
2608,mellow
2611,mellow
2612,grumpy
2613,mellow
2615,empath
2616,grumpy
2617,mellow
2618,calm
2619,empath
2620,mellow
2621,empath
2623,calm
2624,mellow
2625,empath
2626,calm
2630,rage
2631,mellow
2634,mellow
2635,grumpy
2636,grumpy
2637,empath
2638,mellow
2640,empath
2642,empath
2643,empath
2644,grumpy
2645,rage
2646,rage
2648,grumpy
2650,empath
2651,rage
2652,rage
2653,calm
2654,empath
2655,rage
2656,grumpy
2657,calm
2658,grumpy
2659,mellow
2660,empath
2663,mellow
2664,grumpy
2666,empath
2667,rage
2668,mellow
2669,rage
2670,rage
2671,mellow
2672,rage
2674,rage
2675,calm
2676,empath
2677,grumpy
2678,rage
2679,rage
2680,calm
2682,mellow
2683,empath
2684,mellow
2685,grumpy
2686,calm
2687,mellow
2688,grumpy
2690,mellow
2691,rage
2692,empath
2693,empath
2694,empath
2696,grumpy
2698,rage
2699,grumpy
2700,calm
2701,calm
2702,calm
2703,calm
2705,rage
2706,calm
2707,empath
2709,empath
2710,calm
2712,mellow
2713,rage
2714,mellow
2715,empath
2716,empath
2717,mellow
2718,grumpy
2719,grumpy
2720,empath
2722,mellow
2723,calm
2724,empath
2727,empath
2728,empath
2729,mellow
2730,empath
2731,mellow
2732,grumpy
2733,mellow
2734,mellow
2735,mellow
2736,grumpy
2737,grumpy
2738,rage
2739,grumpy
2740,grumpy
2741,calm
2742,grumpy
2743,empath
2744,grumpy
2745,rage
2746,mellow
2747,rage
2748,calm
2750,grumpy
2751,mellow
2752,empath
2753,grumpy
2755,calm
2756,mellow
2757,empath
2759,rage
2760,grumpy
2761,grumpy
2763,grumpy
2766,empath
2769,rage
2770,grumpy
2772,calm
2773,rage
2774,mellow
2776,rage
2777,mellow
2778,empath
2780,mellow
2781,rage
2782,calm
2783,calm
2784,mellow
2785,grumpy
2786,rage
2789,empath
2790,empath
2791,mellow
2792,mellow
2793,rage
2796,grumpy
2797,empath
2798,mellow
2800,rage
2802,grumpy
2804,grumpy
2805,empath
2806,rage
2808,mellow
2810,rage
2811,grumpy
2812,calm
2813,grumpy
2814,grumpy
2815,rage
2818,calm
2819,calm
2820,rage
2822,mellow
2823,mellow
2824,rage
2826,grumpy
2827,grumpy
2828,grumpy
2829,calm
2830,rage
2831,calm
2832,empath
2833,mellow
2835,calm
2836,rage
2837,calm
2838,empath
2840,calm
2841,calm
2842,mellow
2843,calm
2845,empath
2846,calm
2847,mellow
2848,empath
2849,rage
2850,grumpy
2851,calm
2852,grumpy
2855,rage
2856,grumpy
2857,rage
2858,empath
2859,grumpy
2863,mellow
2864,calm
2865,calm
2866,empath
2867,mellow
2868,calm
2872,mellow
2873,empath
2874,mellow
2875,mellow
2879,calm
2880,mellow
2881,mellow
2882,grumpy
2883,rage
2884,mellow
2885,grumpy
2886,rage
2887,grumpy
2889,mellow
2890,grumpy
2891,rage
2892,empath
2894,rage
2895,mellow
2896,empath
2897,mellow
2899,calm
2902,grumpy
2903,grumpy
2904,calm
2905,rage
2906,mellow
2907,empath
2908,mellow
2909,empath
2911,grumpy
2912,empath
2913,empath
2914,rage
2915,calm
2917,empath
2918,grumpy
2919,rage
2920,grumpy
2921,mellow
2922,grumpy
2923,empath
2924,empath
2925,empath
2926,rage
2927,grumpy
2928,rage
2931,mellow
2932,rage
2933,mellow
2934,empath
2935,grumpy
2936,calm
2937,empath
2938,grumpy
2939,empath
2942,empath
2943,rage
2944,rage
2945,calm
2947,rage
2948,calm
2949,calm
2950,mellow
2951,mellow
2953,calm
2954,grumpy
2957,grumpy
2958,rage
2959,empath
2960,rage
2961,mellow
2963,calm
2964,calm
2965,rage
2967,calm
2971,calm
2973,empath
2974,grumpy
2975,mellow
2976,mellow
2977,grumpy
2979,grumpy
2980,rage
2981,mellow
2982,mellow
2983,calm
2984,grumpy
2985,rage
2986,mellow
2987,grumpy
2988,grumpy
2989,grumpy
2991,grumpy
2993,mellow
2994,calm
2995,rage
2996,empath
2998,calm
2999,empath
3000,mellow
3002,rage
3003,calm
3005,calm
3007,mellow
3008,mellow
3010,grumpy
3011,mellow
3012,grumpy
3013,grumpy
3014,mellow
3017,calm
3018,rage
3019,mellow
3020,mellow
3021,empath
3022,mellow
3025,calm
3027,grumpy
3028,empath
3030,grumpy
3031,calm
3032,grumpy
3033,calm
3034,mellow
3035,empath
3036,mellow
3037,grumpy
3038,empath
3040,empath
3041,calm
3044,empath
3045,mellow
3046,empath
3048,mellow
3049,calm
3050,rage
3051,rage
3052,mellow
3053,grumpy
3054,mellow
3056,calm
3057,mellow
3058,empath
3059,mellow
3060,calm
3061,empath
3063,empath
3064,rage
3065,calm
3066,calm
3067,empath
3068,calm
3069,calm
3070,mellow
3072,calm
3073,rage
3074,mellow
3075,mellow
3076,grumpy
3077,calm
3080,rage
3081,empath
3083,mellow
3084,calm
3085,empath
3086,rage
3087,empath
3088,empath
3089,rage
3090,grumpy
3091,mellow
3092,mellow
3093,grumpy
3097,grumpy
3100,grumpy
3104,mellow
3106,empath
3107,grumpy
3108,rage
3109,empath
3110,rage
3113,mellow
3116,mellow
3117,grumpy
3118,grumpy
3120,empath
3121,grumpy
3122,empath
3124,mellow
3125,grumpy
3126,mellow
3127,empath
3128,calm
3129,grumpy
3131,empath
3132,calm
3133,grumpy
3135,grumpy
3136,calm
3137,empath
3138,empath
3139,rage
3140,grumpy
3141,empath
3143,empath
3145,grumpy
3147,rage
3148,mellow
3149,grumpy
3150,calm
3153,rage
3154,rage
3155,mellow
3157,rage
3158,empath
3160,empath
3161,grumpy
3163,empath
3165,rage
3166,rage
3167,empath
3168,calm
3171,mellow
3172,rage
3173,empath
3174,rage
3175,empath
3178,calm
3179,rage
3180,mellow
3181,calm
3183,rage
3187,grumpy
3188,empath
3189,empath
3190,mellow
3191,mellow
3192,calm
3193,calm
3194,calm
3195,calm
3196,rage
3197,empath
3198,calm
3201,empath
3202,rage
3203,mellow
3204,mellow
3205,rage
3206,calm
3208,calm
3209,rage
3210,grumpy
3211,empath
3212,grumpy
3214,rage
3215,mellow
3216,grumpy
3217,calm
3218,calm
3219,calm
3220,grumpy
3221,mellow
3222,rage
3223,grumpy
3224,empath
3225,empath
3226,mellow
3227,grumpy
3228,mellow
3229,rage
3230,grumpy
3231,calm
3232,empath
3233,empath
3237,mellow
3238,grumpy
3239,mellow
3240,rage
3242,calm
3243,grumpy
3244,calm
3245,mellow
3246,calm
3247,calm
3248,rage
3249,rage
3250,rage
3253,empath
3254,calm
3255,mellow
3258,calm
3259,grumpy
3260,rage
3261,rage
3262,calm
3263,mellow
3265,calm
3267,empath
3269,mellow
3270,calm
3271,calm
3273,calm
3275,rage
3277,mellow
3278,grumpy
3279,mellow
3280,grumpy
3281,calm
3283,grumpy
3284,grumpy
3287,empath
3288,grumpy
3289,calm
3291,rage
3292,rage
3297,calm
3298,rage
3299,grumpy
3300,empath
3302,grumpy
3303,mellow
3304,calm
3307,empath
3308,rage
3309,rage
3310,calm
3311,empath
3312,grumpy
3313,rage
3316,calm
3317,rage
3320,rage
3321,grumpy
3322,empath
3325,grumpy
3326,grumpy
3327,grumpy
3328,mellow
3330,calm
3332,mellow
3333,empath
3334,grumpy
3335,calm
3336,grumpy
3337,empath
3339,grumpy
3340,rage
3341,rage
3342,grumpy
3345,empath
3347,empath
3348,grumpy
3351,grumpy
3353,grumpy
3354,calm
3356,grumpy
3358,empath
3359,empath
3360,grumpy
3361,mellow
3363,calm
3364,calm
3365,grumpy
3366,calm
3367,calm
3369,empath
3370,grumpy
3372,rage
3373,grumpy
3374,calm
3375,grumpy
3376,mellow
3378,rage
3379,empath
3380,empath
3381,rage
3382,mellow
3383,empath
3384,rage
3386,mellow
3387,mellow
3388,mellow
3389,empath
3390,mellow
3392,grumpy
3393,grumpy
3394,mellow
3395,grumpy
3396,mellow
3397,grumpy
3398,calm
3399,calm
3400,grumpy
3401,grumpy
3402,mellow
3403,empath
3405,calm
3406,calm
3407,calm
3409,empath
3414,mellow
3416,mellow
3417,empath
3418,grumpy
3420,empath
3421,calm
3422,grumpy
3423,calm
3425,grumpy
3429,mellow
3430,calm
3431,mellow
3432,rage
3433,empath
3434,rage
3437,calm
3439,grumpy
3440,empath
3443,mellow
3444,empath
3445,empath
3447,mellow
3448,grumpy
3451,empath
3452,rage
3453,calm
3454,rage
3456,mellow
3459,calm
3460,grumpy
3461,calm
3464,empath
3466,empath
3467,grumpy
3468,empath
3469,empath
3470,calm
3471,calm
3473,grumpy
3474,calm
3475,grumpy
3477,grumpy
3478,rage
3479,empath
3481,calm
3482,empath
3483,grumpy
3484,empath
3485,mellow
3486,rage
3487,calm
3489,empath
3490,mellow
3491,empath
3492,calm
3493,empath
3495,mellow
3496,mellow
3497,empath
3498,empath
3500,rage
3502,empath
3503,grumpy
3504,empath
3505,grumpy
3506,calm
3508,rage
3509,grumpy
3510,empath
3511,calm
3513,rage
3514,mellow
3515,calm
3516,grumpy
3517,calm
3518,rage
3519,calm
3520,rage
3521,calm
3523,mellow
3524,mellow
3525,mellow
3526,empath
3527,empath
3528,empath
3529,rage
3530,empath
3531,mellow
3532,mellow
3533,calm
3535,mellow
3536,grumpy
3537,empath
3538,grumpy
3541,mellow
3543,grumpy
3544,grumpy
3547,mellow
3548,mellow
3552,empath
3554,mellow
3555,mellow
3556,rage
3557,mellow
3563,empath
3564,empath
3566,rage
3568,empath
3569,grumpy
3571,mellow
3572,grumpy
3574,empath
3575,calm
3576,grumpy
3578,grumpy
3579,rage
3580,calm
3581,grumpy
3582,grumpy
3583,empath
3585,calm
3589,grumpy
3590,mellow
3591,calm
3592,mellow
3594,calm
3595,mellow
3596,empath
3597,empath
3598,calm
3599,grumpy
3600,mellow
3601,calm
3603,calm
3604,calm
3606,rage
3608,mellow
3609,grumpy
3611,rage
3612,calm
3613,mellow
3614,grumpy
3616,rage
3617,calm
3618,mellow
3619,mellow
3621,empath
3623,mellow
3624,empath
3626,rage
3628,calm
3630,mellow
3631,mellow
3633,grumpy
3634,empath
3636,empath
3637,calm
3638,mellow
3639,mellow
3641,empath
3642,grumpy
3643,grumpy
3644,empath
3647,empath
3649,grumpy
3650,mellow
3651,mellow
3653,empath
3654,grumpy
3657,mellow
3658,mellow
3659,empath
3660,calm
3661,empath
3662,calm
3663,mellow
3665,calm
3666,calm
3667,mellow
3668,grumpy
3670,empath
3672,grumpy
3673,grumpy
3674,empath
3675,grumpy
3676,mellow
3677,empath
3679,grumpy
3681,mellow
3683,rage
3684,empath
3685,calm
3686,calm
3687,grumpy
3688,grumpy
3689,calm
3690,empath
3691,grumpy
3692,empath
3694,empath
3695,mellow
3696,empath
3697,grumpy
3698,mellow
3699,empath
3700,empath
3702,rage
3703,empath
3704,empath
3705,rage
3706,empath
3708,mellow
3709,rage
3710,rage
3714,grumpy
3715,grumpy
3719,grumpy
3720,grumpy
3722,grumpy
3723,rage
3724,rage
3726,mellow
3728,grumpy
3729,grumpy
3730,rage
3731,mellow
3733,empath
3734,rage
3735,calm
3736,mellow
3737,grumpy
3738,calm
3740,rage
3741,grumpy
3744,empath
3745,grumpy
3746,rage
3747,empath
3751,empath
3752,grumpy
3753,empath
3754,grumpy
3755,mellow
3756,empath
3758,empath
3759,rage
3760,calm
3761,rage
3763,rage
3764,mellow
3765,calm
3767,calm
3770,calm
3771,calm
3772,empath
3773,empath
3774,empath
3776,grumpy
3777,rage
3778,empath
3779,grumpy
3780,rage
3784,calm
3785,rage
3786,rage
3788,grumpy
3790,rage
3791,rage
3792,calm
3793,empath
3794,mellow
3795,calm
3796,calm
3798,empath
3799,mellow
3800,empath
3801,grumpy
3802,rage
3803,grumpy
3805,rage
3806,rage
3808,empath
3809,mellow
3810,mellow
3811,calm
3813,empath
3814,empath
3815,grumpy
3817,mellow
3818,calm
3820,grumpy
3821,empath
3822,grumpy
3824,mellow
3828,rage
3829,mellow
3830,mellow
3831,calm
3832,grumpy
3833,rage
3835,empath
3837,rage
3838,grumpy
3839,rage
3840,empath
3841,empath
3843,rage
3844,rage
3845,rage
3846,empath
3848,calm
3849,rage
3850,mellow
3851,grumpy
3853,empath
3855,mellow
3856,mellow
3857,mellow
3858,rage
3859,rage
3861,calm
3864,calm
3866,rage
3867,calm
3868,mellow
3869,mellow
3871,empath
3872,calm
3873,mellow
3874,empath
3875,calm
3876,calm
3877,mellow
3878,empath
3880,rage
3881,rage
3884,rage
3886,grumpy
3887,mellow
3889,empath
3890,mellow
3891,mellow
3892,calm
3893,grumpy
3895,empath
3897,calm
3899,rage
3900,empath
3901,rage
3902,empath
3903,empath
3904,rage
3905,empath
3906,grumpy
3909,calm
3912,rage
3913,grumpy
3914,rage
3916,empath
3917,rage
3918,calm
3919,grumpy
3920,empath
3924,mellow
3925,mellow
3926,mellow
3927,rage
3928,grumpy
3930,rage
3931,calm
3932,grumpy
3934,grumpy
3935,calm
3937,empath
3938,rage
3939,empath
3940,rage
3942,rage
3944,grumpy
3946,empath
3947,calm
3948,rage
3949,calm
3950,empath
3951,mellow
3953,mellow
3956,empath
3957,calm
3958,mellow
3959,empath
3960,mellow
3962,grumpy
3964,empath
3965,mellow
3966,calm
3969,grumpy
3971,mellow
3972,grumpy
3974,mellow
3975,grumpy
3976,empath
3978,rage
3979,mellow
3980,mellow
3981,empath
3982,grumpy
3984,empath
3985,empath
3986,empath
3987,calm
3988,rage
3989,mellow
3990,empath
3991,empath
3993,calm
3994,mellow
3995,empath
3996,grumpy
3997,mellow
3998,empath
3999,calm
4001,calm
4002,empath
4003,mellow
4005,rage
4007,calm
4008,mellow
4009,grumpy
4010,calm
4011,calm
4012,mellow
4013,mellow
4014,empath
4015,mellow
4018,calm
4021,calm
4023,grumpy
4024,mellow
4025,calm
4026,grumpy
4027,grumpy
4029,grumpy
4030,calm
4031,rage
4034,empath
4035,calm
4036,calm
4037,calm
4038,rage
4039,empath
4040,grumpy
4041,mellow
4042,empath
4045,empath
4046,empath
4048,rage
4049,calm
4050,empath
4052,rage
4054,empath
4055,empath
4056,calm
4057,mellow
4058,grumpy
4059,grumpy
4060,mellow
4061,mellow
4063,calm
4064,mellow
4066,grumpy
4067,empath
4068,empath
4069,grumpy
4070,rage
4071,grumpy
4073,mellow
4078,mellow
4080,rage
4082,rage
4083,grumpy
4085,grumpy
4086,calm
4088,empath
4089,rage
4090,mellow
4093,empath
4094,empath
4095,mellow
4096,calm
4097,mellow
4101,grumpy
4102,calm
4104,mellow
4107,mellow
4108,calm
4109,calm
4111,grumpy
4114,mellow
4116,rage
4117,rage
4120,mellow
4122,empath
4123,calm
4124,empath
4125,rage
4126,empath
4127,grumpy
4128,mellow
4129,empath
4130,mellow
4131,grumpy
4132,grumpy
4134,rage
4136,mellow
4138,grumpy
4139,calm
4142,empath
4143,rage
4144,empath
4145,calm
4147,rage
4148,rage
4150,rage
4151,rage
4152,rage
4153,mellow
4155,calm
4158,mellow
4159,grumpy
4160,calm
4162,mellow
4163,calm
4166,calm
4167,calm
4168,calm
4170,rage
4171,mellow
4172,empath
4174,mellow
4175,empath
4176,calm
4177,empath
4178,rage
4179,empath
4181,grumpy
4182,grumpy
4183,grumpy
4184,grumpy
4185,grumpy
4187,mellow
4189,mellow
4190,rage
4192,calm
4193,rage
4195,calm
4196,empath
4197,calm
4200,empath
4201,grumpy
4202,calm
4203,rage
4204,empath
4206,mellow
4207,calm
4209,mellow
4210,grumpy
4211,grumpy
4213,grumpy
4214,rage
4215,grumpy
4216,empath
4217,grumpy
4218,mellow
4219,grumpy
4220,mellow
4221,grumpy
4222,grumpy
4225,calm
4226,rage
4228,grumpy
4230,calm
4231,grumpy
4232,grumpy
4234,empath
4235,empath
4236,calm
4237,mellow
4238,mellow
4239,calm
4240,rage
4241,calm
4242,rage
4243,grumpy
4244,calm
4245,grumpy
4248,empath
4249,rage
4250,rage
4252,empath
4253,rage
4254,calm
4255,calm
4256,mellow
4257,grumpy
4258,mellow
4259,empath
4260,grumpy
4261,mellow
4265,empath
4266,empath
4267,grumpy
4268,calm
4270,mellow
4271,empath
4272,rage
4273,rage
4274,rage
4277,calm
4278,rage
4280,rage
4281,mellow
4285,grumpy
4286,calm
4287,empath
4290,grumpy
4291,calm
4293,calm
4294,mellow
4295,mellow
4297,calm
4298,grumpy
4299,mellow
4300,rage
4301,grumpy
4302,grumpy
4304,empath
4305,empath
4307,rage
4310,calm
4312,grumpy
4313,empath
4314,empath
4315,rage
4317,rage
4318,grumpy
4319,rage
4322,empath
4323,rage
4325,mellow
4326,grumpy
4327,rage
4331,grumpy
4332,mellow
4333,rage
4335,mellow
4336,calm
4337,empath
4338,rage
4339,calm
4340,mellow
4341,mellow
4345,empath
4348,mellow
4349,rage
4350,rage
4352,rage
4353,empath
4355,grumpy
4356,rage
4357,rage
4359,empath
4360,rage
4361,grumpy
4364,grumpy
4365,mellow
4366,calm
4367,empath
4368,calm
4369,rage
4370,mellow
4372,rage
4373,mellow
4374,calm
4375,mellow
4378,calm
4379,mellow
4380,grumpy
4381,grumpy
4382,grumpy
4383,rage
4384,calm
4385,rage
4386,calm
4388,rage
4389,empath
4390,mellow
4391,empath
4392,mellow
4393,grumpy
4394,mellow
4395,mellow
4397,rage
4398,empath
4399,grumpy
4401,mellow
4402,calm
4403,rage
4404,mellow
4405,calm
4406,grumpy
4407,calm
4408,calm
4411,calm
4412,grumpy
4413,empath
4414,mellow
4415,grumpy
4416,rage
4417,rage
4418,empath
4419,calm
4421,grumpy
4422,mellow
4424,rage
4425,rage
4427,mellow
4429,calm
4431,rage
4432,rage
4433,rage
4434,calm
4436,grumpy
4437,calm
4439,empath
4440,calm
4442,calm
4443,rage
4446,rage
4448,grumpy
4451,mellow
4453,rage
4456,empath
4459,grumpy
4460,rage
4464,rage
4465,mellow
4466,rage
4467,rage
4468,mellow
4469,calm
4471,calm
4472,empath
4473,empath
4474,calm
4475,rage
4476,mellow
4477,empath
4478,rage
4479,rage
4480,grumpy
4481,rage
4482,calm
4484,rage
4486,calm
4487,calm
4488,rage
4489,mellow
4490,empath
4492,rage
4494,mellow
4495,mellow
4499,rage
4501,empath
4502,rage
4503,grumpy
4504,rage
4506,empath
4509,empath
4511,empath
4512,mellow
4514,empath
4515,rage
4516,mellow
4517,calm
4518,rage
4519,rage
4520,grumpy
4523,calm
4525,grumpy
4526,empath
4527,grumpy
4528,empath
4529,empath
4532,empath
4535,rage
4536,mellow
4537,empath
4538,rage
4539,rage
4540,empath
4542,grumpy
4543,calm
4544,empath
4545,calm
4546,empath
4547,grumpy
4548,empath
4549,calm
4552,mellow
4554,rage
4555,calm
4556,mellow
4557,empath
4560,empath
4561,rage
4563,rage
4564,calm
4565,grumpy
4566,mellow
4568,grumpy
4569,mellow
4570,mellow
4571,grumpy
4572,calm
4573,grumpy
4575,empath
4578,rage
4579,calm
4580,calm
4582,empath
4587,calm
4588,rage
4589,empath
4590,mellow
4591,grumpy
4594,empath
4595,calm
4596,empath
4597,mellow
4598,calm
4600,mellow
4601,grumpy
4604,grumpy
4605,mellow
4607,grumpy
4608,calm
4610,mellow
4611,mellow
4612,grumpy
4613,grumpy
4614,grumpy
4616,empath
4617,calm
4619,grumpy
4620,mellow
4622,empath
4623,empath
4624,calm
4625,rage
4626,empath
4627,mellow
4628,calm
4632,grumpy
4633,rage
4634,mellow
4635,empath
4638,calm
4639,rage
4640,rage
4641,rage
4642,mellow
4643,grumpy
4644,mellow
4645,calm
4646,calm
4647,calm
4648,grumpy
4651,grumpy
4652,grumpy
4653,rage
4655,mellow
4656,calm
4657,mellow
4658,rage
4659,rage
4662,mellow
4663,mellow
4664,calm
4666,mellow
4667,mellow
4668,empath
4669,rage
4672,calm
4673,mellow
4674,mellow
4675,empath
4677,rage
4678,calm
4679,calm
4681,mellow
4683,grumpy
4684,rage
4685,rage
4686,rage
4687,rage
4688,mellow
4689,empath
4690,empath
4691,calm
4692,rage
4694,calm
4695,empath
4696,empath
4698,empath
4699,rage
4700,calm
4702,rage
4703,empath
4704,calm
4705,empath
4708,grumpy
4711,mellow
4712,grumpy
4713,calm
4714,calm
4715,grumpy
4716,mellow
4717,mellow
4718,grumpy
4720,empath
4721,calm
4723,mellow
4724,rage
4725,empath
4726,grumpy
4727,rage
4729,grumpy
4730,calm
4731,calm
4732,calm
4734,empath
4735,calm
4736,mellow
4739,calm
4740,calm
4741,mellow
4743,grumpy
4744,calm
4747,grumpy
4748,grumpy
4749,grumpy
4751,calm
4753,rage
4755,mellow
4757,mellow
4759,calm
4760,rage
4761,rage
4763,mellow
4766,rage
4767,empath
4768,grumpy
4769,rage
4770,calm
4771,empath
4772,rage
4775,calm
4776,calm
4777,mellow
4778,mellow
4779,empath
4780,rage
4781,calm
4782,mellow
4783,empath
4784,calm
4785,calm
4786,calm
4787,mellow
4789,mellow
4790,calm
4795,empath
4796,calm
4797,grumpy
4799,grumpy
4800,empath
4802,calm
4805,grumpy
4806,grumpy
4807,rage
4808,rage
4810,mellow
4811,empath
4813,calm
4814,rage
4815,calm
4816,calm
4817,calm
4818,calm
4820,mellow
4821,empath
4825,calm
4826,rage
4827,empath
4829,grumpy
4830,calm
4831,grumpy
4833,empath
4834,calm
4835,empath
4836,rage
4838,empath
4840,grumpy
4841,mellow
4842,rage
4843,empath
4845,empath
4847,calm
4848,empath
4849,mellow
4850,mellow
4851,empath
4852,mellow
4853,empath
4854,grumpy
4855,calm
4856,empath
4857,empath
4858,empath
4859,empath
4860,empath
4861,rage
4862,mellow
4863,mellow
4864,calm
4865,rage
4867,rage
4868,grumpy
4869,calm
4871,grumpy
4872,rage
4873,mellow
4874,rage
4875,empath
4879,empath
4880,rage
4881,grumpy
4882,mellow
4884,rage
4885,empath
4886,calm
4887,calm
4888,rage
4889,mellow
4891,mellow
4892,grumpy
4893,rage
4894,mellow
4895,empath
4896,grumpy
4897,empath
4898,rage
4900,grumpy
4901,grumpy
4902,calm
4905,empath
4906,empath
4907,rage
4908,rage
4909,rage
4910,calm
4912,mellow
4913,calm
4914,mellow
4915,mellow
4916,rage
4917,mellow
4918,calm
4919,grumpy
4920,grumpy
4921,empath
4922,empath
4923,rage
4925,calm
4927,grumpy
4928,grumpy
4930,calm
4931,empath
4932,calm
4933,grumpy
4934,calm
4935,mellow
4936,empath
4937,calm
4938,grumpy
4939,rage
4940,calm
4941,calm
4942,rage
4943,calm
4945,rage
4946,mellow
4947,empath
4948,calm
4949,calm
4950,rage
4951,mellow
4956,empath
4957,mellow
4958,mellow
4959,mellow
4960,calm
4962,calm
4963,grumpy
4965,mellow
4966,calm
4967,rage
4970,calm
4972,calm
4978,grumpy
4979,calm
4980,empath
4981,rage
4983,calm
4984,calm
4985,rage
4987,mellow
4988,mellow
4989,mellow
4990,empath
4991,rage
4994,grumpy
4995,empath
4996,mellow
4997,empath
4998,rage
4999,empath
5000,grumpy
5001,calm
5003,mellow
5004,mellow
5005,calm
5006,rage
5008,rage
5009,grumpy
5010,empath
5011,grumpy
5012,empath
5013,grumpy
5015,empath
5016,rage
5017,grumpy
5018,rage
5022,grumpy
5024,grumpy
5025,calm
5026,calm
5027,rage
5028,calm
5029,grumpy
5030,rage
5031,empath
5033,mellow
5034,mellow
5038,empath
5039,empath
5040,rage
5041,calm
5042,empath
5043,rage
5044,grumpy
5046,calm
5047,calm
5048,mellow
5049,grumpy
5052,calm
5053,calm
5058,rage
5060,grumpy
5061,mellow
5062,grumpy
5063,grumpy
5064,calm
5065,mellow
5068,empath
5070,rage
5073,rage
5075,calm
5076,calm
5077,grumpy
5078,grumpy
5079,grumpy
5080,empath
5082,calm
5083,empath
5084,mellow
5085,empath
5089,empath
5090,empath
5091,empath
5092,grumpy
5093,empath
5094,mellow
5095,grumpy
5097,empath
5099,rage
5100,grumpy
5101,grumpy
5102,mellow
5103,empath
5104,calm
5105,mellow
5107,empath
5108,grumpy
5110,mellow
5112,calm
5113,rage
5114,rage
5115,calm
5116,empath
5117,calm
5118,empath
5120,empath
5121,rage
5122,empath
5123,calm
5125,mellow
5126,grumpy
5127,calm
5128,calm
5129,empath
5130,empath
5131,empath
5132,calm
5133,empath
5135,grumpy
5136,calm
5137,rage
5138,empath
5139,mellow
5141,calm
5142,mellow
5143,calm
5146,calm
5147,grumpy
5148,mellow
5149,empath
5150,grumpy
5152,rage
5154,calm
5155,rage
5157,empath
5158,empath
5160,calm
5161,mellow
5162,grumpy
5163,empath
5166,grumpy
5167,grumpy
5168,grumpy
5169,calm
5170,calm
5172,grumpy
5174,rage
5175,mellow
5176,empath
5178,rage
5179,mellow
5180,empath
5181,empath
5182,rage
5184,empath
5185,empath
5186,empath
5187,rage
5189,mellow
5190,grumpy
5191,calm
5192,calm
5193,calm
5197,calm
5198,empath
5199,empath
5201,grumpy
5202,empath
5203,empath
5205,empath
5206,calm
5209,rage
5211,mellow
5213,calm
5214,rage
5215,empath
5216,mellow
5217,grumpy
5219,calm
5220,rage
5222,empath
5223,grumpy
5224,calm
5225,empath
5226,grumpy
5228,empath
5229,empath
5231,grumpy
5232,grumpy
5234,calm
5236,grumpy
5237,mellow
5238,mellow
5239,rage
5242,mellow
5243,calm
5244,calm
5246,mellow
5248,grumpy
5249,empath
5250,calm
5251,calm
5252,empath
5253,rage
5254,mellow
5255,calm
5258,calm
5260,calm
5261,mellow
5264,empath
5265,mellow
5266,calm
5267,empath
5268,rage
5269,calm
5270,mellow
5271,grumpy
5272,empath
5274,mellow
5275,rage
5276,empath
5277,empath
5278,grumpy
5279,calm
5280,mellow
5281,calm
5282,empath
5284,calm
5285,empath
5286,mellow
5287,calm
5289,empath
5290,rage
5294,mellow
5295,empath
5296,calm
5297,mellow
5300,mellow
5302,calm
5304,calm
5305,mellow
5306,rage
5307,rage
5308,grumpy
5309,rage
5310,rage
5311,grumpy
5312,grumpy
5313,rage
5314,mellow
5315,grumpy
5317,calm
5319,grumpy
5320,calm
5321,empath
5325,calm
5326,mellow
5328,mellow
5329,grumpy
5331,rage
5332,rage
5333,grumpy
5334,calm
5336,rage
5339,rage
5341,mellow
5343,empath
5345,mellow
5347,rage
5349,grumpy
5351,empath
5352,empath
5354,rage
5355,empath
5356,grumpy
5357,grumpy
5358,grumpy
5359,mellow
5361,rage
5363,empath
5364,rage
5365,grumpy
5367,rage
5368,empath
5370,calm
5371,calm
5372,empath
5373,mellow
5374,calm
5378,grumpy
5379,grumpy
5380,mellow
5381,empath
5382,rage
5383,empath
5384,empath
5385,mellow
5386,calm
5389,empath
5391,rage
5392,rage
5394,calm
5395,empath
5397,empath
5399,empath
5401,calm
5402,calm
5405,calm
5406,calm
5410,mellow
5411,mellow
5412,mellow
5416,mellow
5417,grumpy
5418,mellow
5420,rage
5421,empath
5422,grumpy
5424,mellow
5430,empath
5431,empath
5433,rage
5434,mellow
5435,empath
5436,rage
5437,mellow
5438,calm
5439,rage
5440,grumpy
5441,mellow
5442,mellow
5443,empath
5444,rage
5445,calm
5446,empath
5448,grumpy
5451,grumpy
5452,empath
5453,empath
5455,rage
5456,empath
5457,calm
5458,calm
5461,empath
5464,calm
5465,empath
5466,calm
5467,rage
5468,mellow
5470,empath
5471,grumpy
5472,calm
5474,calm
5475,calm
5476,empath
5477,empath
5478,calm
5479,mellow
5480,calm
5481,mellow
5482,rage
5483,mellow
5484,empath
5486,grumpy
5489,empath
5490,empath
5491,empath
5493,mellow
5494,calm
5496,calm
5499,calm
5501,rage
5502,empath
5504,empath
5506,rage
5508,empath
5509,rage
5510,calm
5512,grumpy
5513,grumpy
5514,empath
5516,empath
5517,grumpy
5518,mellow
5519,grumpy
5520,grumpy
5521,calm
5523,mellow
5525,mellow
5526,mellow
5528,calm
5529,mellow
5533,rage
5534,empath
5535,calm
5536,grumpy
5539,mellow
5540,grumpy
5541,grumpy
5542,mellow
5543,grumpy
5544,empath
5547,empath
5548,calm
5549,rage
5550,empath
5551,empath
5552,rage
5553,mellow
5554,mellow
5556,empath
5557,mellow
5558,mellow
5559,empath
5560,empath
5562,grumpy
5563,mellow
5565,calm
5568,empath
5569,empath
5571,rage
5572,grumpy
5573,mellow
5574,mellow
5575,grumpy
5576,calm
5577,grumpy
5578,empath
5579,calm
5580,calm
5583,empath
5584,empath
5585,empath
5587,calm
5588,calm
5589,rage
5593,empath
5595,grumpy
5596,empath
5597,empath
5598,empath
5599,grumpy
5600,calm
5601,empath
5602,mellow
5604,calm
5605,empath
5606,calm
5607,mellow
5608,grumpy
5609,empath
5610,calm
5613,grumpy
5615,empath
5616,grumpy
5617,mellow
5619,mellow
5620,rage
5621,grumpy
5622,mellow
5623,mellow
5624,rage
5626,empath
5627,mellow
5628,calm
5630,grumpy
5632,mellow
5633,grumpy
5635,calm
5636,mellow
5638,mellow
5640,mellow
5642,mellow
5643,mellow
5644,grumpy
5645,grumpy
5646,mellow
5649,grumpy
5651,empath
5652,grumpy
5653,mellow
5655,calm
5656,calm
5657,empath
5658,calm
5659,mellow
5660,grumpy
5661,rage
5663,calm
5664,calm
5665,grumpy
5666,mellow
5667,calm
5668,empath
5669,rage
5670,grumpy
5672,empath
5673,rage
5674,grumpy
5675,mellow
5676,rage
5677,grumpy
5678,calm
5680,empath
5681,empath
5682,rage
5683,rage
5684,calm
5689,grumpy
5691,empath
5693,grumpy
5694,empath
5696,empath
5697,rage
5698,calm
5699,mellow
5700,calm
5702,calm
5703,calm
5704,mellow
5706,calm
5707,mellow
5709,empath
5710,mellow
5711,calm
5713,grumpy
5715,calm
5716,calm
5717,rage
5719,calm
5721,rage
5722,empath
5723,empath
5725,calm
5726,rage
5727,empath
5728,grumpy
5729,rage
5730,calm
5732,rage
5733,rage
5734,empath
5735,empath
5736,rage
5737,rage
5739,mellow
5740,rage
5743,mellow
5745,empath
5746,empath
5748,grumpy
5749,rage
5751,calm
5753,mellow
5754,mellow
5755,mellow
5756,calm
5757,mellow
5759,rage
5760,grumpy
5762,rage
5764,empath
5767,grumpy
5768,mellow
5769,empath
5770,mellow
5771,mellow
5772,empath
5773,grumpy
5774,rage
5776,mellow
5778,empath
5780,mellow
5782,mellow
5783,mellow
5786,calm
5787,mellow
5788,grumpy
5789,calm
5790,empath
5791,calm
5792,empath
5795,grumpy
5797,empath
5798,empath
5799,empath
5801,grumpy
5802,calm
5804,calm
5805,calm
5806,calm
5807,rage
5809,mellow
5810,empath
5813,grumpy
5815,rage
5816,calm
5817,grumpy
5818,rage
5821,empath
5822,empath
5824,calm
5825,grumpy
5826,rage
5827,rage
5828,rage
5831,calm
5832,grumpy
5834,mellow
5835,empath
5837,calm
5838,mellow
5839,grumpy
5841,rage
5842,empath
5844,mellow
5846,mellow
5849,grumpy
5850,empath
5851,grumpy
5852,rage
5853,mellow
5854,rage
5855,grumpy
5856,mellow
5857,mellow
5859,rage
5861,calm
5862,rage
5864,mellow
5866,empath
5868,grumpy
5869,rage
5871,grumpy
5872,mellow
5873,rage
5876,empath
5877,empath
5879,empath
5881,rage
5883,empath
5884,empath
5885,rage
5887,mellow
5888,rage
5889,rage
5890,rage
5891,grumpy
5892,empath
5894,calm
5899,calm
5900,rage
5901,empath
5902,empath
5904,empath
5906,empath
5907,empath
5908,grumpy
5910,rage
5911,empath
5914,rage
5916,empath
5917,empath
5919,grumpy
5920,grumpy
5921,mellow
5922,rage
5923,empath
5924,mellow
5926,mellow
5927,mellow
5928,rage
5930,empath
5931,grumpy
5932,empath
5933,mellow
5934,empath
5935,empath
5936,grumpy
5937,empath
5938,rage
5939,empath
5940,calm
5942,mellow
5943,rage
5944,grumpy
5946,rage
5948,mellow
5949,grumpy
5952,rage
5953,mellow
5955,grumpy
5956,mellow
5957,empath
5958,empath
5959,empath
5960,mellow
5961,empath
5962,rage
5965,calm
5966,grumpy
5967,mellow
5968,empath
5969,mellow
5971,empath
5972,grumpy
5977,mellow
5979,grumpy
5982,mellow
5983,mellow
5984,calm
5985,calm
5988,mellow
5989,grumpy
5991,mellow
5992,rage
5993,empath
5994,empath
5995,calm
5996,calm
5998,mellow
5999,rage
6000,empath
6001,rage
6007,empath
6009,empath
6011,empath
6013,rage
6014,calm
6016,calm
6018,mellow
6021,rage
6023,calm
6025,calm
6026,mellow
6027,grumpy
6029,empath
6031,calm
6032,calm
6036,grumpy
6039,grumpy
6041,rage
6043,mellow
6044,rage
6047,rage
6049,empath
6050,calm
6051,mellow
6052,rage
6054,calm
6055,calm
6057,rage
6058,mellow
6060,empath
6061,calm
6063,mellow
6064,grumpy
6065,empath
6067,empath
6069,empath
6070,calm
6072,grumpy
6073,mellow
6074,grumpy
6075,empath
6076,grumpy
6077,calm
6078,mellow
6080,grumpy
6081,calm
6082,mellow
6083,grumpy
6084,mellow
6085,empath
6086,mellow
6090,rage
6093,mellow
6094,rage
6095,rage
6097,empath
6098,calm
6099,mellow
6100,rage
6101,calm
6102,rage
6103,rage
6105,grumpy
6108,calm
6109,rage
6110,grumpy
6111,mellow
6112,calm
6113,calm
6116,calm
6117,rage
6118,rage
6120,mellow
6121,empath
6122,empath
6123,rage
6124,calm
6125,calm
6128,rage
6130,rage
6131,empath
6132,grumpy
6133,mellow
6134,mellow
6135,mellow
6136,calm
6137,rage
6139,calm
6140,mellow
6142,mellow
6143,empath
6145,grumpy
6146,mellow
6147,empath
6148,mellow
6149,grumpy
6150,empath
6152,calm
6153,mellow
6154,mellow
6155,mellow
6156,empath
6157,empath
6158,mellow
6161,calm
6167,mellow
6169,rage
6170,grumpy
6171,mellow
6172,rage
6174,grumpy
6175,mellow
6176,mellow
6177,grumpy
6179,empath
6180,empath
6181,calm
6183,calm
6184,grumpy
6185,calm
6186,grumpy
6187,grumpy
6188,empath
6190,grumpy
6192,calm
6193,calm
6194,grumpy
6195,mellow
6198,calm
6199,mellow
6201,empath
6202,calm
6204,mellow
6207,mellow
6208,rage
6209,grumpy
6211,grumpy
6212,calm
6213,rage
6217,empath
6219,mellow
6220,calm
6221,grumpy
6223,rage
6224,calm
6225,empath
6227,grumpy
6228,calm
6229,empath
6230,rage
6232,grumpy
6233,calm
6237,mellow
6240,empath
6241,grumpy
6242,empath
6243,grumpy
6246,rage
6249,rage
6250,empath
6251,calm
6252,empath
6253,empath
6254,rage
6255,empath
6257,mellow
6259,grumpy
6260,mellow
6262,mellow
6263,rage
6264,calm
6265,mellow
6266,empath
6267,calm
6268,grumpy
6269,rage
6270,calm
6271,rage
6273,empath
6274,empath
6276,empath
6277,mellow
6278,calm
6279,mellow
6280,empath
6282,calm
6283,calm
6286,empath
6287,calm
6288,grumpy
6289,grumpy
6291,empath
6292,mellow
6294,calm
6295,mellow
6296,rage
6298,empath
6299,grumpy
6302,mellow
6304,calm
6305,rage
6311,grumpy
6312,calm
6313,rage
6315,grumpy
6316,empath
6317,grumpy
6319,grumpy
6322,grumpy
6324,grumpy
6325,mellow
6326,mellow
6328,calm
6329,rage
6330,empath
6332,rage
6333,empath
6334,rage
6335,mellow
6338,empath
6339,calm
6340,mellow
6341,calm
6342,grumpy
6343,grumpy
6344,grumpy
6346,grumpy
6350,calm
6351,calm
6352,mellow
6353,empath
6355,mellow
6360,mellow
6362,rage
6364,calm
6365,rage
6367,grumpy
6368,rage
6371,mellow
6372,empath
6373,empath
6374,empath
6375,empath
6376,mellow
6377,calm
6378,rage
6379,calm
6380,rage
6381,calm
6382,calm
6383,mellow
6385,mellow
6386,empath
6389,calm
6390,mellow
6391,calm
6392,mellow
6397,calm
6398,grumpy
6399,empath
6401,mellow
6403,mellow
6404,empath
6407,rage
6408,calm
6416,empath
6418,empath
6420,calm
6421,empath
6427,empath
6429,mellow
6432,calm
6433,calm
6434,grumpy
6435,mellow
6436,calm
6438,grumpy
6440,rage
6442,empath
6443,calm
6444,grumpy
6445,empath
6446,mellow
6448,empath
6449,grumpy
6450,empath
6451,grumpy
6456,calm
6457,rage
6459,mellow
6464,mellow
6466,empath
6467,rage
6470,rage
6471,empath
6472,mellow
6474,empath
6476,mellow
6478,empath
6479,empath
6480,empath
6482,grumpy
6483,grumpy
6484,grumpy
6485,mellow
6488,grumpy
6489,rage
6490,mellow
6493,mellow
6495,grumpy
6496,calm
6497,calm
6498,empath
6499,empath
6501,calm
6502,mellow
6503,calm
6504,calm
6506,mellow
6507,empath
6508,calm
6509,rage
6510,calm
6511,empath
6512,mellow
6513,mellow
6514,rage
6515,grumpy
6516,mellow
6517,grumpy
6518,grumpy
6519,rage
6521,rage
6523,empath
6525,empath
6526,grumpy
6527,grumpy
6528,grumpy
6529,rage
6532,mellow
6533,rage
6535,mellow
6537,calm
6538,mellow
6539,calm
6540,calm
6541,rage
6542,calm
6543,calm
6544,rage
6545,empath
6546,empath
6548,mellow
6549,rage
6553,calm
6555,empath
6557,grumpy
6558,calm
6560,rage
6561,calm
6562,empath
6563,rage
6565,mellow
6566,grumpy
6567,calm
6568,grumpy
6570,empath
6572,calm
6574,rage
6575,empath
6577,empath
6578,grumpy
6580,empath
6581,calm
6583,calm
6585,grumpy
6586,calm
6587,empath
6588,grumpy
6589,grumpy
6590,calm
6594,mellow
6596,rage
6599,mellow
6600,calm
6601,rage
6602,empath
6603,calm
6605,mellow
6606,mellow
6607,grumpy
6608,calm
6609,rage
6610,grumpy
6611,rage
6613,calm
6614,empath
6616,mellow
6617,rage
6620,rage
6621,empath
6622,mellow
6624,rage
6625,empath
6627,mellow
6628,rage
6630,mellow
6632,empath
6633,mellow
6634,calm
6636,mellow
6637,rage
6638,mellow
6639,empath
6640,rage
6641,grumpy
6642,mellow
6644,empath
6645,grumpy
6646,calm
6647,mellow
6648,empath
6650,rage
6652,calm
6655,calm
6658,grumpy
6659,empath
6661,calm
6663,calm
6664,empath
6665,mellow
6666,calm
6667,calm
6668,calm
6669,calm
6670,calm
6671,calm
6672,calm
6673,grumpy
6674,grumpy
6675,calm
6676,rage
6677,rage
6678,mellow
6679,calm
6680,empath
6681,mellow
6682,calm
6683,grumpy
6684,empath
6685,grumpy
6686,mellow
6690,calm
6691,calm
6693,empath
6696,empath
6698,empath
6699,rage
6700,grumpy
6701,mellow
6703,calm
6704,empath
6705,empath
6707,empath
6708,rage
6709,rage
6710,empath
6711,empath
6712,empath
6713,empath
6716,calm
6717,empath
6718,mellow
6719,empath
6720,empath
6721,calm
6722,rage
6723,empath
6725,rage
6726,calm
6728,empath
6729,mellow
6730,grumpy
6731,grumpy
6732,rage
6733,calm
6734,rage
6736,rage
6737,calm
6738,grumpy
6739,calm
6741,calm
6742,calm
6743,empath
6746,calm
6747,mellow
6748,empath
6749,empath
6751,grumpy
6752,calm
6753,rage
6754,mellow
6755,rage
6756,calm
6757,mellow
6758,calm
6759,calm
6760,mellow
6761,calm
6762,grumpy
6763,calm
6766,calm
6767,empath
6768,mellow
6769,empath
6771,grumpy
6772,mellow
6773,empath
6776,grumpy
6780,rage
6783,mellow
6785,mellow
6786,calm
6788,calm
6789,rage
6790,calm
6793,empath
6796,empath
6797,rage
6801,grumpy
6802,calm
6803,calm
6805,calm
6806,calm
6807,rage
6810,grumpy
6812,calm
6814,calm
6815,grumpy
6816,rage
6817,rage
6818,mellow
6819,calm
6823,mellow
6824,rage
6825,grumpy
6827,rage
6831,rage
6832,rage
6833,empath
6834,rage
6835,grumpy
6836,rage
6837,empath
6840,mellow
6841,empath
6842,mellow
6843,calm
6845,mellow
6849,empath
6850,rage
6851,mellow
6853,grumpy
6854,calm
6855,rage
6856,calm
6857,mellow
6859,grumpy
6860,empath
6861,empath
6862,mellow
6865,empath
6866,empath
6867,mellow
6868,rage
6869,empath
6870,calm
6871,calm
6873,calm
6874,rage
6875,grumpy
6876,empath
6879,empath
6880,empath
6881,grumpy
6882,empath
6883,calm
6884,empath
6886,rage
6890,empath
6891,calm
6892,grumpy
6895,grumpy
6896,mellow
6897,empath
6898,mellow
6900,empath
6902,empath
6903,empath
6905,mellow
6909,empath
6910,empath
6911,grumpy
6912,calm
6913,rage
6915,rage
6916,mellow
6917,rage
6919,mellow
6920,rage
6921,grumpy
6922,calm
6925,calm
6926,empath
6927,calm
6929,mellow
6930,calm
6931,calm
6932,empath
6935,empath
6936,calm
6937,calm
6938,grumpy
6940,rage
6942,grumpy
6943,calm
6947,empath
6949,grumpy
6950,empath
6951,empath
6953,mellow
6954,mellow
6955,calm
6958,calm
6959,mellow
6960,calm
6961,rage
6964,calm
6967,mellow
6969,empath
6971,rage
6972,grumpy
6973,calm
6974,grumpy
6976,rage
6978,empath
6980,rage
6981,grumpy
6983,grumpy
6985,mellow
6989,mellow
6991,calm
6993,grumpy
6994,rage
6995,empath
6996,calm
6997,calm
6998,calm
7000,rage
7001,empath
7003,calm
7004,empath
7005,mellow
7006,mellow
7007,rage
7008,calm
7009,empath
7010,grumpy
7012,grumpy
7014,grumpy
7015,empath
7016,mellow
7020,empath
7021,calm
7022,empath
7023,rage
7024,empath
7025,empath
7026,empath
7027,rage
7028,rage
7029,empath
7033,empath
7034,empath
7035,rage
7036,grumpy
7037,calm
7038,grumpy
7040,calm
7041,rage
7043,empath
7046,grumpy
7047,empath
7053,empath
7054,grumpy
7056,mellow
7057,calm
7059,calm
7060,rage
7061,empath
7062,mellow
7063,calm
7064,grumpy
7065,mellow
7066,empath
7070,calm
7071,grumpy
7073,mellow
7077,mellow
7080,rage
7081,calm
7082,grumpy
7083,grumpy
7085,calm
7088,grumpy
7091,mellow
7092,empath
7093,grumpy
7094,mellow
7096,mellow
7097,mellow
7098,calm
7100,mellow
7101,grumpy
7103,empath
7104,calm
7105,grumpy
7106,rage
7107,grumpy
7108,empath
7110,rage
7111,rage
7113,rage
7115,mellow
7116,rage
7118,mellow
7119,empath
7121,empath
7122,empath
7123,mellow
7124,calm
7125,empath
7128,mellow
7129,rage
7131,grumpy
7135,mellow
7136,rage
7137,calm
7140,grumpy
7141,empath
7144,calm
7145,calm
7146,grumpy
7147,calm
7149,grumpy
7150,empath
7151,empath
7152,calm
7153,mellow
7157,calm
7158,rage
7159,grumpy
7162,calm
7163,grumpy
7164,mellow
7165,grumpy
7166,calm
7167,calm
7168,calm
7169,calm
7170,calm
7171,rage
7172,rage
7173,calm
7174,calm
7175,rage
7178,empath
7179,rage
7181,grumpy
7182,mellow
7183,empath
7184,empath
7185,empath
7187,rage
7188,mellow
7189,calm
7190,calm
7193,calm
7194,grumpy
7200,mellow
7201,empath
7202,rage
7203,calm
7204,rage
7205,rage
7206,mellow
7207,grumpy
7208,grumpy
7209,mellow
7210,grumpy
7213,empath
7214,empath
7215,empath
7216,grumpy
7217,rage
7218,mellow
7219,empath
7220,rage
7221,grumpy
7222,empath
7223,calm
7224,rage
7225,grumpy
7228,grumpy
7229,calm
7231,rage
7233,grumpy
7234,grumpy
7236,grumpy
7238,mellow
7239,grumpy
7240,mellow
7241,calm
7242,mellow
7243,rage
7244,mellow
7247,grumpy
7248,calm
7249,calm
7250,calm
7251,empath
7252,calm
7253,grumpy
7254,calm
7256,empath
7257,rage
7258,empath
7259,grumpy
7260,rage
7261,empath
7262,calm
7263,calm
7264,empath
7266,empath
7267,calm
7268,empath
7269,empath
7271,calm
7272,mellow
7273,calm
7274,grumpy
7275,calm
7276,calm
7277,mellow
7278,mellow
7279,calm
7280,rage
7281,calm
7282,calm
7283,empath
7285,empath
7289,mellow
7291,empath
7293,empath
7294,grumpy
7296,calm
7298,calm
7299,calm
7301,grumpy
7303,empath
7304,rage
7305,rage
7307,rage
7308,rage
7311,mellow
7312,mellow
7313,empath
7314,mellow
7315,mellow
7317,mellow
7318,empath
7320,grumpy
7321,grumpy
7323,mellow
7327,empath
7328,calm
7329,rage
7332,calm
7336,rage
7337,mellow
7338,empath
7340,empath
7342,grumpy
7344,empath
7345,mellow
7346,calm
7347,empath
7348,grumpy
7349,grumpy
7351,calm
7352,rage
7353,rage
7354,mellow
7355,grumpy
7357,grumpy
7358,empath
7359,empath
7360,grumpy
7361,mellow
7362,grumpy
7365,calm
7367,rage
7368,rage
7369,rage
7370,rage
7376,mellow
7377,calm
7378,grumpy
7379,empath
7381,grumpy
7382,rage
7383,rage
7385,rage
7386,calm
7388,mellow
7391,empath
7393,calm
7398,mellow
7399,calm
7400,rage
7402,empath
7405,mellow
7407,mellow
7409,calm
7410,rage
7411,rage
7412,rage
7413,calm
7415,empath
7416,calm
7422,grumpy
7426,calm
7427,calm
7428,calm
7429,calm
7431,calm
7432,rage
7433,grumpy
7434,rage
7435,calm
7436,empath
7437,calm
7438,mellow
7439,grumpy
7441,empath
7442,mellow
7443,calm
7444,rage
7445,grumpy
7446,grumpy
7448,empath
7451,calm
7452,grumpy
7455,grumpy
7457,grumpy
7459,rage
7460,mellow
7462,rage
7464,calm
7465,empath
7469,grumpy
7471,empath
7472,grumpy
7473,rage
7474,rage
7475,rage
7476,calm
7477,calm
7479,empath
7480,grumpy
7482,mellow
7483,empath
7486,grumpy
7487,empath
7488,rage
7489,empath
7492,empath
7493,grumpy
7496,calm
7497,grumpy
7498,mellow
7499,mellow
7500,empath
7501,empath
7505,calm
7506,grumpy
7509,grumpy
7510,calm
7511,calm
7512,mellow
7513,rage
7515,mellow
7516,rage
7518,empath
7521,rage
7522,grumpy
7523,grumpy
7524,empath
7525,mellow
7526,grumpy
7527,empath
7528,grumpy
7530,grumpy
7531,grumpy
7532,calm
7533,calm
7535,mellow
7536,rage
7538,rage
7539,mellow
7540,empath
7541,empath
7543,grumpy
7544,mellow
7546,empath
7547,grumpy
7548,mellow
7549,calm
7550,empath
7552,calm
7553,mellow
7554,empath
7555,mellow
7556,empath
7557,calm
7559,grumpy
7560,mellow
7561,empath
7562,mellow
7564,empath
7565,mellow
7567,grumpy
7568,mellow
7570,grumpy
7571,empath
7572,empath
7573,mellow
7574,grumpy
7576,rage
7577,calm
7578,grumpy
7580,mellow
7581,calm
7582,rage
7583,calm
7584,rage
7585,empath
7586,empath
7587,calm
7588,empath
7589,calm
7591,grumpy
7592,mellow
7595,mellow
7596,grumpy
7598,grumpy
7599,rage
7601,mellow
7602,grumpy
7604,empath
7606,rage
7607,empath
7608,mellow
7609,calm
7610,mellow
7611,calm
7612,mellow
7613,calm
7615,grumpy
7616,calm
7618,rage
7621,calm
7623,mellow
7624,rage
7625,mellow
7626,rage
7631,empath
7632,calm
7634,mellow
7635,calm
7636,grumpy
7637,mellow
7638,grumpy
7639,rage
7641,empath
7642,mellow
7644,mellow
7645,calm
7646,calm
7647,empath
7648,calm
7650,empath
7654,empath
7655,empath
7656,mellow
7657,grumpy
7660,empath
7661,mellow
7662,grumpy
7663,rage
7664,mellow
7666,calm
7667,rage
7668,calm
7669,calm
7670,rage
7671,calm
7675,empath
7676,grumpy
7677,empath
7678,calm
7679,calm
7682,calm
7684,rage
7685,empath
7686,rage
7689,empath
7690,rage
7691,rage
7692,mellow
7693,rage
7694,empath
7695,empath
7696,empath
7697,empath
7700,calm
7701,empath
7705,empath
7706,grumpy
7707,grumpy
7709,grumpy
7710,rage
7714,calm
7716,grumpy
7717,calm
7718,rage
7719,mellow
7720,grumpy
7723,empath
7725,grumpy
7726,rage
7727,empath
7728,calm
7729,grumpy
7730,grumpy
7731,grumpy
7733,empath
7734,calm
7735,empath
7736,mellow
7738,calm
7739,rage
7742,calm
7743,grumpy
7745,grumpy
7746,rage
7747,grumpy
7749,mellow
7750,calm
7751,grumpy
7752,rage
7753,mellow
7754,calm
7759,mellow
7762,mellow
7763,rage
7764,rage
7765,rage
7767,empath
7768,empath
7769,calm
7770,empath
7772,empath
7773,rage
7774,mellow
7776,mellow
7777,mellow
7778,empath
7779,mellow
7780,empath
7781,rage
7782,calm
7783,rage
7786,grumpy
7787,grumpy
7791,grumpy
7792,rage
7797,mellow
7798,mellow
7800,mellow
7802,empath
7805,mellow
7807,empath
7808,grumpy
7809,calm
7815,grumpy
7816,grumpy
7818,empath
7819,rage
7820,grumpy
7821,mellow
7822,rage
7823,empath
7824,calm
7826,rage
7827,mellow
7830,grumpy
7831,grumpy
7834,rage
7835,rage
7836,empath
7837,rage
7838,calm
7839,mellow
7840,calm
7842,grumpy
7844,calm
7845,empath
7847,calm
7848,empath
7850,empath
7852,empath
7854,rage
7855,empath
7856,calm
7857,grumpy
7858,rage
7859,rage
7861,empath
7863,mellow
7864,empath
7865,mellow
7867,rage
7869,empath
7870,empath
7872,rage
7873,mellow
7874,empath
7875,empath
7877,grumpy
7878,mellow
7879,grumpy
7880,calm
7881,grumpy
7882,grumpy
7883,empath
7884,empath
7885,mellow
7886,grumpy
7889,calm
7890,calm
7891,grumpy
7894,grumpy
7895,mellow
7896,calm
7897,empath
7898,grumpy
7899,mellow
7901,mellow
7902,rage
7903,calm
7905,mellow
7906,calm
7907,mellow
7908,empath
7909,calm
7910,empath
7912,empath
7913,rage
7917,calm
7918,mellow
7919,rage
7920,rage
7921,mellow
7923,mellow
7925,rage
7926,calm
7927,empath
7929,calm
7930,calm
7933,empath
7934,mellow
7935,grumpy
7937,grumpy
7938,mellow
7939,rage
7940,rage
7941,empath
7944,grumpy
7947,empath
7948,empath
7949,rage
7950,mellow
7952,calm
7954,mellow
7956,empath
7957,mellow
7958,calm
7959,calm
7962,mellow
7963,grumpy
7965,grumpy
7968,grumpy
7970,rage
7971,rage
7972,mellow
7973,calm
7974,empath
7975,rage
7977,calm
7978,grumpy
7979,calm
7980,empath
7981,empath
7984,grumpy
7985,grumpy
7990,calm
7992,grumpy
7994,grumpy
7996,calm
7997,empath
7998,grumpy
8003,grumpy
8005,calm
8006,mellow
8007,empath
8010,calm
8014,rage
8016,empath
8017,grumpy
8018,calm
8019,grumpy
8020,grumpy
8021,mellow
8023,grumpy
8024,empath
8025,empath
8026,rage
8027,calm
8028,grumpy
8029,calm
8031,calm
8032,mellow
8033,empath
8034,empath
8035,grumpy
8036,calm
8037,calm
8038,calm
8039,calm
8040,grumpy
8041,rage
8042,empath
8043,rage
8045,empath
8048,grumpy
8049,grumpy
8051,calm
8052,empath
8054,empath
8055,mellow
8057,rage
8058,calm
8059,mellow
8060,rage
8061,rage
8062,mellow
8064,calm
8068,rage
8071,calm
8073,calm
8074,grumpy
8075,calm
8076,grumpy
8077,mellow
8078,calm
8079,rage
8080,empath
8081,rage
8082,rage
8087,calm
8090,calm
8092,mellow
8093,rage
8094,calm
8095,mellow
8096,empath
8097,calm
8098,empath
8099,grumpy
8105,rage
8107,grumpy
8109,rage
8110,empath
8111,mellow
8113,grumpy
8114,empath
8115,empath
8116,calm
8119,calm
8120,grumpy
8121,rage
8124,empath
8125,calm
8126,rage
8127,grumpy
8130,mellow
8132,empath
8134,mellow
8136,grumpy
8137,mellow
8139,mellow
8140,rage
8141,calm
8143,calm
8145,empath
8146,grumpy
8147,rage
8148,calm
8149,calm
8150,calm
8151,mellow
8154,empath
8155,empath
8158,rage
8162,mellow
8164,grumpy
8165,mellow
8166,calm
8168,calm
8171,calm
8173,rage
8174,calm
8178,mellow
8180,grumpy
8181,empath
8182,mellow
8183,empath
8185,rage
8186,mellow
8188,calm
8189,rage
8192,rage
8193,empath
8194,rage
8197,calm
8200,rage
8201,empath
8202,mellow
8204,calm
8206,grumpy
8209,rage
8210,grumpy
8211,empath
8212,grumpy
8213,calm
8215,calm
8216,calm
8217,rage
8219,rage
8220,mellow
8222,empath
8223,empath
8224,rage
8225,rage
8226,empath
8228,rage
8229,calm
8232,rage
8233,calm
8234,calm
8236,mellow
8238,mellow
8239,mellow
8240,empath
8241,empath
8242,rage
8243,grumpy
8245,calm
8246,rage
8247,mellow
8248,calm
8249,mellow
8252,mellow
8254,empath
8255,mellow
8256,grumpy
8257,empath
8258,calm
8259,mellow
8260,mellow
8261,empath
8263,rage
8264,grumpy
8265,rage
8267,empath
8268,mellow
8269,calm
8272,grumpy
8274,grumpy
8276,grumpy
8277,grumpy
8278,rage
8280,mellow
8281,calm
8282,calm
8284,rage
8286,rage
8287,calm
8288,rage
8294,calm
8295,grumpy
8296,grumpy
8297,mellow
8299,mellow
8300,calm
8301,calm
8303,calm
8304,empath
8305,rage
8308,grumpy
8312,empath
8314,empath
8316,empath
8317,rage
8318,mellow
8321,calm
8322,calm
8324,calm
8327,grumpy
8329,grumpy
8333,calm
8335,rage
8336,mellow
8337,grumpy
8338,empath
8339,grumpy
8340,calm
8342,calm
8343,rage
8344,empath
8345,calm
8349,empath
8351,calm
8353,calm
8354,rage
8355,grumpy
8357,empath
8359,rage
8361,mellow
8362,rage
8363,grumpy
8365,calm
8368,rage
8369,mellow
8370,calm
8371,calm
8372,empath
8374,grumpy
8376,mellow
8377,mellow
8380,mellow
8381,grumpy
8382,empath
8383,rage
8384,mellow
8385,grumpy
8389,mellow
8392,empath
8393,rage
8397,grumpy
8399,rage
8400,rage
8403,mellow
8404,mellow
8405,rage
8406,rage
8407,mellow
8408,rage
8411,calm
8412,empath
8414,empath
8415,empath
8416,rage
8417,mellow
8419,empath
8420,rage
8421,calm
8422,mellow
8423,rage
8425,empath
8426,grumpy
8428,rage
8429,mellow
8430,grumpy
8431,rage
8432,mellow
8434,mellow
8435,mellow
8436,grumpy
8438,calm
8440,rage
8441,mellow
8442,calm
8443,grumpy
8444,grumpy
8446,grumpy
8449,empath
8450,mellow
8452,empath
8456,mellow
8457,calm
8460,empath
8461,grumpy
8465,mellow
8466,grumpy
8467,rage
8470,mellow
8471,empath
8472,grumpy
8473,empath
8474,calm
8475,grumpy
8476,empath
8477,mellow
8478,mellow
8479,empath
8480,rage
8481,grumpy
8483,rage
8484,calm
8485,rage
8486,mellow
8487,grumpy
8488,rage
8489,rage
8490,calm
8491,rage
8492,empath
8493,calm
8494,grumpy
8496,mellow
8497,grumpy
8498,empath
8499,rage
8501,mellow
8502,rage
8503,rage
8505,mellow
8506,grumpy
8508,rage
8510,grumpy
8511,grumpy
8512,grumpy
8513,calm
8514,empath
8517,mellow
8518,mellow
8519,calm
8520,mellow
8522,calm
8524,grumpy
8525,grumpy
8526,calm
8527,calm
8528,calm
8529,empath
8530,mellow
8532,rage
8533,calm
8534,rage
8536,calm
8537,mellow
8538,rage
8540,calm
8541,grumpy
8544,rage
8546,grumpy
8548,empath
8549,mellow
8551,grumpy
8552,rage
8554,rage
8555,grumpy
8557,calm
8558,grumpy
8561,grumpy
8562,mellow
8563,mellow
8568,mellow
8572,grumpy
8573,grumpy
8574,empath
8575,empath
8577,grumpy
8578,mellow
8580,calm
8582,grumpy
8583,grumpy
8585,grumpy
8586,mellow
8587,empath
8588,empath
8589,calm
8591,grumpy
8592,rage
8593,rage
8594,mellow
8595,grumpy
8596,grumpy
8597,rage
8599,grumpy
8601,rage
8602,calm
8603,rage
8605,grumpy
8607,mellow
8608,rage
8610,empath
8612,grumpy
8613,rage
8614,empath
8617,mellow
8618,mellow
8619,rage
8621,calm
8623,rage
8624,mellow
8625,rage
8627,empath
8629,mellow
8630,empath
8632,calm
8633,grumpy
8636,calm
8637,calm
8640,empath
8641,mellow
8642,empath
8646,mellow
8648,grumpy
8649,grumpy
8651,rage
8652,mellow
8653,rage
8655,mellow
8656,calm
8658,rage
8664,grumpy
8665,grumpy
8666,empath
8667,rage
8669,rage
8670,rage
8671,grumpy
8672,grumpy
8674,rage
8675,mellow
8677,grumpy
8678,rage
8679,rage
8680,calm
8684,rage
8686,grumpy
8687,mellow
8690,calm
8691,calm
8695,grumpy
8697,mellow
8698,rage
8700,empath
8704,calm
8705,grumpy
8707,mellow
8709,rage
8710,grumpy
8711,mellow
8713,calm
8714,rage
8715,rage
8716,empath
8717,mellow
8718,calm
8720,calm
8721,mellow
8723,calm
8724,mellow
8725,mellow
8726,rage
8727,grumpy
8728,empath
8729,mellow
8731,mellow
8732,calm
8734,mellow
8735,rage
8736,mellow
8737,rage
8738,calm
8740,calm
8741,calm
8743,calm
8746,mellow
8747,calm
8748,mellow
8750,calm
8751,empath
8752,calm
8753,mellow
8754,grumpy
8755,calm
8756,grumpy
8757,rage
8759,calm
8761,calm
8764,empath
8770,mellow
8772,empath
8773,grumpy
8774,rage
8775,empath
8776,calm
8777,mellow
8778,calm
8779,mellow
8780,rage
8781,grumpy
8782,calm
8783,grumpy
8784,empath
8785,empath
8786,rage
8787,rage
8789,mellow
8791,grumpy
8792,empath
8793,mellow
8794,mellow
8795,grumpy
8796,calm
8797,grumpy
8799,calm
8800,rage
8801,grumpy
8802,mellow
8803,rage
8804,empath
8805,grumpy
8806,calm
8808,mellow
8810,rage
8811,grumpy
8812,empath
8814,grumpy
8815,mellow
8819,grumpy
8820,rage
8821,rage
8822,empath
8823,empath
8827,mellow
8829,calm
8830,calm
8831,grumpy
8832,rage
8833,rage
8834,mellow
8835,rage
8836,mellow
8838,mellow
8839,rage
8840,empath
8842,grumpy
8843,grumpy
8844,calm
8845,grumpy
8846,calm
8847,rage
8848,rage
8849,mellow
8852,calm
8853,empath
8855,mellow
8856,grumpy
8858,empath
8861,rage
8863,calm
8864,calm
8865,mellow
8869,mellow
8870,mellow
8875,grumpy
8877,grumpy
8879,rage
8880,rage
8881,mellow
8882,calm
8885,grumpy
8888,mellow
8890,rage
8892,mellow
8895,rage
8896,empath
8902,rage
8903,grumpy
8904,calm
8905,calm
8907,grumpy
8909,calm
8910,grumpy
8911,rage
8912,calm
8913,rage
8914,rage
8916,calm
8917,calm
8918,rage
8919,empath
8920,mellow
8921,empath
8922,empath
8923,grumpy
8924,grumpy
8926,grumpy
8928,rage
8929,empath
8931,calm
8932,rage
8933,empath
8935,rage
8936,mellow
8937,mellow
8938,rage
8941,mellow
8942,grumpy
8943,empath
8944,empath
8945,calm
8946,mellow
8947,mellow
8949,calm
8950,rage
8951,calm
8952,empath
8954,calm
8956,rage
8957,grumpy
8959,rage
8960,empath
8961,grumpy
8962,grumpy
8965,calm
8969,calm
8972,rage
8973,rage
8975,calm
8977,mellow
8978,grumpy
8981,calm
8982,mellow
8983,mellow
8984,empath
8985,rage
8986,mellow
8987,empath
8988,empath
8989,mellow
8990,empath
8992,mellow
8993,empath
8994,grumpy
8995,calm
8996,calm
8999,empath
9000,mellow
9002,mellow
9003,calm
9004,grumpy
9008,rage
9009,rage
9010,empath
9011,calm
9014,mellow
9015,grumpy
9017,calm
9019,mellow
9020,calm
9021,grumpy
9022,grumpy
9023,mellow
9024,grumpy
9025,empath
9026,rage
9027,grumpy
9028,rage
9029,grumpy
9030,empath
9032,grumpy
9033,grumpy
9034,grumpy
9041,grumpy
9045,rage
9046,empath
9047,rage
9048,grumpy
9049,calm
9052,calm
9053,grumpy
9054,rage
9056,empath
9057,empath
9058,mellow
9060,calm
9062,calm
9063,mellow
9064,rage
9067,rage
9069,calm
9070,mellow
9071,grumpy
9073,grumpy
9078,grumpy
9084,calm
9085,empath
9086,rage
9087,rage
9088,calm
9090,empath
9092,grumpy
9093,mellow
9095,grumpy
9097,rage
9098,empath
9100,grumpy
9101,grumpy
9102,rage
9104,empath
9105,grumpy
9106,rage
9107,grumpy
9108,rage
9111,calm
9112,mellow
9113,empath
9115,grumpy
9116,grumpy
9117,grumpy
9118,grumpy
9119,mellow
9120,empath
9121,mellow
9123,mellow
9124,grumpy
9126,calm
9127,empath
9128,calm
9129,grumpy
9130,mellow
9131,grumpy
9132,empath
9134,calm
9135,grumpy
9136,rage
9137,rage
9138,empath
9139,grumpy
9140,rage
9141,rage
9142,calm
9143,grumpy
9144,grumpy
9147,mellow
9149,mellow
9152,rage
9155,calm
9156,rage
9157,rage
9158,grumpy
9159,empath
9160,rage
9161,grumpy
9163,grumpy
9164,grumpy
9165,grumpy
9167,grumpy
9169,calm
9170,mellow
9171,grumpy
9172,empath
9174,calm
9175,rage
9176,mellow
9177,rage
9179,empath
9180,mellow
9181,empath
9182,grumpy
9183,mellow
9184,empath
9185,rage
9186,mellow
9187,empath
9188,grumpy
9189,empath
9191,empath
9195,mellow
9196,rage
9197,mellow
9200,rage
9202,mellow
9203,mellow
9205,mellow
9206,calm
9207,calm
9209,mellow
9210,grumpy
9211,empath
9212,mellow
9213,empath
9214,grumpy
9216,mellow
9217,mellow
9218,grumpy
9219,mellow
9220,grumpy
9222,mellow
9223,calm
9224,calm
9225,rage
9227,empath
9229,calm
9230,mellow
9232,rage
9233,calm
9234,grumpy
9235,rage
9237,grumpy
9240,calm
9241,grumpy
9242,calm
9243,calm
9246,rage
9249,grumpy
9250,mellow
9251,empath
9252,calm
9253,rage
9254,calm
9255,rage
9257,empath
9258,mellow
9259,rage
9261,rage
9262,mellow
9264,rage
9265,calm
9266,calm
9268,empath
9269,mellow
9271,empath
9272,empath
9274,grumpy
9276,calm
9278,grumpy
9279,mellow
9281,mellow
9284,grumpy
9286,calm
9287,empath
9288,rage
9289,calm
9291,rage
9293,grumpy
9294,grumpy
9297,mellow
9299,grumpy
9300,calm
9301,empath
9302,calm
9303,mellow
9304,empath
9306,empath
9307,grumpy
9308,calm
9309,calm
9313,grumpy
9314,rage
9315,empath
9316,grumpy
9317,empath
9318,calm
9319,rage
9321,grumpy
9322,calm
9325,grumpy
9327,mellow
9328,calm
9329,empath
9330,calm
9331,empath
9332,mellow
9334,grumpy
9335,calm
9337,grumpy
9339,empath
9341,calm
9343,empath
9347,calm
9349,empath
9351,calm
9352,grumpy
9353,grumpy
9354,mellow
9355,mellow
9357,empath
9358,mellow
9359,calm
9361,empath
9362,grumpy
9364,calm
9366,empath
9368,calm
9371,mellow
9372,rage
9373,grumpy
9376,calm
9377,rage
9378,calm
9380,calm
9382,grumpy
9383,calm
9384,calm
9385,calm
9386,grumpy
9387,mellow
9388,empath
9389,empath
9390,rage
9392,empath
9393,calm
9394,grumpy
9395,empath
9398,grumpy
9401,mellow
9403,calm
9406,rage
9408,mellow
9409,rage
9410,rage
9411,calm
9412,mellow
9414,grumpy
9415,empath
9416,grumpy
9417,calm
9418,rage
9419,rage
9421,empath
9422,mellow
9423,mellow
9424,empath
9426,mellow
9427,mellow
9428,empath
9431,calm
9433,calm
9434,rage
9435,rage
9436,mellow
9438,calm
9439,empath
9440,grumpy
9442,mellow
9443,rage
9444,grumpy
9445,mellow
9447,grumpy
9450,empath
9451,rage
9452,grumpy
9453,grumpy
9454,empath
9456,mellow
9457,mellow
9458,calm
9459,mellow
9460,grumpy
9462,empath
9463,rage
9464,calm
9465,grumpy
9466,rage
9467,calm
9470,empath
9472,empath
9475,empath
9476,calm
9478,rage
9479,mellow
9483,mellow
9484,grumpy
9485,calm
9486,grumpy
9487,empath
9488,grumpy
9489,rage
9490,mellow
9492,mellow
9493,empath
9494,rage
9495,mellow
9496,mellow
9497,empath
9499,empath
9501,rage
9503,mellow
9504,empath
9506,rage
9507,mellow
9511,calm
9513,mellow
9516,mellow
9517,empath
9518,grumpy
9521,grumpy
9524,mellow
9525,empath
9526,grumpy
9528,rage
9529,grumpy
9530,calm
9531,grumpy
9534,grumpy
9536,grumpy
9541,grumpy
9543,mellow
9545,mellow
9546,grumpy
9548,calm
9551,calm
9552,grumpy
9557,rage
9558,rage
9559,rage
9560,grumpy
9561,mellow
9565,rage
9567,rage
9569,calm
9570,rage
9571,mellow
9572,calm
9575,empath
9578,rage
9579,calm
9580,rage
9583,rage
9584,empath
9585,calm
9586,calm
9587,empath
9588,grumpy
9589,rage
9590,calm
9591,rage
9592,calm
9593,grumpy
9594,rage
9596,mellow
9597,empath
9598,calm
9599,empath
9600,rage
9601,calm
9604,grumpy
9605,calm
9608,rage
9611,rage
9612,grumpy
9613,grumpy
9616,grumpy
9617,empath
9619,grumpy
9620,rage
9621,rage
9622,mellow
9624,rage
9625,mellow
9628,rage
9629,empath
9631,rage
9634,grumpy
9635,calm
9636,calm
9638,mellow
9640,mellow
9641,mellow
9643,grumpy
9644,calm
9646,empath
9647,grumpy
9648,grumpy
9649,mellow
9650,mellow
9652,mellow
9653,grumpy
9655,empath
9658,mellow
9659,empath
9660,calm
9661,empath
9662,rage
9663,empath
9664,grumpy
9665,empath
9667,empath
9668,mellow
9669,mellow
9670,grumpy
9671,rage
9672,grumpy
9673,calm
9674,empath
9675,grumpy
9676,grumpy
9679,grumpy
9680,grumpy
9681,mellow
9685,calm
9686,empath
9688,mellow
9689,mellow
9690,grumpy
9691,rage
9693,rage
9694,mellow
9695,empath
9696,grumpy
9698,mellow
9700,grumpy
9701,empath
9706,grumpy
9707,empath
9708,mellow
9709,rage
9710,mellow
9711,mellow
9712,mellow
9713,calm
9714,rage
9715,calm
9716,grumpy
9717,mellow
9719,mellow
9723,grumpy
9724,empath
9725,rage
9726,empath
9727,grumpy
9728,rage
9729,rage
9731,grumpy
9732,empath
9734,calm
9735,grumpy
9736,rage
9737,mellow
9738,calm
9740,empath
9741,grumpy
9743,empath
9746,mellow
9747,calm
9748,grumpy
9751,grumpy
9752,mellow
9755,mellow
9756,mellow
9757,rage
9759,mellow
9760,mellow
9761,mellow
9764,rage
9765,rage
9766,empath
9767,empath
9769,empath
9771,mellow
9772,empath
9773,grumpy
9774,mellow
9776,rage
9781,grumpy
9783,rage
9784,grumpy
9785,mellow
9787,grumpy
9788,empath
9790,grumpy
9791,calm
9792,calm
9793,grumpy
9794,mellow
9795,grumpy
9797,calm
9798,grumpy
9799,calm
9803,grumpy
9804,calm
9815,calm
9816,mellow
9817,grumpy
9820,grumpy
9822,calm
9823,calm
9826,rage
9827,calm
9829,grumpy
9830,empath
9837,rage
9838,rage
9842,calm
9843,empath
9846,empath
9847,rage
9848,empath
9849,grumpy
9851,mellow
9852,mellow
9855,empath
9856,grumpy
9857,empath
9859,empath
9860,rage
9861,empath
9864,mellow
9865,grumpy
9866,rage
9867,calm
9869,empath
9870,calm
9871,empath
9872,grumpy
9873,mellow
9874,calm
9876,rage
9877,grumpy
9878,empath
9886,calm
9887,grumpy
9888,grumpy
9889,rage
9891,grumpy
9892,rage
9898,calm
9899,rage
9901,rage
9902,calm
9904,rage
9905,rage
9906,calm
9907,empath
9908,mellow
9909,mellow
9910,empath
9911,mellow
9913,calm
9915,calm
9916,calm
9919,empath
9921,calm
9922,mellow
9923,grumpy
9924,calm
9928,grumpy
9929,grumpy
9930,mellow
9931,calm
9932,calm
9933,grumpy
9934,mellow
9935,calm
9937,grumpy
9938,rage
9941,calm
9942,empath
9943,rage
9944,rage
9946,mellow
9947,mellow
9950,rage
9951,rage
9954,grumpy
9955,empath
9957,grumpy
9958,rage
9959,calm
9960,rage
9961,grumpy
9962,empath
9963,rage
9964,calm
9965,rage
9966,mellow
9967,rage
9968,grumpy
9970,empath
9972,calm
9973,empath
9974,grumpy
9975,calm
9977,calm
9979,grumpy
9980,grumpy
9981,mellow
9983,grumpy
9984,grumpy
9986,calm
9989,calm
9990,rage
9991,grumpy
9992,mellow
9993,empath
9997,empath
9998,empath
9999,mellow
10003,grumpy
10004,grumpy
10006,calm
10007,calm
10009,calm
10010,mellow
10012,calm
10014,mellow
10016,empath
10019,empath
10020,mellow
10021,mellow
10022,grumpy
10023,empath
10024,grumpy
10026,calm
10028,calm
10029,grumpy
10030,grumpy
10034,mellow
10035,rage
10036,rage
10038,mellow
10041,calm
10042,calm
10045,calm
10046,empath
10048,rage
10049,empath
10050,calm
10051,rage
10056,calm
10057,calm
10059,mellow
10060,empath
10061,rage
10062,empath
10065,empath
10066,rage
10068,calm
10069,calm
10070,grumpy
10072,calm
10073,empath
10075,mellow
10078,mellow
10080,empath
10081,calm
10082,calm
10083,mellow
10087,rage
10088,mellow
10090,empath
10091,calm
10094,rage
10095,calm
10099,mellow
10100,mellow
10103,empath
10105,mellow
10107,grumpy
10108,mellow
10109,calm
10110,grumpy
10111,calm
10113,grumpy
10116,grumpy
10117,grumpy
10118,grumpy
10119,empath
10121,rage
10123,empath
10124,empath
10125,empath
10126,mellow
10128,rage
10129,rage
10131,mellow
10132,empath
10133,calm
10137,grumpy
10138,rage
10139,rage
10140,empath
10142,mellow
10145,calm
10147,calm
10150,grumpy
10153,empath
10154,rage
10155,empath
10157,calm
10158,mellow
10159,grumpy
10160,mellow
10161,mellow
10162,mellow
10163,grumpy
10165,calm
10166,calm
10168,grumpy
10172,empath
10173,grumpy
10174,mellow
10175,grumpy
10176,grumpy
10177,empath
10178,calm
10181,grumpy
10182,grumpy
10183,mellow
10184,grumpy
10185,mellow
10186,empath
10188,grumpy
10189,calm
10190,rage
10191,rage
10192,empath
10193,grumpy
10195,mellow
10196,calm
10198,calm
10199,empath
10200,empath
10201,mellow
10202,empath
10203,rage
10204,rage
10205,empath
10207,rage
10209,grumpy
10210,grumpy
10213,grumpy
10214,empath
10215,calm
10216,grumpy
10217,mellow
10220,empath
10221,grumpy
10223,empath
10224,grumpy
10225,mellow
10226,calm
10227,calm
10228,empath
10229,grumpy
10230,grumpy
10231,mellow
10232,mellow
10234,calm
10237,mellow
10238,rage
10239,mellow
10241,grumpy
10242,grumpy
10246,mellow
10247,calm
10248,calm
10249,grumpy
10250,calm
10252,grumpy
10253,mellow
10256,calm
10257,calm
10258,mellow
10260,empath
10261,grumpy
10262,empath
10263,mellow
10264,calm
10265,grumpy
10266,rage
10268,grumpy
10269,calm
10270,empath
10273,calm
10274,calm
10275,grumpy
10276,mellow
10278,grumpy
10281,rage
10282,rage
10284,grumpy
10286,rage
10288,empath
10289,mellow
10290,mellow
10292,empath
10293,empath
10295,mellow
10297,calm
10298,empath
10299,grumpy
10301,calm
10302,rage
10304,grumpy
10306,mellow
10307,mellow
10308,rage
10310,rage
10312,grumpy
10313,rage
10314,mellow
10316,empath
10319,empath
10320,calm
10321,rage
10322,empath
10323,empath
10325,mellow
10328,calm
10329,mellow
10330,empath
10331,grumpy
10333,rage
10334,grumpy
10335,mellow
10336,calm
10338,empath
10339,rage
10340,empath
10341,mellow
10342,mellow
10344,empath
10345,empath
10346,empath
10348,mellow
10349,grumpy
10353,empath
10354,empath
10355,grumpy
10357,rage
10358,empath
10359,rage
10360,grumpy
10361,mellow
10362,grumpy
10363,calm
10364,grumpy
10366,grumpy
10367,rage
10368,empath
10369,mellow
10374,grumpy
10376,mellow
10377,calm
10378,mellow
10380,grumpy
10382,empath
10383,empath
10385,mellow
10386,grumpy
10389,empath
10390,calm
10391,calm
10392,rage
10393,mellow
10396,rage
10397,grumpy
10400,mellow
10402,calm
10403,calm
10405,calm
10406,calm
10407,mellow
10410,calm
10411,empath
10412,empath
10413,rage
10415,grumpy
10416,rage
10418,calm
10423,calm
10424,empath
10425,calm
10427,grumpy
10428,grumpy
10432,empath
10433,empath
10435,empath
10436,mellow
10439,rage
10441,empath
10444,empath
10445,mellow
10446,grumpy
10449,mellow
10450,mellow
10451,rage
10452,mellow
10453,rage
10455,rage
10456,empath
10458,empath
10459,mellow
10462,empath
10463,rage
10464,grumpy
10465,mellow
10468,mellow
10472,empath
10473,grumpy
10474,grumpy
10475,calm
10476,mellow
10478,calm
10479,empath
10481,mellow
10482,calm
10483,mellow
10484,grumpy
10487,rage
10489,mellow
10490,empath
10491,calm
10492,rage
10494,calm
10495,mellow
10496,calm
10498,empath
10499,mellow
10500,rage
10501,mellow
10504,grumpy
10505,calm
10507,grumpy
10508,calm
10511,empath
10512,empath
10515,grumpy
10517,empath
10518,calm
10520,rage
10522,grumpy
10523,calm
10524,rage
10525,mellow
10526,empath
10528,calm
10529,grumpy
10530,calm
10533,rage
10534,empath
10535,empath
10536,rage
10537,grumpy
10538,rage
10539,mellow
10540,grumpy
10543,calm
10547,rage
10549,mellow
10551,grumpy
10554,empath
10556,empath
10557,empath
10558,mellow
10559,empath
10560,calm
10561,calm
10562,calm
10563,rage
10564,empath
10566,grumpy
10567,grumpy
10569,calm
10570,mellow
10573,mellow
10574,grumpy
10575,rage
10576,mellow
10577,calm
10579,grumpy
10581,grumpy
10582,calm
10584,mellow
10588,calm
10592,empath
10594,rage
10595,calm
10597,empath
10602,grumpy
10603,calm
10604,mellow
10605,grumpy
10608,mellow
10609,rage
10610,rage
10611,rage
10614,rage
10617,empath
10618,rage
10621,grumpy
10622,empath
10623,calm
10625,calm
10626,calm
10627,empath
10628,calm
10629,grumpy
10630,mellow
10632,mellow
10633,rage
10634,calm
10636,mellow
10637,calm
10639,calm
10640,mellow
10641,grumpy
10642,rage
10643,grumpy
10644,rage
10649,mellow
10651,calm
10652,grumpy
10654,calm
10656,grumpy
10658,empath
10660,empath
10662,calm
10664,mellow
10665,empath
10666,grumpy
10667,calm
10669,calm
10670,calm
10675,empath
10676,mellow
10677,calm
10678,empath
10679,calm
10680,grumpy
10681,calm
10682,calm
10683,rage
10684,calm
10685,calm
10686,empath
10688,calm
10689,grumpy
10694,rage
10697,calm
10699,calm
10701,rage
10702,empath
10704,empath
10706,rage
10707,empath
10708,empath
10710,grumpy
10711,empath
10712,mellow
10713,rage
10715,grumpy
10718,rage
10720,empath
10723,grumpy
10724,mellow
10726,calm
10729,rage
10730,empath
10731,empath
10733,calm
10734,rage
10735,calm
10736,empath
10740,empath
10741,grumpy
10742,mellow
10743,mellow
10745,empath
10746,grumpy
10747,grumpy
10748,calm
10750,empath
10751,grumpy
10752,grumpy
10753,calm
10755,mellow
10756,rage
10758,empath
10763,mellow
10765,empath
10767,grumpy
10768,mellow
10769,calm
10770,rage
10773,mellow
10774,grumpy
10775,empath
10777,empath
10778,grumpy
10780,empath
10781,calm
10784,grumpy
10786,grumpy
10789,rage
10790,empath
10792,empath
10793,empath
10794,mellow
10795,rage
10797,empath
10798,grumpy
10799,calm
10800,calm
10802,calm
10803,empath
10805,mellow
10807,grumpy
10810,empath
10814,mellow
10816,mellow
10818,empath
10819,calm
10821,grumpy
10822,empath
10824,rage
10825,mellow
10826,calm
10828,mellow
10835,mellow
10839,rage
10841,calm
10843,empath
10845,rage
10848,calm
10849,calm
10850,grumpy
10851,mellow
10852,calm
10853,calm
10854,mellow
10856,rage
10860,calm
10861,grumpy
10865,mellow
10866,empath
10867,calm
10868,calm
10869,calm
10870,mellow
10871,empath
10872,mellow
10873,empath
10880,grumpy
10881,grumpy
10882,mellow
10883,calm
10886,empath
10889,grumpy
10891,empath
10892,rage
10894,grumpy
10897,empath
10898,calm
10900,rage
10901,empath
10902,empath
10904,calm
10905,empath
10907,rage
10908,calm
10912,rage
10913,rage
10914,mellow
10915,calm
10916,rage
10918,rage
10919,grumpy
10920,rage
10924,rage
10925,rage
10926,calm
10927,grumpy
10928,calm
10929,empath
10931,grumpy
10932,calm
10933,empath
10934,empath
10936,empath
10938,calm
10939,calm
10940,calm
10943,grumpy
10944,rage
10945,grumpy
10946,mellow
10948,mellow
10949,empath
10950,calm
10951,mellow
10952,calm
10953,mellow
10954,calm
10955,grumpy
10956,empath
10957,empath
10958,empath
10959,grumpy
10960,rage
10961,rage
10962,mellow
10967,empath
10968,empath
10970,grumpy
10971,calm
10973,calm
10974,calm
10975,rage
10976,mellow
10978,rage
10979,rage
10980,calm
10981,calm
10984,grumpy
10986,calm
10987,empath
10988,empath
10992,mellow
10993,rage
10996,grumpy
10997,rage
10999,empath
11001,mellow
11004,grumpy
11009,grumpy
11010,calm
11011,rage
11012,calm
11013,mellow
11014,rage
11016,calm
11017,calm
11019,grumpy
11024,mellow
11025,rage
11027,mellow
11028,empath
11029,calm
11030,empath
11032,calm
11033,rage
11034,grumpy
11035,mellow
11038,rage
11041,grumpy
11042,calm
11043,rage
11045,rage
11046,mellow
11047,mellow
11048,empath
11052,rage
11053,calm
11054,calm
11056,grumpy
11060,mellow
11061,calm
11062,rage
11063,grumpy
11065,rage
11066,grumpy
11067,mellow
11068,grumpy
11069,empath
11070,mellow
11073,rage
11076,empath
11077,calm
11078,calm
11082,empath
11083,calm
11084,mellow
11087,mellow
11088,empath
11089,mellow
11091,rage
11092,mellow
11094,empath
11095,grumpy
11096,grumpy
11097,calm
11098,mellow
11099,rage
11104,grumpy
11105,rage
11107,calm
11108,empath
11109,mellow
11110,mellow
11111,grumpy
11113,calm
11115,empath
11117,mellow
11119,grumpy
11120,grumpy
11121,empath
11122,rage
11123,empath
11124,empath
11126,grumpy
11130,mellow
11131,mellow
11132,rage
11133,rage
11136,grumpy
11138,rage
11139,calm
11140,calm
11141,calm
11142,calm
11143,calm
11144,grumpy
11145,mellow
11146,calm
11147,mellow
11151,calm
11152,mellow
11153,grumpy
11154,empath
11156,calm
11158,grumpy
11159,calm
11160,grumpy
11161,empath
11163,calm
11164,empath
11165,calm
11166,mellow
11167,calm
11168,empath
11169,grumpy
11170,rage
11171,rage
11173,calm
11176,rage
11177,mellow
11179,empath
11180,empath
11184,rage
11187,mellow
11193,mellow
11194,rage
11195,grumpy
11197,empath
11203,mellow
11205,rage
11208,mellow
11209,mellow
11211,mellow
11212,rage
11213,grumpy
11219,rage
11220,calm
11221,mellow
11222,mellow
11224,mellow
11225,empath
11226,rage
11227,mellow
11229,mellow
11231,grumpy
11233,calm
11234,empath
11235,calm
11237,rage
11238,grumpy
11239,empath
11240,rage
11241,calm
11243,rage
11244,empath
11245,mellow
11246,calm
11247,mellow
11248,empath
11250,empath
11251,empath
11252,rage
11254,calm
11259,empath
11261,mellow
11263,calm
11264,mellow
11265,grumpy
11266,rage
11268,grumpy
11269,mellow
11272,empath
11274,grumpy
11275,calm
11276,mellow
11277,empath
11283,calm
11284,rage
11285,calm
11287,empath
11288,calm
11289,grumpy
11290,mellow
11291,mellow
11292,mellow
11294,calm
11299,empath
11301,mellow
11303,rage
11304,empath
11305,calm
11308,rage
11309,calm
11312,calm
11313,rage
11315,rage
11316,calm
11317,calm
11320,empath
11324,empath
11326,mellow
11328,empath
11329,calm
11331,mellow
11334,rage
11335,calm
11337,rage
11338,grumpy
11339,calm
11340,empath
11341,mellow
11344,grumpy
11345,rage
11347,grumpy
11348,calm
11349,mellow
11350,empath
11351,mellow
11352,grumpy
11356,rage
11357,rage
11362,empath
11367,rage
11370,mellow
11372,calm
11373,grumpy
11374,mellow
11375,calm
11376,rage
11377,empath
11378,calm
11379,mellow
11381,calm
11382,mellow
11384,mellow
11385,calm
11386,calm
11388,empath
11390,empath
11394,grumpy
11396,calm
11397,empath
11398,rage
11401,calm
11406,rage
11407,rage
11408,rage
11412,rage
11414,empath
11416,mellow
11418,calm
11419,grumpy
11420,rage
11422,rage
11423,calm
11424,empath
11426,empath
11427,grumpy
11429,mellow
11431,calm
11432,calm
11433,grumpy
11437,rage
11438,empath
11439,empath
11448,mellow
11451,empath
11452,grumpy
11453,mellow
11454,mellow
11455,rage
11456,empath
11457,mellow
11459,calm
11460,calm
11462,rage
11465,mellow
11466,mellow
11468,empath
11472,mellow
11473,mellow
11475,empath
11477,grumpy
11481,calm
11482,rage
11484,mellow
11485,empath
11489,rage
11495,mellow
11496,rage
11497,empath
11498,rage
11499,rage
11501,mellow
11503,empath
11504,rage
11505,mellow
11506,empath
11508,grumpy
11510,mellow
11516,calm
11517,empath
11520,calm
11521,mellow
11523,mellow
11524,empath
11525,calm
11526,mellow
11528,mellow
11529,mellow
11530,mellow
11531,mellow
11534,grumpy
11536,empath
11539,calm
11541,calm
11542,rage
11543,mellow
11546,mellow
11551,empath
11555,rage
11560,empath
11561,grumpy
11563,calm
11565,grumpy
11566,calm
11572,rage
11573,calm
11577,empath
11578,rage
11579,empath
11580,calm
11584,empath
11585,mellow
11586,grumpy
11587,empath
11588,rage
11591,mellow
11595,calm
11598,mellow
11602,rage
11603,mellow
11604,grumpy
11605,calm
11606,empath
11607,empath
11608,grumpy
11609,rage
11610,grumpy
11611,rage
11613,grumpy
11614,grumpy
11615,mellow
11616,rage
11618,empath
11620,grumpy
11621,mellow
11623,rage
11626,calm
11628,empath
11629,grumpy
11630,grumpy
11632,mellow
11633,calm
11634,mellow
11636,rage
11637,rage
11639,empath
11644,empath
11645,mellow
11646,grumpy
11647,rage
11650,rage
11653,rage
11654,mellow
11656,rage
11663,mellow
11664,mellow
11665,calm
11667,rage
11669,grumpy
11671,rage
11674,calm
11678,grumpy
11684,empath
11685,grumpy
11686,calm
11687,mellow
11690,mellow
11693,empath
11694,grumpy
11696,mellow
11697,grumpy
11698,grumpy
11701,calm
11703,empath
11706,mellow
11707,mellow
11708,mellow
11709,grumpy
11711,mellow
11712,calm
11715,mellow
11716,mellow
11724,mellow
11729,rage
11731,grumpy
11739,grumpy
11741,empath
11742,empath
11743,calm
11746,mellow
11747,grumpy
11748,rage
11756,empath
11758,empath
11759,grumpy
11762,grumpy
11763,grumpy
11765,grumpy
11766,grumpy
11771,empath
11777,empath
11778,empath
11781,mellow
11782,calm
11784,mellow
11785,empath
11789,empath
11790,empath
11791,calm
11792,calm
11794,calm
11796,calm
11797,calm
11798,grumpy
11799,mellow
11800,grumpy
11802,calm
11804,rage
11805,grumpy
11806,empath
11809,rage
11810,calm
11811,rage
11812,calm
11813,empath
11816,rage
11818,grumpy
11819,empath
11827,grumpy
11830,rage
11831,rage
11832,rage
11833,empath
11834,calm
11835,empath
11838,rage
11839,mellow
11841,rage
11843,calm
11845,grumpy
11849,empath
11853,empath
11855,empath
11857,grumpy
11859,grumpy
11860,grumpy
11862,calm
11865,rage
11868,rage
11878,grumpy
11879,calm
11881,mellow
11888,grumpy
11889,rage
11890,calm
11891,mellow
11893,calm
11894,mellow
11896,mellow
11900,empath
11901,grumpy
11904,calm
11905,empath
11907,mellow
11908,calm
11909,mellow
11910,calm
11911,calm
11914,mellow
11916,rage
11919,grumpy
11922,empath
11923,grumpy
11924,rage
11925,mellow
11927,rage
11934,grumpy
11937,grumpy
11938,rage
11941,calm
11942,grumpy
11943,calm
11944,rage
11946,empath
11949,empath
11953,mellow
11954,rage
11955,calm
11956,rage
11957,empath
11961,empath
11962,mellow
11963,rage
11965,empath
11966,empath
11970,rage
11972,grumpy
11977,rage
11978,empath
11980,grumpy
11981,mellow
11982,mellow
11985,grumpy
11987,empath
11988,rage
11989,rage
11990,calm
11991,rage
11992,mellow
11994,rage
11998,mellow
12000,rage
12001,grumpy
12004,empath
12005,mellow
12007,mellow
12010,calm
12011,rage
12012,mellow
12015,rage
12016,rage
12017,rage
12018,mellow
12019,calm
12020,rage
12025,calm
12026,grumpy
12027,rage
12029,calm
12030,rage
12033,rage
12035,empath
12036,mellow
12037,grumpy
12038,calm
12040,mellow
12041,mellow
12042,rage
12044,empath
12045,calm
12047,mellow
12048,calm
12049,mellow
12050,mellow
12052,mellow
12053,grumpy
12055,empath
12056,rage
12057,rage
12060,grumpy
12061,grumpy
12067,rage
12069,rage
12072,grumpy
12073,mellow
12074,mellow
12076,calm
12077,empath
12079,mellow
12081,empath
12083,rage
12085,empath
12091,calm
12092,calm
12094,grumpy
12097,calm
12098,mellow
12099,grumpy
12100,empath
12102,mellow
12103,empath
12104,calm
12105,rage
12106,grumpy
12107,grumpy
12108,rage
12109,mellow
12113,grumpy
12115,empath
12116,empath
12117,grumpy
12120,rage
12123,rage
12126,calm
12127,mellow
12130,mellow
12131,grumpy
12134,calm
12137,empath
12141,mellow
12142,empath
12145,rage
12146,rage
12147,rage
12148,grumpy
12149,empath
12150,grumpy
12154,empath
12155,calm
12156,grumpy
12157,empath
12159,calm
12160,grumpy
12162,mellow
12164,mellow
12167,calm
12168,empath
12170,grumpy
12172,mellow
12174,calm
12177,mellow
12178,calm
12179,calm
12180,rage
12182,mellow
12184,grumpy
12186,rage
12187,mellow
12189,grumpy
12191,grumpy
12193,empath
12197,empath
12198,calm
12199,calm
12200,calm
12204,grumpy
12205,mellow
12208,grumpy
12209,grumpy
12210,empath
12211,empath
12214,rage
12215,calm
12217,empath
12219,empath
12220,grumpy
12221,empath
12222,rage
12226,grumpy
12227,rage
12229,grumpy
12230,empath
12234,rage
12236,mellow
12238,grumpy
12242,grumpy
12245,mellow
12246,empath
12247,empath
12248,mellow
12252,calm
12256,grumpy
12257,rage
12258,rage
12259,empath
12260,empath
12261,empath
12263,mellow
12268,mellow
12272,empath
12275,calm
12277,empath
12279,empath
12280,grumpy
12281,calm
12282,empath
12283,empath
12284,calm
12285,calm
12287,mellow
12288,empath
12290,empath
12292,mellow
12295,mellow
12296,calm
12297,rage
12298,grumpy
12299,mellow
12302,calm
12303,mellow
12305,rage
12307,mellow
12308,calm
12309,calm
12313,empath
12315,mellow
12316,grumpy
12318,rage
12320,calm
12322,mellow
12323,rage
12324,rage
12327,empath
12328,empath
12330,empath
12332,rage
12333,empath
12334,mellow
12336,mellow
12339,rage
12341,mellow
12343,mellow
12344,grumpy
12349,rage
12351,grumpy
12353,empath
12356,empath
12358,grumpy
12362,grumpy
12363,mellow
12364,grumpy
12368,rage
12371,grumpy
12373,calm
12376,empath
12377,empath
12378,calm
12384,mellow
12385,mellow
12387,grumpy
12388,rage
12389,rage
12390,mellow
12391,grumpy
12393,rage
12398,calm
12400,rage
12403,grumpy
12406,mellow
12409,grumpy
12413,mellow
12416,mellow
12417,mellow
12418,rage
12419,empath
12420,empath
12425,calm
12427,mellow
12431,grumpy
12432,calm
12435,rage
12437,mellow
12438,empath
12439,mellow
12440,rage
12443,mellow
12444,mellow
12451,mellow
12457,calm
12458,mellow
12459,empath
12460,rage
12462,empath
12463,empath
12464,calm
12468,empath
12470,rage
12471,grumpy
12475,rage
12476,empath
12477,rage
12481,mellow
12485,mellow
12486,grumpy
12487,mellow
12488,rage
12490,rage
12491,empath
12492,grumpy
12493,empath
12495,rage
12497,rage
12499,mellow
12500,grumpy
12501,empath
12502,empath
12504,rage
12505,mellow
12506,empath
12509,mellow
12512,rage
12513,calm
12514,rage
12515,empath
12516,empath
12517,rage
12519,grumpy
12520,grumpy
12523,rage
12524,grumpy
12529,calm
12531,rage
12532,grumpy
12533,calm
12534,grumpy
12536,calm
12537,rage
12538,empath
12541,mellow
12542,mellow
12543,rage
12546,grumpy
12549,mellow
12551,grumpy
12552,rage
12553,mellow
12556,rage
12559,empath
12562,rage
12564,grumpy
12565,calm
12566,rage
12569,rage
12570,calm
12571,empath
12575,mellow
12576,mellow
12577,calm
12578,mellow
12579,grumpy
12581,grumpy
12584,empath
12585,empath
12589,grumpy
12594,calm
12595,empath
12598,calm
12599,grumpy
12601,calm
12603,empath
12604,calm
12606,calm
12607,empath
12610,rage
12614,rage
12615,empath
12619,grumpy
12622,rage
12623,empath
12624,grumpy
12629,mellow
12635,calm
12637,mellow
12639,grumpy
12640,mellow
12641,empath
12643,rage
12645,empath
12646,mellow
12648,mellow
12649,rage
12650,empath
12654,rage
12655,calm
12659,calm
12660,mellow
12661,calm
12662,empath
12666,calm
12667,mellow
12670,rage
12671,grumpy
12672,empath
12674,empath
12675,empath
12678,empath
12680,calm
12681,calm
12682,calm
12683,grumpy
12684,empath
12687,empath
12688,rage
12690,grumpy
12691,mellow
12693,empath
12694,mellow
12696,mellow
12697,grumpy
12698,mellow
12702,calm
12704,calm
12705,rage
12708,mellow
12709,mellow
12710,rage
12711,calm
12715,calm
12720,mellow
12726,rage
12730,empath
12732,calm
12733,calm
12736,mellow
12737,mellow
12740,rage
12742,calm
12743,rage
12745,calm
12746,empath
12747,mellow
12751,mellow
12755,grumpy
12756,rage
12759,mellow
12761,mellow
12762,calm
12763,empath
12764,rage
12766,empath
12769,empath
12770,empath
12771,empath
12774,grumpy
12775,mellow
12776,calm
12778,mellow
12779,empath
12784,grumpy
12788,empath
12790,mellow
12792,rage
12794,calm
12800,empath
12802,mellow
12804,rage
12805,mellow
12806,calm
12808,grumpy
12810,mellow
12811,calm
12812,rage
12820,empath
12823,calm
12824,rage
12825,calm
12827,mellow
12829,empath
12830,rage
12831,mellow
12832,empath
12835,rage
12836,calm
12837,mellow
12838,grumpy
12840,empath
12842,empath
12843,rage
12844,calm
12847,calm
12850,calm
12851,mellow
12853,calm
12856,empath
12858,empath
12862,rage
12866,calm
12870,mellow
12873,mellow
12877,mellow
12878,mellow
12881,mellow
12882,rage
12885,grumpy
12886,calm
12890,grumpy
12892,empath
12893,mellow
12897,calm
12898,calm
12899,mellow
12903,empath
12909,rage
12910,rage
12912,grumpy
12914,mellow
12916,calm
12919,mellow
12920,calm
12921,grumpy
12923,mellow
12925,grumpy
12926,calm
12928,calm
12931,mellow
12937,grumpy
12938,calm
12939,calm
12940,grumpy
12941,grumpy
12942,empath
12944,rage
12947,empath
12949,empath
12950,empath
12951,empath
12953,mellow
12955,grumpy
12960,grumpy
12962,rage
12963,rage
12965,grumpy
12970,mellow
12971,rage
12974,empath
12975,calm
12979,mellow
12980,empath
12982,empath
12988,empath
12990,calm
12994,empath
12996,empath
12998,rage
13000,rage
13003,rage
13008,rage
13011,empath
13013,mellow
13015,empath
13020,empath
13022,grumpy
13025,empath
13028,grumpy
13030,empath
13031,empath
13038,grumpy
13039,grumpy
13040,grumpy
13043,mellow
13047,rage
13053,calm
13056,rage
13066,grumpy
13069,mellow
13070,mellow
13072,calm
13074,empath
13080,rage
13082,mellow
13083,calm
13090,empath
13097,mellow
13100,empath
13101,calm
13104,rage
13111,calm
13113,calm
13117,empath
13120,empath
13121,grumpy
13122,empath
13125,empath
13128,mellow
13131,rage
13136,grumpy
13139,grumpy
13141,rage
13145,rage
13149,calm
13155,calm
13156,grumpy
13157,grumpy
13159,empath
13160,calm
13161,empath
13164,rage
13166,calm
13167,grumpy
13168,rage
13169,empath
13173,empath
13174,grumpy
13176,grumpy
13177,grumpy
13180,empath
13183,mellow
13186,grumpy
13190,grumpy
13192,mellow
13197,empath
13199,empath
13202,grumpy
13203,empath
13206,mellow
13207,rage
13210,mellow
13214,calm
13216,grumpy
13217,grumpy
13219,calm
13221,empath
13223,grumpy
13225,calm
13227,grumpy
13230,mellow
13231,mellow
13235,rage
13236,calm
13237,empath
13238,calm
13242,grumpy
13246,rage
13252,mellow
13257,rage
13258,rage
13259,mellow
13263,rage
13266,calm
13269,empath
13273,calm
13275,mellow
13276,empath
13277,mellow
13279,rage
13280,grumpy
13281,rage
13282,mellow
13283,calm
13285,rage
13288,rage
13290,empath
13292,empath
13293,calm
13294,calm
13299,grumpy
13300,mellow
13305,mellow
13306,rage
13309,calm
13311,calm
13314,calm
13320,rage
13322,calm
13328,rage
13330,calm
13333,calm
13334,grumpy
13336,calm
13337,empath
13344,empath
13349,empath
13352,calm
13354,mellow
13356,calm
13359,rage
13361,empath
13366,empath
13367,empath
13368,empath
13369,mellow
13372,empath
13373,rage
13374,empath
13377,empath
13384,calm
13388,mellow
13391,calm
13392,rage
13394,empath
13399,rage
13400,grumpy
13402,grumpy
13408,empath
13410,rage
13412,rage
13413,grumpy
13415,rage
13418,mellow
13422,grumpy
13425,calm
13431,empath
13432,empath
13433,rage
13434,empath
13435,mellow
13441,calm
13443,grumpy
13444,grumpy
13445,empath
13446,mellow
13453,rage
13455,mellow
13456,empath
13457,grumpy
13459,calm
13461,grumpy
13468,calm
13473,grumpy
13477,grumpy
13478,empath
13482,calm
13483,empath
13485,rage
13486,mellow
13489,grumpy
13490,calm
13491,mellow
13494,grumpy
13496,mellow
13499,grumpy
13500,empath
13501,grumpy
13503,rage
13508,mellow
13509,calm
13514,grumpy
13515,mellow
13516,grumpy
13517,mellow
13519,mellow
13522,empath
13527,empath
13529,empath
13533,calm
13535,mellow
13545,calm
13546,calm
13550,empath
13552,rage
13553,empath
13554,mellow
13555,mellow
13559,empath
13560,grumpy
13561,empath
13562,calm
13563,calm
13565,grumpy
13566,mellow
13568,rage
13570,calm
13571,empath
13574,rage
13575,mellow
13583,mellow
13585,grumpy
13591,calm
13592,calm
13593,empath
13594,calm
13605,grumpy
13607,calm
13609,grumpy
13620,rage
13621,empath
13624,grumpy
13625,empath
13627,rage
13632,calm
13638,calm
13642,calm
13643,grumpy
13644,calm
13645,empath
13646,grumpy
13648,grumpy
13649,grumpy
13650,calm
13651,rage
13659,empath
13660,grumpy
13662,mellow
13665,empath
13666,empath
13668,empath
13672,mellow
13675,calm
13677,calm
13680,calm
13681,grumpy
13689,grumpy
13692,calm
13694,calm
13696,empath
13699,rage
13700,grumpy
13701,rage
13702,grumpy
13704,calm
13712,rage
13714,calm
13720,empath
13729,calm
13730,calm
13732,calm
13735,rage
13736,rage
13739,empath
13746,rage
13754,grumpy
13755,mellow
13756,mellow
13762,grumpy
13764,mellow
13765,rage
13768,rage
13769,empath
13770,mellow
13773,empath
13775,empath
13777,empath
13778,rage
13779,empath
13782,empath
13785,mellow
13788,mellow
13789,rage
13796,mellow
13798,empath
13802,grumpy
13806,calm
13808,calm
13810,empath
13811,grumpy
13812,mellow
13815,calm
13819,mellow
13820,empath
13831,empath
13840,calm
13842,rage
13843,mellow
13845,calm
13846,rage
13850,empath
13851,mellow
13852,grumpy
13853,grumpy
13855,grumpy
13857,grumpy
13858,mellow
13859,calm
13860,mellow
13864,rage
13865,empath
13866,empath
13868,grumpy
13872,empath
13875,mellow
13876,empath
13877,calm
13882,empath
13884,rage
13888,empath
13889,calm
13892,empath
13894,grumpy
13895,empath
13897,mellow
13899,calm
13903,grumpy
13906,rage
13907,calm
13908,grumpy
13913,calm
13916,rage
13918,rage
13919,calm
13922,mellow
13923,rage
13924,grumpy
13925,empath
13926,calm
13933,grumpy
13943,grumpy
13944,rage
13949,empath
13950,empath
13952,rage
13965,mellow
13969,grumpy
13970,rage
13972,grumpy
13974,rage
13979,calm
13983,empath
13984,calm
13987,empath
13991,empath
13992,mellow
13994,empath
13995,empath
14000,mellow
14003,empath
14005,calm
14007,calm
14008,calm
14019,empath
14021,rage
14023,calm
14031,calm
14032,grumpy
14035,rage
14040,grumpy
14044,rage
14046,mellow
14053,empath
14056,grumpy
14057,empath
14060,mellow
14062,calm
14067,calm
14070,empath
14072,mellow
14074,mellow
14091,calm
14094,grumpy
14096,mellow
14097,grumpy
14100,mellow
14102,calm
14104,calm
14120,empath
14126,empath
14127,calm
14135,empath
14137,calm
14140,calm
14141,rage
14142,mellow
14143,grumpy
14145,empath
14147,empath
14149,empath
14154,empath
14161,mellow
14167,rage
14174,calm
14176,empath
14184,empath
14187,empath
14194,calm
14197,rage
14198,calm
14203,grumpy
14206,mellow
14207,rage
14208,rage
14209,empath
14210,grumpy
14211,calm
14212,grumpy
14213,mellow
14214,empath
14215,grumpy
14225,calm
14226,empath
14227,grumpy
14228,empath
14229,calm
14235,grumpy
14239,empath
14241,rage
14244,empath
14250,rage
14253,calm
14260,calm
14261,grumpy
14263,empath
14266,grumpy
14272,rage
14276,rage
14277,mellow
14280,grumpy
14282,rage
14287,mellow
14294,grumpy
14297,empath
14299,rage
14306,grumpy
14310,grumpy
14311,grumpy
14318,grumpy
14326,rage
14333,mellow
14336,mellow
14337,mellow
14338,calm
14342,mellow
14344,calm
14345,grumpy
14347,calm
14366,mellow
14371,empath
14375,empath
14378,mellow
14381,grumpy
14385,empath
14386,calm
14393,calm
14396,mellow
14397,empath
14400,empath
14408,grumpy
14413,rage
14422,rage
14425,calm
14430,rage
14433,mellow
14434,rage
14440,calm
14444,grumpy
14450,rage
14456,empath
14461,mellow
14468,empath
14476,empath
14477,rage
14478,mellow
14486,empath
14495,grumpy
14515,rage
14524,calm
14525,mellow
14527,calm
14529,rage
14532,mellow
14539,mellow
14543,calm
14546,mellow
14548,mellow
14554,rage
14559,mellow
14584,mellow
14586,grumpy
14604,rage
14614,empath
14618,grumpy
14622,grumpy
14624,mellow
14628,empath
14636,calm
14639,grumpy
14644,calm
14645,mellow
14653,grumpy
14654,mellow
14659,calm
14670,calm
14676,empath
14686,empath
14689,grumpy
14690,calm
14694,calm
14712,rage
14713,grumpy
14717,rage
14726,rage
14730,rage
14746,empath
14753,grumpy
14754,rage
14756,calm
14776,mellow
14783,empath
14793,calm
14795,mellow
14796,grumpy
14797,empath
14799,grumpy
14810,rage
14815,calm
14822,rage
14827,calm
14833,calm
14837,calm
14838,mellow
14843,grumpy
14848,empath
14856,calm
14859,grumpy
14867,mellow
14870,calm
14901,grumpy
14911,mellow
14914,rage
14918,mellow
14926,empath
14934,calm
14936,grumpy
14938,empath
14943,calm
14949,empath
14954,empath
14959,empath
14984,mellow
14990,grumpy
15028,empath
15029,empath
15033,grumpy
15036,rage
15045,empath
15047,empath
15049,rage
15059,rage
15060,rage
15070,rage
15071,calm
15077,empath
15086,rage
15095,empath
15104,rage
15109,rage
15114,empath
15145,empath
15153,empath
15168,grumpy
15181,grumpy
15182,rage
15198,calm
15200,grumpy
15224,calm
15225,mellow
15237,rage
15266,calm
15305,calm
15308,mellow
15314,mellow
15325,grumpy
15341,empath
15355,grumpy
15361,mellow
15373,calm
15384,rage
15392,mellow
15393,empath
15398,grumpy
15421,calm
15422,rage
15439,empath
15447,mellow
15451,rage
15473,rage
15482,calm
15509,rage
15525,empath
15561,grumpy
15607,grumpy
15611,rage
15624,mellow
15633,grumpy
15674,empath
15700,grumpy
15701,mellow
15717,calm
15742,rage
15745,mellow
15760,calm
15762,mellow
15768,empath
15807,grumpy
15835,grumpy
15863,grumpy
15867,rage
15924,empath
15942,empath
15943,rage
15964,empath
15974,empath
15977,grumpy
15979,mellow
16002,rage
16003,empath
16009,grumpy
16049,rage
16061,calm
16071,empath
16142,empath
16145,calm
16179,rage
16223,calm
16282,empath
16310,grumpy
16330,empath
16372,grumpy
16393,rage
16411,mellow
16425,empath
16433,grumpy
16458,empath
16509,calm
16530,rage
16565,grumpy
16598,calm
16694,mellow
16712,calm
16839,grumpy
16849,grumpy
16869,calm
16885,rage
16887,mellow
16916,grumpy
16993,empath
16994,empath
17023,rage
17198,calm
17212,empath
17307,calm
17394,empath
17426,rage
17578,rage
17706,calm
17752,calm
17845,calm
17870,rage
17885,mellow
18035,empath
18124,calm
18238,grumpy
18390,grumpy
18640,rage
18647,calm
18763,rage
19093,mellow
19122,empath
19454,empath
20010,mellow
20635,calm
21308,rage
21315,rage
21553,mellow
22352,rage
23008,rage
23031,empath
