target_user_id,label
1,grumpy
2,grumpy
3,grumpy
4,grumpy
5,rage
6,mellow
7,grumpy
8,mellow
9,calm
10,mellow
11,grumpy
12,rage
13,mellow
14,rage
15,rage
16,grumpy
17,mellow
18,grumpy
19,calm
20,empath
21,grumpy
22,rage
23,rage
24,grumpy
25,calm
26,rage
27,calm
28,rage
29,mellow
30,rage
31,grumpy
32,grumpy
33,grumpy
34,calm
35,empath
36,rage
37,rage
38,calm
39,rage
40,rage
41,empath
42,empath
43,mellow
44,grumpy
45,grumpy
46,grumpy
47,calm
48,grumpy
49,rage
50,calm
51,mellow
52,rage
53,rage
54,calm
55,calm
56,empath
57,mellow
58,rage
59,grumpy
60,grumpy
61,empath
62,empath
63,rage
64,mellow
65,calm
66,mellow
67,rage
68,rage
70,rage
71,grumpy
72,grumpy
73,rage
74,mellow
75,rage
76,calm
77,calm
78,empath
79,calm
80,rage
81,mellow
82,mellow
83,rage
84,grumpy
85,mellow
86,rage
87,grumpy
88,grumpy
89,grumpy
90,grumpy
91,calm
92,empath
93,calm
94,rage
95,rage
96,empath
97,calm
98,rage
99,grumpy
100,mellow
101,calm
102,empath
103,rage
104,rage
105,rage
106,mellow
107,rage
108,empath
109,grumpy
110,mellow
111,rage
112,calm
113,rage
114,empath
115,grumpy
116,empath
117,grumpy
118,mellow
119,rage
120,grumpy
121,grumpy
122,grumpy
123,mellow
124,calm
125,calm
126,mellow
127,rage
128,mellow
129,rage
130,mellow
131,mellow
132,grumpy
133,mellow
135,calm
136,rage
137,grumpy
138,mellow
139,mellow
140,rage
141,empath
142,grumpy
143,mellow
144,rage
145,empath
146,calm
147,rage
148,rage
149,grumpy
150,grumpy
151,mellow
152,rage
153,mellow
154,calm
155,grumpy
156,rage
157,rage
158,mellow
159,grumpy
160,calm
161,grumpy
162,rage
163,rage
164,rage
165,calm
166,rage
167,empath
168,rage
169,grumpy
170,calm
171,mellow
172,calm
173,calm
174,mellow
175,grumpy
176,calm
177,calm
178,empath
179,mellow
180,calm
181,grumpy
182,rage
183,grumpy
184,grumpy
185,calm
186,grumpy
187,mellow
188,rage
189,rage
190,rage
191,calm
192,empath
193,mellow
194,empath
195,empath
196,calm
197,mellow
198,mellow
199,rage
200,rage
201,rage
202,mellow
203,grumpy
204,rage
205,mellow
206,calm
207,rage
208,calm
209,rage
210,grumpy
212,calm
213,mellow
214,mellow
215,calm
216,rage
217,empath
218,calm
219,mellow
220,grumpy
221,empath
222,calm
223,grumpy
224,grumpy
225,grumpy
226,grumpy
227,empath
228,calm
229,grumpy
230,grumpy
231,rage
232,empath
233,empath
234,rage
235,rage
236,calm
237,calm
238,calm
239,mellow
240,grumpy
241,rage
242,empath
243,empath
244,mellow
245,rage
246,calm
247,grumpy
248,mellow
249,calm
250,mellow
251,grumpy
252,mellow
253,grumpy
254,empath
255,mellow
256,calm
257,mellow
258,grumpy
259,mellow
260,mellow
261,mellow
262,empath
263,grumpy
264,grumpy
265,rage
266,grumpy
267,grumpy
268,rage
269,rage
270,grumpy
271,calm
272,grumpy
273,rage
274,mellow
275,calm
276,calm
277,calm
278,rage
279,mellow
280,mellow
281,calm
282,grumpy
283,rage
284,mellow
285,grumpy
286,mellow
287,rage
288,grumpy
289,rage
290,mellow
291,mellow
292,mellow
293,rage
294,rage
295,rage
296,mellow
297,grumpy
298,grumpy
299,mellow
300,grumpy
301,empath
302,grumpy
303,grumpy
304,empath
305,mellow
306,rage
307,mellow
308,empath
309,empath
310,rage
311,mellow
312,grumpy
313,grumpy
314,rage
315,empath
316,empath
317,grumpy
318,calm
319,grumpy
320,mellow
321,grumpy
322,mellow
323,mellow
324,mellow
325,rage
326,grumpy
327,calm
328,empath
329,mellow
330,rage
331,mellow
332,empath
333,rage
334,grumpy
335,rage
336,rage
337,mellow
338,rage
339,rage
340,grumpy
341,mellow
342,rage
343,calm
344,grumpy
345,empath
346,rage
347,grumpy
348,calm
349,mellow
350,grumpy
351,grumpy
352,rage
353,empath
354,calm
355,mellow
356,mellow
357,grumpy
358,mellow
359,grumpy
360,rage
361,mellow
362,rage
363,grumpy
364,grumpy
365,grumpy
366,rage
367,calm
368,rage
369,mellow
370,calm
371,rage
372,calm
373,rage
374,rage
375,empath
376,empath
377,grumpy
378,grumpy
379,rage
380,mellow
381,grumpy
382,calm
384,rage
385,rage
386,empath
387,calm
388,mellow
389,calm
390,rage
391,mellow
392,mellow
393,grumpy
394,calm
395,mellow
396,mellow
397,calm
398,mellow
399,calm
400,rage
401,calm
402,grumpy
403,mellow
404,rage
405,rage
406,mellow
407,rage
408,grumpy
409,mellow
410,grumpy
411,grumpy
412,calm
413,grumpy
414,mellow
415,calm
416,calm
417,grumpy
418,rage
419,rage
420,grumpy
421,rage
422,grumpy
423,rage
424,grumpy
425,mellow
426,rage
427,calm
428,mellow
429,rage
430,rage
431,rage
432,rage
433,calm
434,rage
435,calm
436,rage
437,empath
438,empath
439,grumpy
440,grumpy
441,mellow
442,rage
443,calm
444,calm
445,rage
446,calm
447,grumpy
448,empath
449,calm
450,grumpy
451,rage
452,mellow
453,mellow
454,empath
455,grumpy
456,calm
457,rage
458,grumpy
459,rage
460,calm
461,mellow
462,rage
463,calm
464,calm
465,rage
466,grumpy
467,calm
468,mellow
469,rage
470,rage
471,grumpy
472,mellow
473,grumpy
474,calm
475,mellow
476,calm
477,mellow
478,rage
479,calm
480,grumpy
481,rage
482,rage
483,empath
484,mellow
485,rage
486,rage
487,mellow
488,mellow
489,empath
490,rage
491,mellow
492,rage
493,grumpy
494,rage
495,rage
496,mellow
497,grumpy
498,grumpy
499,rage
500,calm
501,mellow
502,grumpy
503,mellow
504,calm
505,rage
506,mellow
507,calm
508,rage
509,grumpy
510,mellow
511,grumpy
512,calm
513,rage
514,empath
515,grumpy
516,mellow
517,calm
518,grumpy
519,mellow
520,empath
521,rage
522,mellow
523,grumpy
524,grumpy
525,empath
526,calm
527,mellow
528,calm
529,rage
530,rage
531,mellow
532,calm
533,grumpy
534,mellow
535,grumpy
536,empath
537,calm
538,mellow
539,grumpy
540,grumpy
541,calm
542,rage
543,rage
544,rage
545,mellow
546,empath
547,calm
548,rage
549,mellow
550,mellow
551,grumpy
552,mellow
553,rage
554,grumpy
555,rage
556,grumpy
557,grumpy
558,rage
559,calm
560,rage
561,mellow
562,grumpy
563,rage
564,rage
565,calm
566,rage
567,calm
568,grumpy
569,rage
570,mellow
571,calm
572,mellow
573,rage
574,mellow
575,mellow
576,grumpy
577,mellow
578,calm
579,mellow
580,grumpy
581,grumpy
582,grumpy
583,calm
584,grumpy
585,mellow
586,rage
587,grumpy
588,calm
589,rage
590,calm
591,grumpy
592,mellow
593,mellow
594,empath
595,empath
596,rage
597,mellow
598,mellow
599,grumpy
600,rage
601,rage
602,empath
603,calm
604,calm
605,mellow
606,rage
607,empath
608,calm
609,mellow
610,empath
611,calm
612,calm
613,grumpy
614,mellow
615,calm
616,empath
617,mellow
618,mellow
619,mellow
620,rage
621,mellow
622,calm
623,grumpy
624,grumpy
625,rage
626,grumpy
627,mellow
628,mellow
629,mellow
630,calm
631,grumpy
632,grumpy
633,empath
634,calm
635,rage
636,calm
637,mellow
638,rage
639,rage
640,calm
641,grumpy
642,mellow
643,rage
644,mellow
645,empath
646,mellow
647,calm
648,calm
649,grumpy
650,rage
651,mellow
652,grumpy
653,empath
654,mellow
655,grumpy
656,calm
657,grumpy
658,calm
659,rage
660,calm
661,rage
662,grumpy
663,rage
664,rage
665,rage
666,mellow
667,rage
668,mellow
669,rage
670,grumpy
671,calm
672,rage
673,grumpy
674,calm
675,grumpy
676,rage
677,rage
678,grumpy
679,calm
680,rage
681,rage
682,calm
683,rage
684,grumpy
685,calm
686,grumpy
687,grumpy
688,grumpy
689,empath
690,grumpy
691,grumpy
692,grumpy
693,mellow
694,rage
695,rage
696,grumpy
697,mellow
698,grumpy
699,grumpy
700,grumpy
701,empath
702,grumpy
703,mellow
704,grumpy
705,empath
706,grumpy
707,mellow
708,grumpy
709,grumpy
710,rage
711,rage
712,empath
713,rage
714,rage
715,rage
716,grumpy
717,empath
718,mellow
719,grumpy
720,rage
721,mellow
722,rage
723,grumpy
724,grumpy
725,grumpy
726,mellow
727,calm
728,mellow
729,grumpy
730,mellow
731,mellow
732,calm
733,empath
734,mellow
735,mellow
736,mellow
737,rage
738,rage
739,rage
740,rage
741,calm
742,calm
743,mellow
744,grumpy
745,mellow
746,mellow
747,mellow
748,mellow
749,grumpy
750,mellow
751,grumpy
752,empath
753,mellow
754,rage
755,rage
756,rage
757,calm
758,grumpy
759,rage
760,rage
761,calm
762,mellow
763,rage
764,mellow
765,rage
766,mellow
767,empath
768,calm
769,mellow
770,grumpy
771,rage
772,rage
773,empath
774,mellow
775,rage
776,mellow
777,calm
778,mellow
779,mellow
780,calm
781,grumpy
782,grumpy
783,grumpy
784,rage
785,empath
786,rage
787,empath
788,calm
789,rage
790,calm
791,grumpy
792,mellow
793,calm
794,grumpy
795,empath
796,rage
797,rage
798,grumpy
799,mellow
800,mellow
801,mellow
802,grumpy
803,mellow
804,grumpy
805,grumpy
806,calm
807,empath
808,rage
809,calm
810,rage
811,empath
812,grumpy
813,mellow
814,grumpy
815,calm
816,mellow
817,grumpy
818,rage
819,grumpy
820,rage
821,calm
822,rage
823,calm
824,calm
825,rage
826,mellow
827,rage
828,grumpy
829,calm
830,mellow
831,calm
832,grumpy
833,mellow
834,rage
835,grumpy
836,grumpy
837,grumpy
838,grumpy
839,grumpy
840,grumpy
841,mellow
842,rage
843,rage
844,grumpy
845,mellow
846,mellow
847,mellow
848,calm
849,empath
850,rage
851,empath
852,mellow
853,empath
854,mellow
855,calm
856,grumpy
857,rage
858,calm
859,calm
860,grumpy
861,mellow
862,rage
863,grumpy
864,rage
865,rage
866,grumpy
867,mellow
868,grumpy
869,rage
870,mellow
871,calm
872,rage
873,mellow
874,rage
875,empath
876,mellow
877,rage
878,calm
879,empath
880,rage
881,rage
882,empath
883,empath
884,grumpy
885,calm
886,mellow
887,calm
888,empath
889,rage
890,grumpy
891,rage
892,empath
893,mellow
894,grumpy
895,rage
896,grumpy
897,mellow
898,rage
899,rage
900,calm
901,empath
902,rage
903,calm
904,empath
905,grumpy
906,rage
907,grumpy
908,grumpy
909,rage
910,calm
911,calm
912,mellow
913,grumpy
914,rage
915,mellow
916,rage
917,mellow
918,rage
919,grumpy
920,mellow
921,mellow
922,calm
923,grumpy
924,calm
925,grumpy
926,rage
927,empath
928,grumpy
929,empath
930,mellow
931,empath
932,grumpy
933,rage
934,grumpy
935,mellow
936,mellow
937,empath
938,calm
939,mellow
940,rage
941,mellow
942,empath
943,mellow
944,rage
945,grumpy
946,empath
947,empath
948,grumpy
949,rage
950,calm
951,mellow
952,rage
953,grumpy
954,calm
955,empath
956,empath
957,mellow
958,empath
959,empath
960,empath
961,empath
962,mellow
963,calm
964,empath
965,mellow
966,rage
967,empath
968,calm
969,mellow
970,empath
971,rage
972,calm
973,empath
974,rage
975,mellow
976,calm
977,empath
978,calm
979,calm
980,grumpy
981,mellow
982,grumpy
983,rage
984,rage
985,rage
986,rage
987,rage
988,calm
989,mellow
990,rage
991,grumpy
992,mellow
993,empath
994,mellow
995,rage
996,grumpy
997,rage
998,mellow
999,empath
1001,rage
1002,grumpy
1003,calm
1004,empath
1005,empath
1006,grumpy
1007,rage
1008,calm
1009,grumpy
1010,calm
1011,grumpy
1012,empath
1013,mellow
1014,mellow
1015,empath
1016,empath
1017,mellow
1018,grumpy
1019,calm
1020,calm
1021,grumpy
1022,rage
1023,calm
1024,calm
1025,empath
1026,rage
1027,rage
1028,grumpy
1029,empath
1030,calm
1031,calm
1032,rage
1033,grumpy
1034,calm
1035,rage
1036,grumpy
1037,mellow
1038,rage
1039,calm
1040,rage
1041,mellow
1042,grumpy
1043,empath
1044,rage
1045,rage
1046,rage
1047,rage
1048,empath
1049,empath
1050,grumpy
1051,calm
1052,calm
1053,grumpy
1054,grumpy
1055,rage
1056,empath
1057,grumpy
1058,grumpy
1059,calm
1060,calm
1061,rage
1062,mellow
1063,rage
1064,rage
1065,calm
1066,rage
1067,mellow
1068,grumpy
1069,empath
1070,rage
1071,grumpy
1072,calm
1073,rage
1074,mellow
1075,rage
1076,calm
1077,mellow
1078,rage
1079,rage
1080,grumpy
1081,rage
1082,calm
1083,grumpy
1084,calm
1085,grumpy
1086,rage
1087,rage
1088,rage
1089,calm
1090,empath
1091,calm
1092,mellow
1093,calm
1094,empath
1095,calm
1096,calm
1097,grumpy
1098,empath
1099,calm
1100,empath
1101,grumpy
1102,calm
1103,calm
1104,grumpy
1105,empath
1106,rage
1107,empath
1108,calm
1109,empath
1110,calm
1111,empath
1112,rage
1113,rage
1114,rage
1115,rage
1116,empath
1117,grumpy
1118,rage
1119,mellow
1120,empath
1121,calm
1122,mellow
1123,rage
1124,empath
1125,mellow
1126,empath
1127,calm
1128,grumpy
1129,grumpy
1130,empath
1131,mellow
1132,rage
1133,grumpy
1134,rage
1135,grumpy
1136,grumpy
1137,mellow
1138,grumpy
1139,rage
1140,empath
1141,grumpy
1142,mellow
1143,mellow
1144,grumpy
1145,mellow
1146,grumpy
1147,mellow
1148,rage
1149,rage
1150,grumpy
1151,mellow
1152,grumpy
1153,calm
1154,calm
1155,calm
1156,mellow
1157,calm
1158,mellow
1159,mellow
1160,empath
1161,rage
1162,calm
1163,calm
1165,mellow
1166,grumpy
1167,grumpy
1168,calm
1169,rage
1170,mellow
1171,grumpy
1172,rage
1173,mellow
1174,calm
1175,empath
1176,grumpy
1177,grumpy
1178,empath
1179,mellow
1180,calm
1181,rage
1182,calm
1183,calm
1184,mellow
1185,rage
1186,mellow
1187,grumpy
1188,rage
1189,mellow
1190,empath
1191,calm
1192,grumpy
1193,grumpy
1194,calm
1195,grumpy
1196,grumpy
1197,rage
1198,mellow
1199,rage
1200,mellow
1201,mellow
1202,rage
1203,rage
1204,mellow
1205,rage
1206,calm
1207,grumpy
1208,rage
1209,grumpy
1211,calm
1212,empath
1213,grumpy
1214,mellow
1215,grumpy
1216,mellow
1217,grumpy
1218,rage
1219,calm
1220,grumpy
1221,grumpy
1222,mellow
1223,grumpy
1224,rage
1225,mellow
1226,empath
1227,grumpy
1228,grumpy
1229,calm
1230,calm
1231,grumpy
1232,rage
1233,grumpy
1234,rage
1235,rage
1236,grumpy
1237,empath
1238,grumpy
1239,rage
1240,mellow
1241,empath
1242,calm
1243,rage
1244,calm
1245,calm
1246,mellow
1247,grumpy
1248,calm
1249,empath
1250,mellow
1251,grumpy
1252,calm
1253,grumpy
1254,empath
1255,calm
1256,empath
1257,grumpy
1258,empath
1259,grumpy
1260,rage
1261,empath
1262,mellow
1263,calm
1264,calm
1265,rage
1266,empath
1267,grumpy
1268,mellow
1270,grumpy
1271,calm
1272,empath
1273,rage
1274,grumpy
1275,empath
1276,calm
1277,mellow
1278,calm
1279,grumpy
1280,empath
1281,grumpy
1282,grumpy
1283,rage
1284,calm
1285,grumpy
1286,calm
1287,rage
1288,calm
1289,rage
1290,mellow
1291,mellow
1292,grumpy
1293,mellow
1294,calm
1295,calm
1296,rage
1297,mellow
1298,mellow
1299,rage
1300,calm
1301,calm
1302,mellow
1303,calm
1304,grumpy
1305,empath
1306,mellow
1307,empath
1308,rage
1309,calm
1310,calm
1311,grumpy
1312,empath
1313,rage
1314,grumpy
1315,calm
1316,rage
1317,calm
1318,calm
1319,rage
1320,empath
1321,grumpy
1322,mellow
1323,empath
1324,calm
1325,rage
1326,grumpy
1327,empath
1328,rage
1329,mellow
1330,grumpy
1331,calm
1332,calm
1334,mellow
1335,grumpy
1336,calm
1337,calm
1338,rage
1339,rage
1340,grumpy
1341,grumpy
1342,grumpy
1343,mellow
1344,grumpy
1345,calm
1346,grumpy
1347,rage
1348,empath
1349,grumpy
1350,calm
1351,grumpy
1352,grumpy
1353,calm
1354,grumpy
1355,grumpy
1356,rage
1357,mellow
1358,rage
1359,rage
1360,grumpy
1361,mellow
1362,mellow
1363,calm
1364,calm
1365,grumpy
1366,grumpy
1367,mellow
1368,mellow
1369,calm
1370,grumpy
1371,rage
1372,grumpy
1373,rage
1374,rage
1375,grumpy
1376,rage
1377,empath
1378,calm
1379,rage
1380,mellow
1381,grumpy
1382,empath
1383,empath
1384,rage
1385,grumpy
1386,empath
1387,calm
1388,grumpy
1389,empath
1390,empath
1391,mellow
1392,rage
1393,rage
1394,rage
1395,rage
1396,rage
1397,mellow
1398,grumpy
1399,empath
1400,empath
1401,rage
1402,rage
1403,grumpy
1404,rage
1405,calm
1406,empath
1407,rage
1408,grumpy
1409,empath
1410,rage
1411,grumpy
1412,grumpy
1413,mellow
1414,grumpy
1415,mellow
1416,grumpy
1417,calm
1418,calm
1419,rage
1420,empath
1421,rage
1422,calm
1423,mellow
1424,empath
1425,grumpy
1426,calm
1427,grumpy
1428,grumpy
1429,grumpy
1430,empath
1431,grumpy
1432,empath
1433,rage
1434,mellow
1435,empath
1436,grumpy
1437,calm
1438,rage
1439,rage
1440,empath
1441,empath
1442,grumpy
1443,grumpy
1444,grumpy
1445,rage
1446,grumpy
1447,rage
1448,calm
1449,rage
1450,rage
1451,calm
1452,grumpy
1453,mellow
1454,mellow
1455,rage
1456,rage
1457,rage
1458,calm
1459,rage
1460,calm
1461,grumpy
1462,grumpy
1463,grumpy
1464,calm
1465,grumpy
1466,rage
1467,grumpy
1468,mellow
1469,grumpy
1470,rage
1471,mellow
1472,mellow
1473,mellow
1474,calm
1475,mellow
1476,empath
1477,grumpy
1478,grumpy
1479,rage
1480,grumpy
1481,mellow
1482,rage
1483,grumpy
1484,rage
1485,grumpy
1486,mellow
1487,grumpy
1488,grumpy
1489,mellow
1490,grumpy
1491,calm
1492,grumpy
1493,rage
1494,grumpy
1495,rage
1496,grumpy
1497,grumpy
1498,rage
1499,rage
1500,rage
1501,calm
1502,mellow
1503,rage
1504,grumpy
1505,rage
1506,rage
1507,mellow
1508,calm
1509,calm
1510,grumpy
1511,grumpy
1512,rage
1513,rage
1514,empath
1515,grumpy
1516,rage
1517,calm
1518,mellow
1519,calm
1520,empath
1521,calm
1522,calm
1523,calm
1524,empath
1525,grumpy
1526,grumpy
1527,empath
1528,calm
1529,calm
1530,calm
1531,grumpy
1532,mellow
1533,grumpy
1534,rage
1535,grumpy
1536,mellow
1537,mellow
1538,grumpy
1539,rage
1540,grumpy
1541,grumpy
1542,empath
1543,grumpy
1544,grumpy
1545,calm
1546,rage
1547,rage
1548,rage
1549,rage
1550,mellow
1551,calm
1552,mellow
1553,rage
1554,mellow
1555,calm
1556,empath
1557,calm
1558,mellow
1559,grumpy
1560,mellow
1561,grumpy
1562,mellow
1563,grumpy
1564,calm
1565,rage
1566,mellow
1567,rage
1568,calm
1569,grumpy
1570,empath
1571,mellow
1572,grumpy
1573,mellow
1574,rage
1575,rage
1576,rage
1577,mellow
1578,empath
1579,rage
1580,calm
1581,calm
1582,calm
1583,grumpy
1584,mellow
1585,grumpy
1586,calm
1587,grumpy
1588,empath
1589,empath
1590,rage
1591,empath
1592,rage
1593,calm
1594,empath
1595,calm
1596,empath
1597,grumpy
1598,calm
1599,mellow
1600,calm
1601,grumpy
1602,rage
1603,calm
1604,rage
1605,grumpy
1606,calm
1607,grumpy
1608,grumpy
1609,mellow
1610,grumpy
1611,grumpy
1612,calm
1613,calm
1614,empath
1615,empath
1616,calm
1617,mellow
1618,mellow
1619,mellow
1620,mellow
1621,rage
1622,mellow
1623,calm
1624,mellow
1625,mellow
1626,rage
1627,rage
1628,empath
1629,empath
1630,calm
1631,rage
1632,calm
1633,mellow
1634,rage
1635,grumpy
1636,mellow
1637,calm
1638,empath
1639,calm
1640,empath
1641,grumpy
1642,empath
1643,empath
1644,rage
1645,grumpy
1646,rage
1647,calm
1648,empath
1649,mellow
1650,grumpy
1651,empath
1652,rage
1653,calm
1654,grumpy
1655,rage
1656,empath
1657,empath
1658,grumpy
1659,rage
1660,grumpy
1661,mellow
1662,grumpy
1663,rage
1664,mellow
1665,rage
1666,grumpy
1667,mellow
1668,grumpy
1669,mellow
1670,rage
1671,mellow
1672,grumpy
1673,rage
1674,empath
1675,empath
1676,calm
1677,calm
1678,empath
1679,calm
1680,mellow
1681,grumpy
1682,rage
1683,empath
1684,rage
1685,grumpy
1686,calm
1687,grumpy
1688,mellow
1689,rage
1690,grumpy
1691,grumpy
1692,empath
1693,calm
1694,empath
1695,rage
1696,calm
1697,empath
1698,grumpy
1699,mellow
1700,grumpy
1701,empath
1702,rage
1703,calm
1704,calm
1705,rage
1706,rage
1707,empath
1708,mellow
1709,empath
1710,calm
1711,grumpy
1712,rage
1713,rage
1714,mellow
1715,mellow
1716,empath
1717,rage
1718,mellow
1719,mellow
1720,mellow
1721,grumpy
1722,rage
1723,rage
1724,mellow
1725,rage
1726,grumpy
1727,rage
1728,grumpy
1729,calm
1730,rage
1731,mellow
1732,mellow
1733,empath
1734,rage
1735,rage
1736,calm
1737,empath
1738,mellow
1739,rage
1740,calm
1741,grumpy
1742,mellow
1743,grumpy
1744,rage
1745,rage
1746,rage
1747,grumpy
1748,empath
1749,rage
1750,mellow
1751,rage
1752,mellow
1753,calm
1754,rage
1755,rage
1756,mellow
1757,rage
1758,mellow
1759,mellow
1760,empath
1761,calm
1762,empath
1763,rage
1764,calm
1765,empath
1766,grumpy
1767,rage
1768,calm
1769,rage
1770,empath
1771,mellow
1772,grumpy
1773,empath
1774,calm
1775,empath
1776,mellow
1777,grumpy
1778,empath
1779,rage
1780,mellow
1781,calm
1782,rage
1783,rage
1784,grumpy
1785,empath
1786,mellow
1787,mellow
1788,rage
1789,grumpy
1790,mellow
1791,rage
1792,rage
1793,mellow
1794,calm
1795,mellow
1796,grumpy
1797,grumpy
1799,grumpy
1800,empath
1801,mellow
1802,empath
1803,grumpy
1804,empath
1805,calm
1806,grumpy
1807,mellow
1808,rage
1809,grumpy
1810,calm
1811,empath
1812,empath
1813,empath
1814,rage
1815,rage
1816,empath
1817,empath
1818,grumpy
1819,rage
1820,mellow
1821,empath
1822,empath
1823,mellow
1824,empath
1825,empath
1826,rage
1827,mellow
1828,calm
1829,grumpy
1830,mellow
1831,calm
1832,grumpy
1833,rage
1834,rage
1835,calm
1836,rage
1837,calm
1838,grumpy
1839,grumpy
1840,calm
1841,mellow
1842,rage
1843,rage
1844,empath
1845,calm
1846,calm
1847,calm
1848,calm
1849,rage
1850,calm
1851,calm
1852,calm
1853,empath
1854,calm
1855,mellow
1856,mellow
1857,calm
1858,calm
1859,empath
1860,rage
1861,mellow
1862,empath
1863,calm
1864,mellow
1865,grumpy
1866,mellow
1867,empath
1868,rage
1869,rage
1870,calm
1871,mellow
1872,mellow
1873,empath
1874,mellow
1875,mellow
1876,grumpy
1877,empath
1878,grumpy
1879,empath
1880,mellow
1881,grumpy
1882,empath
1883,empath
1884,empath
1885,rage
1886,mellow
1887,grumpy
1888,mellow
1889,calm
1890,empath
1891,calm
1892,calm
1893,rage
1894,empath
1895,calm
1896,empath
1897,calm
1898,calm
1899,rage
1900,mellow
1901,empath
1902,grumpy
1903,mellow
1904,empath
1905,rage
1906,rage
1907,calm
1908,mellow
1909,grumpy
1910,empath
1911,calm
1912,grumpy
1913,rage
1914,rage
1915,rage
1916,grumpy
1917,grumpy
1918,mellow
1919,mellow
1920,calm
1921,rage
1922,empath
1923,mellow
1924,mellow
1925,rage
1926,calm
1927,mellow
1928,rage
1929,rage
1930,mellow
1931,grumpy
1932,calm
1933,grumpy
1934,calm
1935,empath
1936,grumpy
1937,mellow
1938,rage
1939,rage
1940,empath
1941,calm
1942,grumpy
1943,empath
1944,rage
1945,grumpy
1946,mellow
1947,rage
1948,grumpy
1949,grumpy
1950,empath
1951,rage
1952,rage
1953,rage
1954,calm
1955,calm
1956,grumpy
1957,grumpy
1958,empath
1959,rage
1960,grumpy
1961,rage
1962,mellow
1963,calm
1964,empath
1965,mellow
1966,mellow
1967,mellow
1968,rage
1969,calm
1970,rage
1971,empath
1972,rage
1973,calm
1974,empath
1975,calm
1976,calm
1977,mellow
1978,grumpy
1979,mellow
1980,calm
1981,calm
1982,rage
1983,rage
1984,mellow
1985,mellow
1986,grumpy
1987,calm
1988,calm
1989,rage
1990,rage
1991,calm
1992,empath
1993,rage
1994,rage
1995,calm
1996,calm
1997,grumpy
1998,calm
1999,calm
2000,rage
2001,rage
2002,mellow
2003,rage
2004,calm
2005,empath
2006,rage
2007,rage
2008,calm
2009,grumpy
2010,grumpy
2011,grumpy
2012,mellow
2013,grumpy
2014,grumpy
2015,rage
2016,empath
2017,rage
2018,calm
2019,empath
2020,mellow
2021,grumpy
2022,mellow
2023,rage
2024,calm
2025,calm
2026,grumpy
2027,mellow
2028,grumpy
2029,mellow
2030,rage
2031,rage
2032,grumpy
2033,empath
2034,empath
2035,rage
2036,mellow
2037,grumpy
2038,grumpy
2039,rage
2040,rage
2041,grumpy
2042,calm
2043,rage
2044,rage
2045,calm
2046,empath
2047,mellow
2048,grumpy
2049,mellow
2050,empath
2051,grumpy
2052,rage
2053,grumpy
2054,grumpy
2055,grumpy
2056,empath
2057,mellow
2058,grumpy
2059,mellow
2060,rage
2061,mellow
2062,rage
2063,mellow
2064,empath
2065,grumpy
2066,calm
2067,mellow
2068,empath
2069,mellow
2070,calm
2071,rage
2072,calm
2073,rage
2074,rage
2075,calm
2076,rage
2077,rage
2078,empath
2079,mellow
2080,rage
2081,grumpy
2082,mellow
2083,rage
2084,calm
2085,calm
2086,rage
2087,mellow
2088,rage
2089,calm
2090,grumpy
2091,mellow
2092,mellow
2093,grumpy
2094,calm
2095,rage
2096,empath
2097,calm
2098,rage
2099,mellow
2100,rage
2101,rage
2102,rage
2103,empath
2104,grumpy
2105,empath
2106,rage
2107,grumpy
2108,grumpy
2109,calm
2110,empath
2111,grumpy
2112,rage
2113,calm
2114,empath
2115,calm
2116,mellow
2117,empath
2118,mellow
2119,empath
2120,rage
2121,rage
2122,mellow
2123,calm
2124,rage
2125,rage
2126,calm
2127,empath
2128,calm
2129,rage
2130,calm
2131,mellow
2132,empath
2133,mellow
2134,mellow
2135,mellow
2136,calm
2137,rage
2138,calm
2139,grumpy
2140,empath
2141,empath
2142,rage
2143,grumpy
2144,empath
2145,rage
2146,calm
2147,mellow
2148,empath
2149,rage
2150,grumpy
2151,grumpy
2152,mellow
2153,grumpy
2154,grumpy
2155,rage
2156,rage
2157,mellow
2158,empath
2159,grumpy
2160,rage
2161,grumpy
2162,grumpy
2163,rage
2164,rage
2165,calm
2166,grumpy
2167,rage
2168,empath
2169,rage
2170,mellow
2171,mellow
2172,calm
2173,calm
2174,grumpy
2175,rage
2176,rage
2177,calm
2178,mellow
2179,mellow
2180,rage
2181,rage
2182,mellow
2183,grumpy
2184,empath
2185,rage
2186,calm
2187,rage
2188,mellow
2189,grumpy
2190,calm
2191,grumpy
2192,calm
2193,rage
2194,rage
2195,empath
2196,rage
2197,rage
2198,rage
2199,grumpy
2200,mellow
2201,empath
2202,rage
2203,calm
2204,mellow
2205,calm
2206,grumpy
2207,empath
2208,mellow
2209,rage
2210,rage
2211,rage
2212,empath
2213,grumpy
2214,mellow
2215,rage
2216,empath
2217,rage
2218,calm
2219,rage
2220,calm
2221,grumpy
2222,rage
2223,grumpy
2224,calm
2225,mellow
2226,calm
2227,empath
2228,rage
2229,rage
2230,mellow
2231,rage
2232,rage
2233,calm
2234,grumpy
2235,mellow
2236,grumpy
2237,grumpy
2238,grumpy
2239,mellow
2240,rage
2241,rage
2242,empath
2243,calm
2244,grumpy
2245,calm
2246,calm
2247,mellow
2248,mellow
2249,grumpy
2250,rage
2251,empath
2252,rage
2253,grumpy
2254,empath
2255,calm
2256,empath
2257,empath
2258,calm
2259,empath
2260,mellow
2261,mellow
2262,calm
2263,empath
2264,empath
2265,mellow
2266,empath
2267,empath
2268,empath
2269,mellow
2270,calm
2271,calm
2272,rage
2273,grumpy
2274,empath
2275,calm
2276,rage
2277,rage
2278,calm
2279,empath
2280,rage
2281,empath
2282,calm
2283,empath
2284,mellow
2285,grumpy
2286,rage
2287,rage
2288,empath
2289,rage
2290,rage
2291,mellow
2292,empath
2293,rage
2294,mellow
2295,mellow
2296,grumpy
2297,empath
2298,empath
2299,empath
2300,mellow
2301,empath
2302,rage
2303,grumpy
2304,rage
2305,rage
2306,empath
2307,calm
2308,rage
2309,rage
2310,calm
2311,empath
2312,rage
2313,calm
2314,grumpy
2315,rage
2316,mellow
2317,rage
2318,mellow
2319,rage
2320,rage
2321,calm
2322,empath
2323,mellow
2324,rage
2325,calm
2326,empath
2327,empath
2328,grumpy
2329,empath
2330,rage
2331,empath
2332,rage
2333,rage
2334,mellow
2335,mellow
2336,grumpy
2337,calm
2338,rage
2339,grumpy
2340,mellow
2341,calm
2342,grumpy
2343,mellow
2344,calm
2345,grumpy
2346,rage
2347,grumpy
2348,grumpy
2349,empath
2350,calm
2351,mellow
2352,mellow
2353,rage
2354,calm
2355,empath
2356,rage
2357,calm
2358,mellow
2359,calm
2360,rage
2361,empath
2362,grumpy
2363,calm
2364,calm
2365,grumpy
2366,calm
2367,calm
2368,empath
2369,calm
2370,calm
2371,grumpy
2372,rage
2373,empath
2374,empath
2375,calm
2376,mellow
2377,rage
2378,mellow
2379,grumpy
2380,calm
2381,empath
2382,rage
2383,grumpy
2384,grumpy
2385,empath
2386,mellow
2387,empath
2388,mellow
2389,rage
2390,rage
2391,rage
2392,mellow
2393,mellow
2394,rage
2395,grumpy
2396,mellow
2397,calm
2398,empath
2399,empath
2401,grumpy
2402,calm
2403,mellow
2404,calm
2405,rage
2406,mellow
2407,empath
2408,empath
2409,calm
2410,mellow
2411,rage
2412,empath
2413,rage
2414,rage
2415,grumpy
2416,rage
2417,grumpy
2418,rage
2419,rage
2420,grumpy
2421,empath
2422,rage
2423,mellow
2424,rage
2425,mellow
2426,empath
2427,empath
2428,empath
2429,rage
2430,grumpy
2431,rage
2432,empath
2433,calm
2434,empath
2435,grumpy
2436,mellow
2437,grumpy
2438,empath
2439,rage
2440,empath
2441,rage
2442,grumpy
2447,mellow
2448,grumpy
2449,rage
2450,mellow
2451,calm
2452,empath
2453,grumpy
2455,grumpy
2458,grumpy
2459,grumpy
2460,empath
2462,grumpy
2464,empath
2465,calm
2466,calm
2467,empath
2469,mellow
2470,grumpy
2471,calm
2472,rage
2473,empath
2474,empath
2475,calm
2478,grumpy
2479,calm
2480,mellow
2481,calm
2482,empath
2483,calm
2486,calm
2487,rage
2490,rage
2491,empath
2492,grumpy
2493,grumpy
2494,grumpy
2495,rage
2496,rage
2498,grumpy
2499,empath
2501,calm
2502,grumpy
2503,mellow
2504,mellow
2505,rage
2506,grumpy
2507,empath
2508,calm
2509,empath
2510,empath
2511,empath
2512,calm
2514,empath
2517,grumpy
2518,empath
2519,calm
2520,mellow
2524,mellow
2525,rage
2526,calm
2527,mellow
2529,mellow
2530,empath
2531,empath
2533,rage
2534,calm
2537,calm
2538,grumpy
2539,calm
2540,grumpy
2541,grumpy
2542,grumpy
2543,mellow
2544,mellow
2545,rage
2546,calm
2547,empath
2548,empath
2550,grumpy
2552,rage
2553,calm
2554,calm
2555,empath
2556,grumpy
2557,empath
2558,grumpy
2559,grumpy
2561,grumpy
2562,grumpy
2566,grumpy
2567,grumpy
2568,grumpy
2569,calm
2574,grumpy
2575,calm
2576,calm
2577,mellow
2578,grumpy
2579,grumpy
2580,mellow
2581,mellow
2582,mellow
2583,grumpy
2584,calm
2585,empath
2586,calm
2587,calm
2589,empath
2590,empath
2591,mellow
2592,mellow
2593,rage
2595,rage
2596,grumpy
2597,mellow
2601,calm
2602,rage
2604,grumpy
2605,mellow
2606,mellow
2607,grumpy
2608,calm
2611,empath
2612,mellow
2613,grumpy
2615,empath
2616,grumpy
2617,calm
2618,grumpy
2619,empath
2620,grumpy
2621,empath
2623,mellow
2624,calm
2625,empath
2626,mellow
2630,grumpy
2631,empath
2634,grumpy
2635,rage
2636,grumpy
2637,calm
2638,mellow
2640,empath
2642,empath
2643,empath
2644,mellow
2645,grumpy
2646,grumpy
2648,calm
2650,empath
2651,rage
2652,rage
2653,empath
2654,empath
2655,rage
2656,grumpy
2657,calm
2658,grumpy
2659,empath
2660,empath
2663,rage
2664,grumpy
2666,calm
2667,grumpy
2668,mellow
2669,mellow
2670,grumpy
2671,grumpy
2672,rage
2674,grumpy
2675,empath
2676,empath
2677,calm
2678,grumpy
2679,rage
2680,grumpy
2682,grumpy
2683,mellow
2684,mellow
2685,calm
2686,mellow
2687,rage
2688,rage
2690,mellow
2691,rage
2692,empath
2693,calm
2694,empath
2696,rage
2698,rage
2699,grumpy
2700,empath
2701,grumpy
2702,empath
2703,empath
2705,rage
2706,empath
2707,empath
2709,mellow
2710,calm
2712,mellow
2713,rage
2714,rage
2715,empath
2716,calm
2717,grumpy
2718,rage
2719,rage
2720,empath
2722,rage
2723,mellow
2724,empath
2727,calm
2728,empath
2729,mellow
2730,empath
2731,grumpy
2732,rage
2733,mellow
2734,mellow
2735,grumpy
2736,grumpy
2737,mellow
2738,mellow
2739,calm
2740,empath
2741,calm
2742,rage
2743,empath
2744,calm
2745,calm
2746,mellow
2747,rage
2748,calm
2750,mellow
2751,rage
2752,grumpy
2753,rage
2755,mellow
2756,grumpy
2757,empath
2759,rage
2760,grumpy
2761,rage
2763,calm
2766,calm
2769,rage
2770,rage
2772,grumpy
2773,rage
2774,empath
2776,mellow
2777,grumpy
2778,empath
2780,rage
2781,rage
2782,calm
2783,calm
2784,mellow
2785,mellow
2786,grumpy
2789,empath
2790,grumpy
2791,grumpy
2792,mellow
2793,mellow
2796,rage
2797,empath
2798,calm
2800,grumpy
2802,mellow
2804,grumpy
2805,mellow
2806,rage
2808,grumpy
2810,grumpy
2811,rage
2812,calm
2813,rage
2814,grumpy
2815,rage
2818,calm
2819,empath
2820,rage
2822,mellow
2823,mellow
2824,calm
2826,calm
2827,mellow
2828,rage
2829,calm
2830,calm
2831,mellow
2832,grumpy
2833,calm
2835,empath
2836,rage
2837,calm
2838,empath
2840,empath
2841,grumpy
2842,rage
2843,calm
2845,calm
2846,calm
2847,grumpy
2848,empath
2849,mellow
2850,rage
2851,mellow
2852,grumpy
2855,rage
2856,mellow
2857,mellow
2858,empath
2859,grumpy
2863,rage
2864,calm
2865,mellow
2866,empath
2867,grumpy
2868,calm
2872,grumpy
2873,calm
2874,mellow
2875,calm
2879,calm
2880,rage
2881,grumpy
2882,calm
2883,rage
2884,rage
2885,calm
2886,rage
2887,rage
2889,rage
2890,grumpy
2891,rage
2892,calm
2894,rage
2895,calm
2896,empath
2897,rage
2899,mellow
2902,calm
2903,calm
2904,mellow
2905,rage
2906,rage
2907,mellow
2908,mellow
2909,empath
2911,calm
2912,mellow
2913,calm
2914,grumpy
2915,mellow
2917,empath
2918,calm
2919,mellow
2920,calm
2921,calm
2922,mellow
2923,empath
2924,empath
2925,empath
2926,grumpy
2927,mellow
2928,grumpy
2931,grumpy
2932,grumpy
2933,mellow
2934,empath
2935,grumpy
2936,calm
2937,empath
2938,rage
2939,calm
2942,empath
2943,grumpy
2944,calm
2945,calm
2947,mellow
2948,calm
2949,calm
2950,rage
2951,mellow
2953,empath
2954,rage
2957,mellow
2958,rage
2959,empath
2960,rage
2961,calm
2963,calm
2964,mellow
2965,grumpy
2967,empath
2971,calm
2973,empath
2974,mellow
2975,mellow
2976,grumpy
2977,grumpy
2979,calm
2980,rage
2981,mellow
2982,rage
2983,calm
2984,rage
2985,grumpy
2986,calm
2987,rage
2988,mellow
2989,mellow
2991,grumpy
2993,calm
2994,empath
2995,grumpy
2996,empath
2998,empath
2999,empath
3000,grumpy
3002,grumpy
3003,calm
3005,empath
3007,empath
3008,rage
3010,calm
3011,rage
3012,empath
3013,rage
3014,calm
3017,empath
3018,rage
3019,calm
3020,calm
3021,empath
3022,empath
3025,empath
3027,calm
3028,mellow
3030,grumpy
3031,empath
3032,mellow
3033,empath
3034,grumpy
3035,empath
3036,rage
3037,calm
3038,calm
3040,calm
3041,mellow
3044,calm
3045,calm
3046,empath
3048,empath
3049,calm
3050,rage
3051,grumpy
3052,grumpy
3053,rage
3054,calm
3056,grumpy
3057,grumpy
3058,calm
3059,calm
3060,calm
3061,grumpy
3063,empath
3064,mellow
3065,empath
3066,rage
3067,empath
3068,calm
3069,calm
3070,empath
3072,grumpy
3073,rage
3074,grumpy
3075,mellow
3076,grumpy
3077,empath
3080,rage
3081,calm
3083,grumpy
3084,rage
3085,calm
3086,rage
3087,empath
3088,calm
3089,grumpy
3090,mellow
3091,calm
3092,empath
3093,mellow
3097,mellow
3100,empath
3104,grumpy
3106,empath
3107,mellow
3108,rage
3109,calm
3110,grumpy
3113,mellow
3116,mellow
3117,mellow
3118,mellow
3120,calm
3121,rage
3122,empath
3124,empath
3125,mellow
3126,empath
3127,empath
3128,calm
3129,grumpy
3131,empath
3132,grumpy
3133,mellow
3135,grumpy
3136,calm
3137,empath
3138,empath
3139,rage
3140,empath
3141,empath
3143,empath
3145,grumpy
3147,grumpy
3148,mellow
3149,rage
3150,mellow
3153,mellow
3154,rage
3155,rage
3157,rage
3158,empath
3160,mellow
3161,grumpy
3163,empath
3165,rage
3166,rage
3167,empath
3168,mellow
3171,empath
3172,rage
3173,empath
3174,rage
3175,empath
3178,mellow
3179,mellow
3180,grumpy
3181,calm
3183,rage
3187,rage
3188,calm
3189,empath
3190,calm
3191,rage
3192,calm
3193,mellow
3194,mellow
3195,mellow
3196,calm
3197,empath
3198,calm
3201,empath
3202,rage
3203,calm
3204,rage
3205,rage
3206,calm
3208,mellow
3209,rage
3210,mellow
3211,empath
3212,rage
3214,rage
3215,calm
3216,mellow
3217,mellow
3218,empath
3219,mellow
3220,rage
3221,rage
3222,rage
3223,rage
3224,calm
3225,empath
3226,empath
3227,mellow
3228,calm
3229,grumpy
3230,grumpy
3231,mellow
3232,empath
3233,calm
3237,rage
3238,mellow
3239,rage
3240,mellow
3242,calm
3243,grumpy
3244,calm
3245,mellow
3246,empath
3247,mellow
3248,rage
3249,rage
3250,rage
3253,calm
3254,calm
3255,mellow
3258,mellow
3259,calm
3260,mellow
3261,rage
3262,empath
3263,empath
3265,calm
3267,empath
3269,calm
3270,grumpy
3271,grumpy
3273,grumpy
3275,mellow
3277,mellow
3278,grumpy
3279,mellow
3280,grumpy
3281,grumpy
3283,grumpy
3284,grumpy
3287,empath
3288,grumpy
3289,rage
3291,rage
3292,grumpy
3297,empath
3298,mellow
3299,rage
3300,empath
3302,calm
3303,calm
3304,calm
3307,empath
3308,grumpy
3309,grumpy
3310,empath
3311,calm
3312,grumpy
3313,rage
3316,calm
3317,grumpy
3320,grumpy
3321,empath
3322,empath
3325,rage
3326,grumpy
3327,grumpy
3328,mellow
3330,rage
3332,mellow
3333,empath
3334,empath
3335,calm
3336,grumpy
3337,empath
3339,mellow
3340,mellow
3341,grumpy
3342,mellow
3345,calm
3347,empath
3348,grumpy
3351,grumpy
3353,calm
3354,rage
3356,grumpy
3358,empath
3359,calm
3360,grumpy
3361,rage
3363,mellow
3364,calm
3365,mellow
3366,mellow
3367,empath
3369,empath
3370,mellow
3372,rage
3373,rage
3374,mellow
3375,mellow
3376,mellow
3378,mellow
3379,calm
3380,calm
3381,grumpy
3382,empath
3383,calm
3384,rage
3386,grumpy
3387,mellow
3388,rage
3389,empath
3390,mellow
3392,rage
3393,calm
3394,rage
3395,calm
3396,empath
3397,rage
3398,calm
3399,empath
3400,rage
3401,grumpy
3402,rage
3403,empath
3405,mellow
3406,empath
3407,calm
3409,empath
3414,calm
3416,rage
3417,empath
3418,mellow
3420,empath
3421,calm
3422,rage
3423,empath
3425,grumpy
3429,rage
3430,mellow
3431,calm
3432,grumpy
3433,empath
3434,mellow
3437,calm
3439,mellow
3440,empath
3443,mellow
3444,empath
3445,empath
3447,calm
3448,empath
3451,mellow
3452,grumpy
3453,grumpy
3454,mellow
3456,rage
3459,calm
3460,grumpy
3461,empath
3464,empath
3466,calm
3467,rage
3468,empath
3469,calm
3470,empath
3471,empath
3473,grumpy
3474,grumpy
3475,mellow
3477,grumpy
3478,calm
3479,mellow
3481,empath
3482,calm
3483,grumpy
3484,empath
3485,rage
3486,mellow
3487,empath
3489,empath
3490,rage
3491,calm
3492,mellow
3493,empath
3495,mellow
3496,mellow
3497,empath
3498,empath
3500,mellow
3502,empath
3503,mellow
3504,empath
3505,grumpy
3506,mellow
3508,rage
3509,calm
3510,empath
3511,empath
3513,rage
3514,mellow
3515,rage
3516,calm
3517,empath
3518,rage
3519,mellow
3520,rage
3521,grumpy
3523,mellow
3524,calm
3525,calm
3526,calm
3527,empath
3528,empath
3529,empath
3530,empath
3531,grumpy
3532,rage
3533,mellow
3535,empath
3536,rage
3537,calm
3538,rage
3541,mellow
3543,grumpy
3544,mellow
3547,calm
3548,calm
3552,empath
3554,grumpy
3555,grumpy
3556,grumpy
3557,grumpy
3563,empath
3564,empath
3566,calm
3568,empath
3569,rage
3571,mellow
3572,rage
3574,empath
3575,mellow
3576,mellow
3578,rage
3579,grumpy
3580,calm
3581,mellow
3582,calm
3583,calm
3585,empath
3589,mellow
3590,grumpy
3591,calm
3592,calm
3594,empath
3595,empath
3596,empath
3597,empath
3598,empath
3599,mellow
3600,grumpy
3601,calm
3603,calm
3604,mellow
3606,rage
3608,rage
3609,grumpy
3611,grumpy
3612,empath
3613,rage
3614,mellow
3616,calm
3617,calm
3618,mellow
3619,grumpy
3621,mellow
3623,calm
3624,empath
3626,grumpy
3628,mellow
3630,calm
3631,calm
3633,grumpy
3634,empath
3636,empath
3637,mellow
3638,calm
3639,grumpy
3641,grumpy
3642,grumpy
3643,mellow
3644,empath
3647,empath
3649,grumpy
3650,mellow
3651,calm
3653,calm
3654,mellow
3657,grumpy
3658,calm
3659,empath
3660,grumpy
3661,calm
3662,empath
3663,mellow
3665,empath
3666,mellow
3667,grumpy
3668,rage
3670,empath
3672,mellow
3673,mellow
3674,calm
3675,grumpy
3676,mellow
3677,empath
3679,grumpy
3681,rage
3683,rage
3684,empath
3685,calm
3686,grumpy
3687,calm
3688,mellow
3689,mellow
3690,empath
3691,empath
3692,mellow
3694,empath
3695,rage
3696,calm
3697,grumpy
3698,rage
3699,empath
3700,empath
3702,rage
3703,empath
3704,empath
3705,mellow
3706,empath
3708,rage
3709,grumpy
3710,calm
3714,mellow
3715,mellow
3719,rage
3720,mellow
3722,rage
3723,rage
3724,rage
3726,calm
3728,mellow
3729,grumpy
3730,grumpy
3731,calm
3733,empath
3734,grumpy
3735,mellow
3736,grumpy
3737,calm
3738,grumpy
3740,mellow
3741,mellow
3744,empath
3745,rage
3746,rage
3747,empath
3751,empath
3752,rage
3753,empath
3754,grumpy
3755,empath
3756,empath
3758,empath
3759,mellow
3760,mellow
3761,rage
3763,rage
3764,mellow
3765,empath
3767,mellow
3770,mellow
3771,calm
3772,mellow
3773,calm
3774,calm
3776,grumpy
3777,rage
3778,empath
3779,empath
3780,grumpy
3784,empath
3785,grumpy
3786,grumpy
3788,grumpy
3790,rage
3791,grumpy
3792,mellow
3793,empath
3794,grumpy
3795,calm
3796,empath
3798,empath
3799,calm
3800,empath
3801,rage
3802,rage
3803,calm
3805,grumpy
3806,rage
3808,calm
3809,mellow
3810,mellow
3811,calm
3813,calm
3814,empath
3815,empath
3817,calm
3818,grumpy
3820,calm
3821,grumpy
3822,grumpy
3824,mellow
3828,calm
3829,grumpy
3830,empath
3831,calm
3832,rage
3833,grumpy
3835,empath
3837,rage
3838,grumpy
3839,rage
3840,empath
3841,mellow
3843,rage
3844,grumpy
3845,mellow
3846,calm
3848,mellow
3849,rage
3850,calm
3851,grumpy
3853,calm
3855,grumpy
3856,calm
3857,empath
3858,rage
3859,grumpy
3861,mellow
3864,calm
3866,rage
3867,grumpy
3868,calm
3869,grumpy
3871,calm
3872,calm
3873,mellow
3874,calm
3875,mellow
3876,empath
3877,calm
3878,mellow
3880,rage
3881,grumpy
3884,rage
3886,grumpy
3887,mellow
3889,calm
3890,calm
3891,calm
3892,empath
3893,calm
3895,empath
3897,calm
3899,rage
3900,empath
3901,rage
3902,empath
3903,empath
3904,mellow
3905,empath
3906,mellow
3909,empath
3912,grumpy
3913,grumpy
3914,mellow
3916,empath
3917,mellow
3918,mellow
3919,rage
3920,calm
3924,calm
3925,calm
3926,empath
3927,rage
3928,mellow
3930,rage
3931,mellow
3932,rage
3934,mellow
3935,mellow
3937,empath
3938,rage
3939,calm
3940,grumpy
3942,rage
3944,mellow
3946,empath
3947,rage
3948,calm
3949,mellow
3950,grumpy
3951,calm
3953,empath
3956,empath
3957,empath
3958,grumpy
3959,empath
3960,mellow
3962,mellow
3964,mellow
3965,calm
3966,empath
3969,grumpy
3971,mellow
3972,mellow
3974,grumpy
3975,mellow
3976,empath
3978,rage
3979,calm
3980,rage
3981,empath
3982,grumpy
3984,empath
3985,calm
3986,empath
3987,mellow
3988,rage
3989,rage
3990,empath
3991,empath
3993,mellow
3994,calm
3995,calm
3996,rage
3997,grumpy
3998,grumpy
3999,calm
4001,mellow
4002,mellow
4003,grumpy
4005,rage
4007,empath
4008,calm
4009,rage
4010,grumpy
4011,empath
4012,mellow
4013,mellow
4014,empath
4015,grumpy
4018,mellow
4021,grumpy
4023,grumpy
4024,grumpy
4025,grumpy
4026,calm
4027,rage
4029,grumpy
4030,rage
4031,mellow
4034,empath
4035,mellow
4036,calm
4037,grumpy
4038,rage
4039,empath
4040,mellow
4041,mellow
4042,empath
4045,empath
4046,mellow
4048,mellow
4049,mellow
4050,empath
4052,rage
4054,empath
4055,mellow
4056,grumpy
4057,rage
4058,calm
4059,rage
4060,mellow
4061,rage
4063,mellow
4064,empath
4066,empath
4067,empath
4068,empath
4069,mellow
4070,rage
4071,mellow
4073,calm
4078,calm
4080,rage
4082,grumpy
4083,rage
4085,grumpy
4086,calm
4088,empath
4089,grumpy
4090,mellow
4093,empath
4094,empath
4095,mellow
4096,calm
4097,grumpy
4101,mellow
4102,mellow
4104,grumpy
4107,grumpy
4108,empath
4109,mellow
4111,mellow
4114,calm
4116,calm
4117,grumpy
4120,rage
4122,empath
4123,grumpy
4124,empath
4125,rage
4126,empath
4127,grumpy
4128,grumpy
4129,empath
4130,empath
4131,rage
4132,empath
4134,calm
4136,grumpy
4138,grumpy
4139,calm
4142,empath
4143,rage
4144,calm
4145,calm
4147,grumpy
4148,rage
4150,grumpy
4151,rage
4152,rage
4153,grumpy
4155,empath
4158,calm
4159,grumpy
4160,calm
4162,empath
4163,grumpy
4166,calm
4167,calm
4168,mellow
4170,rage
4171,calm
4172,empath
4174,mellow
4175,empath
4176,grumpy
4177,empath
4178,grumpy
4179,empath
4181,calm
4182,grumpy
4183,grumpy
4184,rage
4185,grumpy
4187,empath
4189,grumpy
4190,rage
4192,calm
4193,rage
4195,mellow
4196,empath
4197,empath
4200,empath
4201,grumpy
4202,rage
4203,grumpy
4204,empath
4206,mellow
4207,empath
4209,mellow
4210,grumpy
4211,rage
4213,grumpy
4214,rage
4215,mellow
4216,mellow
4217,rage
4218,calm
4219,rage
4220,mellow
4221,rage
4222,rage
4225,grumpy
4226,calm
4228,rage
4230,mellow
4231,grumpy
4232,rage
4234,calm
4235,calm
4236,calm
4237,empath
4238,empath
4239,empath
4240,rage
4241,empath
4242,rage
4243,mellow
4244,mellow
4245,rage
4248,empath
4249,mellow
4250,empath
4252,calm
4253,calm
4254,empath
4255,empath
4256,mellow
4257,empath
4258,grumpy
4259,calm
4260,mellow
4261,mellow
4265,empath
4266,mellow
4267,calm
4268,calm
4270,mellow
4271,calm
4272,rage
4273,rage
4274,empath
4277,mellow
4278,grumpy
4280,rage
4281,empath
4285,grumpy
4286,calm
4287,empath
4290,mellow
4291,calm
4293,calm
4294,grumpy
4295,mellow
4297,empath
4298,rage
4299,grumpy
4300,rage
4301,rage
4302,mellow
4304,calm
4305,calm
4307,mellow
4310,empath
4312,grumpy
4313,grumpy
4314,empath
4315,grumpy
4317,rage
4318,rage
4319,rage
4322,empath
4323,rage
4325,calm
4326,grumpy
4327,grumpy
4331,grumpy
4332,empath
4333,rage
4335,mellow
4336,grumpy
4337,mellow
4338,rage
4339,calm
4340,mellow
4341,grumpy
4345,calm
4348,empath
4349,grumpy
4350,grumpy
4352,grumpy
4353,calm
4355,mellow
4356,rage
4357,grumpy
4359,empath
4360,rage
4361,rage
4364,rage
4365,mellow
4366,grumpy
4367,empath
4368,mellow
4369,calm
4370,grumpy
4372,grumpy
4373,calm
4374,empath
4375,mellow
4378,mellow
4379,rage
4380,mellow
4381,calm
4382,empath
4383,rage
4384,empath
4385,rage
4386,empath
4388,rage
4389,empath
4390,grumpy
4391,empath
4392,grumpy
4393,calm
4394,empath
4395,mellow
4397,grumpy
4398,empath
4399,mellow
4401,grumpy
4402,calm
4403,mellow
4404,calm
4405,calm
4406,rage
4407,empath
4408,mellow
4411,empath
4412,calm
4413,mellow
4414,grumpy
4415,mellow
4416,mellow
4417,rage
4418,empath
4419,mellow
4421,grumpy
4422,mellow
4424,empath
4425,grumpy
4427,mellow
4429,calm
4431,mellow
4432,rage
4433,calm
4434,empath
4436,grumpy
4437,grumpy
4439,empath
4440,mellow
4442,mellow
4443,grumpy
4446,grumpy
4448,mellow
4451,mellow
4453,mellow
4456,empath
4459,grumpy
4460,rage
4464,rage
4465,grumpy
4466,rage
4467,rage
4468,calm
4469,grumpy
4471,mellow
4472,empath
4473,empath
4474,mellow
4475,grumpy
4476,empath
4477,empath
4478,rage
4479,mellow
4480,mellow
4481,mellow
4482,mellow
4484,grumpy
4486,calm
4487,grumpy
4488,mellow
4489,calm
4490,empath
4492,grumpy
4494,calm
4495,rage
4499,rage
4501,empath
4502,rage
4503,rage
4504,rage
4506,mellow
4509,empath
4511,calm
4512,grumpy
4514,empath
4515,mellow
4516,mellow
4517,grumpy
4518,rage
4519,grumpy
4520,calm
4523,calm
4525,grumpy
4526,empath
4527,rage
4528,empath
4529,empath
4532,empath
4535,grumpy
4536,mellow
4537,empath
4538,rage
4539,calm
4540,empath
4542,rage
4543,calm
4544,calm
4545,empath
4546,empath
4547,grumpy
4548,calm
4549,empath
4552,empath
4554,rage
4555,mellow
4556,calm
4557,empath
4560,mellow
4561,mellow
4563,rage
4564,grumpy
4565,calm
4566,grumpy
4568,calm
4569,calm
4570,mellow
4571,grumpy
4572,mellow
4573,calm
4575,mellow
4578,rage
4579,mellow
4580,mellow
4582,empath
4587,mellow
4588,rage
4589,empath
4590,calm
4591,rage
4594,empath
4595,mellow
4596,mellow
4597,grumpy
4598,calm
4600,calm
4601,grumpy
4604,grumpy
4605,calm
4607,grumpy
4608,mellow
4610,grumpy
4611,mellow
4612,rage
4613,calm
4614,rage
4616,empath
4617,empath
4619,mellow
4620,mellow
4622,empath
4623,empath
4624,empath
4625,rage
4626,calm
4627,calm
4628,mellow
4632,grumpy
4633,rage
4634,empath
4635,mellow
4638,calm
4639,grumpy
4640,grumpy
4641,calm
4642,empath
4643,grumpy
4644,grumpy
4645,mellow
4646,empath
4647,calm
4648,rage
4651,rage
4652,calm
4653,rage
4655,calm
4656,calm
4657,rage
4658,grumpy
4659,calm
4662,mellow
4663,mellow
4664,grumpy
4666,calm
4667,rage
4668,empath
4669,rage
4672,grumpy
4673,empath
4674,mellow
4675,calm
4677,rage
4678,calm
4679,empath
4681,calm
4683,mellow
4684,rage
4685,grumpy
4686,grumpy
4687,mellow
4688,grumpy
4689,empath
4690,mellow
4691,mellow
4692,grumpy
4694,mellow
4695,calm
4696,empath
4698,mellow
4699,rage
4700,grumpy
4702,rage
4703,empath
4704,calm
4705,empath
4708,grumpy
4711,mellow
4712,grumpy
4713,mellow
4714,grumpy
4715,rage
4716,mellow
4717,rage
4718,grumpy
4720,empath
4721,mellow
4723,rage
4724,grumpy
4725,empath
4726,grumpy
4727,mellow
4729,grumpy
4730,calm
4731,calm
4732,empath
4734,empath
4735,mellow
4736,calm
4739,calm
4740,empath
4741,grumpy
4743,rage
4744,mellow
4747,rage
4748,calm
4749,rage
4751,rage
4753,rage
4755,calm
4757,grumpy
4759,mellow
4760,rage
4761,rage
4763,rage
4766,rage
4767,empath
4768,grumpy
4769,calm
4770,empath
4771,empath
4772,rage
4775,calm
4776,mellow
4777,calm
4778,grumpy
4779,empath
4780,mellow
4781,empath
4782,empath
4783,calm
4784,calm
4785,empath
4786,empath
4787,calm
4789,grumpy
4790,calm
4795,calm
4796,empath
4797,mellow
4799,grumpy
4800,calm
4802,empath
4805,grumpy
4806,rage
4807,grumpy
4808,mellow
4810,mellow
4811,empath
4813,calm
4814,grumpy
4815,grumpy
4816,grumpy
4817,grumpy
4818,mellow
4820,calm
4821,empath
4825,empath
4826,mellow
4827,empath
4829,grumpy
4830,calm
4831,grumpy
4833,empath
4834,empath
4835,calm
4836,mellow
4838,grumpy
4840,mellow
4841,grumpy
4842,calm
4843,mellow
4845,empath
4847,grumpy
4848,mellow
4849,mellow
4850,calm
4851,calm
4852,grumpy
4853,empath
4854,mellow
4855,grumpy
4856,calm
4857,calm
4858,empath
4859,empath
4860,calm
4861,rage
4862,calm
4863,mellow
4864,calm
4865,rage
4867,grumpy
4868,rage
4869,mellow
4871,mellow
4872,rage
4873,grumpy
4874,grumpy
4875,empath
4879,empath
4880,grumpy
4881,rage
4882,rage
4884,grumpy
4885,calm
4886,calm
4887,calm
4888,rage
4889,calm
4891,rage
4892,grumpy
4893,rage
4894,calm
4895,empath
4896,rage
4897,empath
4898,mellow
4900,rage
4901,rage
4902,mellow
4905,empath
4906,empath
4907,rage
4908,grumpy
4909,rage
4910,grumpy
4912,mellow
4913,grumpy
4914,calm
4915,calm
4916,rage
4917,mellow
4918,calm
4919,grumpy
4920,empath
4921,calm
4922,calm
4923,rage
4925,calm
4927,rage
4928,mellow
4930,mellow
4931,calm
4932,calm
4933,grumpy
4934,mellow
4935,empath
4936,empath
4937,empath
4938,grumpy
4939,calm
4940,empath
4941,calm
4942,rage
4943,mellow
4945,rage
4946,grumpy
4947,calm
4948,empath
4949,empath
4950,mellow
4951,grumpy
4956,empath
4957,mellow
4958,grumpy
4959,mellow
4960,calm
4962,grumpy
4963,mellow
4965,rage
4966,calm
4967,mellow
4970,mellow
4972,calm
4978,mellow
4979,calm
4980,empath
4981,rage
4983,mellow
4984,calm
4985,grumpy
4987,grumpy
4988,calm
4989,grumpy
4990,empath
4991,mellow
4994,mellow
4995,empath
4996,rage
4997,empath
4998,rage
4999,calm
5000,grumpy
5001,empath
5003,empath
5004,rage
5005,grumpy
5006,rage
5008,grumpy
5009,grumpy
5010,calm
5011,grumpy
5012,empath
5013,calm
5015,empath
5016,rage
5017,mellow
5018,rage
5022,grumpy
5024,rage
5025,grumpy
5026,calm
5027,grumpy
5028,grumpy
5029,rage
5030,grumpy
5031,empath
5033,calm
5034,calm
5038,empath
5039,mellow
5040,grumpy
5041,empath
5042,empath
5043,rage
5044,mellow
5046,calm
5047,empath
5048,mellow
5049,mellow
5052,calm
5053,empath
5058,calm
5060,calm
5061,calm
5062,calm
5063,mellow
5064,calm
5065,grumpy
5068,empath
5070,rage
5073,rage
5075,calm
5076,empath
5077,rage
5078,mellow
5079,grumpy
5080,calm
5082,grumpy
5083,empath
5084,grumpy
5085,mellow
5089,empath
5090,empath
5091,empath
5092,mellow
5093,empath
5094,calm
5095,mellow
5097,calm
5099,rage
5100,calm
5101,mellow
5102,calm
5103,empath
5104,empath
5105,grumpy
5107,empath
5108,grumpy
5110,rage
5112,mellow
5113,mellow
5114,grumpy
5115,grumpy
5116,empath
5117,empath
5118,empath
5120,calm
5121,rage
5122,empath
5123,empath
5125,calm
5126,grumpy
5127,calm
5128,grumpy
5129,empath
5130,mellow
5131,empath
5132,empath
5133,empath
5135,rage
5136,mellow
5137,mellow
5138,calm
5139,grumpy
5141,empath
5142,empath
5143,rage
5146,calm
5147,grumpy
5148,calm
5149,calm
5150,mellow
5152,grumpy
5154,empath
5155,rage
5157,calm
5158,empath
5160,calm
5161,mellow
5162,grumpy
5163,grumpy
5166,empath
5167,rage
5168,rage
5169,empath
5170,mellow
5172,mellow
5174,rage
5175,grumpy
5176,empath
5178,rage
5179,rage
5180,empath
5181,calm
5182,rage
5184,empath
5185,empath
5186,empath
5187,grumpy
5189,grumpy
5190,mellow
5191,calm
5192,rage
5193,calm
5197,empath
5198,empath
5199,empath
5201,mellow
5202,empath
5203,empath
5205,calm
5206,grumpy
5209,calm
5211,mellow
5213,empath
5214,grumpy
5215,empath
5216,empath
5217,rage
5219,calm
5220,rage
5222,empath
5223,grumpy
5224,calm
5225,empath
5226,calm
5228,calm
5229,empath
5231,rage
5232,rage
5234,empath
5236,grumpy
5237,rage
5238,mellow
5239,rage
5242,empath
5243,calm
5244,calm
5246,grumpy
5248,grumpy
5249,empath
5250,grumpy
5251,calm
5252,empath
5253,rage
5254,mellow
5255,empath
5258,empath
5260,mellow
5261,rage
5264,empath
5265,mellow
5266,calm
5267,calm
5268,grumpy
5269,mellow
5270,grumpy
5271,rage
5272,mellow
5274,calm
5275,rage
5276,mellow
5277,empath
5278,grumpy
5279,calm
5280,rage
5281,calm
5282,calm
5284,mellow
5285,calm
5286,grumpy
5287,mellow
5289,empath
5290,mellow
5294,calm
5295,empath
5296,empath
5297,grumpy
5300,mellow
5302,mellow
5304,calm
5305,grumpy
5306,grumpy
5307,rage
5308,grumpy
5309,rage
5310,rage
5311,grumpy
5312,mellow
5313,rage
5314,grumpy
5315,empath
5317,grumpy
5319,rage
5320,mellow
5321,empath
5325,grumpy
5326,empath
5328,mellow
5329,grumpy
5331,calm
5332,rage
5333,mellow
5334,mellow
5336,rage
5339,mellow
5341,calm
5343,empath
5345,grumpy
5347,mellow
5349,grumpy
5351,empath
5352,empath
5354,mellow
5355,empath
5356,rage
5357,mellow
5358,rage
5359,calm
5361,mellow
5363,calm
5364,rage
5365,mellow
5367,rage
5368,mellow
5370,calm
5371,calm
5372,mellow
5373,rage
5374,mellow
5378,rage
5379,mellow
5380,calm
5381,empath
5382,rage
5383,empath
5384,empath
5385,grumpy
5386,empath
5389,empath
5391,grumpy
5392,grumpy
5394,mellow
5395,empath
5397,calm
5399,empath
5401,rage
5402,empath
5405,calm
5406,empath
5410,grumpy
5411,mellow
5412,mellow
5416,mellow
5417,calm
5418,calm
5420,empath
5421,empath
5422,grumpy
5424,grumpy
5430,calm
5431,calm
5433,mellow
5434,mellow
5435,empath
5436,rage
5437,calm
5438,calm
5439,rage
5440,rage
5441,grumpy
5442,mellow
5443,calm
5444,mellow
5445,grumpy
5446,empath
5448,grumpy
5451,calm
5452,empath
5453,empath
5455,rage
5456,empath
5457,calm
5458,grumpy
5461,calm
5464,empath
5465,empath
5466,calm
5467,mellow
5468,mellow
5470,empath
5471,grumpy
5472,empath
5474,empath
5475,calm
5476,empath
5477,empath
5478,mellow
5479,mellow
5480,calm
5481,calm
5482,grumpy
5483,grumpy
5484,empath
5486,grumpy
5489,empath
5490,mellow
5491,calm
5493,rage
5494,mellow
5496,empath
5499,mellow
5501,grumpy
5502,calm
5504,empath
5506,calm
5508,empath
5509,grumpy
5510,empath
5512,calm
5513,mellow
5514,calm
5516,empath
5517,calm
5518,mellow
5519,rage
5520,mellow
5521,empath
5523,grumpy
5525,grumpy
5526,rage
5528,empath
5529,calm
5533,rage
5534,empath
5535,empath
5536,rage
5539,calm
5540,grumpy
5541,mellow
5542,rage
5543,rage
5544,calm
5547,empath
5548,calm
5549,mellow
5550,calm
5551,empath
5552,rage
5553,mellow
5554,grumpy
5556,calm
5557,calm
5558,rage
5559,empath
5560,empath
5562,calm
5563,grumpy
5565,mellow
5568,empath
5569,empath
5571,rage
5572,mellow
5573,empath
5574,mellow
5575,mellow
5576,calm
5577,rage
5578,empath
5579,calm
5580,calm
5583,mellow
5584,empath
5585,empath
5587,empath
5588,mellow
5589,rage
5593,empath
5595,rage
5596,empath
5597,empath
5598,empath
5599,grumpy
5600,calm
5601,empath
5602,grumpy
5604,calm
5605,calm
5606,calm
5607,calm
5608,empath
5609,empath
5610,mellow
5613,grumpy
5615,calm
5616,mellow
5617,mellow
5619,rage
5620,rage
5621,grumpy
5622,rage
5623,grumpy
5624,rage
5626,calm
5627,grumpy
5628,grumpy
5630,grumpy
5632,calm
5633,mellow
5635,mellow
5636,calm
5638,calm
5640,calm
5642,rage
5643,grumpy
5644,mellow
5645,mellow
5646,calm
5649,rage
5651,empath
5652,rage
5653,calm
5655,grumpy
5656,grumpy
5657,mellow
5658,rage
5659,grumpy
5660,grumpy
5661,mellow
5663,calm
5664,grumpy
5665,rage
5666,rage
5667,calm
5668,calm
5669,rage
5670,mellow
5672,mellow
5673,rage
5674,rage
5675,calm
5676,mellow
5677,mellow
5678,mellow
5680,empath
5681,calm
5682,grumpy
5683,grumpy
5684,empath
5689,grumpy
5691,empath
5693,grumpy
5694,empath
5696,mellow
5697,rage
5698,grumpy
5699,grumpy
5700,calm
5702,calm
5703,calm
5704,mellow
5706,mellow
5707,calm
5709,calm
5710,rage
5711,empath
5713,grumpy
5715,calm
5716,grumpy
5717,rage
5719,calm
5721,mellow
5722,empath
5723,empath
5725,calm
5726,rage
5727,mellow
5728,grumpy
5729,grumpy
5730,empath
5732,rage
5733,rage
5734,empath
5735,empath
5736,rage
5737,rage
5739,grumpy
5740,rage
5743,rage
5745,empath
5746,empath
5748,rage
5749,grumpy
5751,grumpy
5753,mellow
5754,mellow
5755,mellow
5756,calm
5757,calm
5759,rage
5760,calm
5762,rage
5764,empath
5767,calm
5768,grumpy
5769,mellow
5770,calm
5771,empath
5772,empath
5773,rage
5774,rage
5776,calm
5778,calm
5780,grumpy
5782,empath
5783,mellow
5786,mellow
5787,mellow
5788,mellow
5789,mellow
5790,calm
5791,empath
5792,empath
5795,mellow
5797,empath
5798,empath
5799,calm
5801,rage
5802,calm
5804,grumpy
5805,mellow
5806,calm
5807,calm
5809,rage
5810,empath
5813,calm
5815,rage
5816,calm
5817,grumpy
5818,grumpy
5821,empath
5822,empath
5824,calm
5825,empath
5826,rage
5827,calm
5828,grumpy
5831,calm
5832,rage
5834,grumpy
5835,empath
5837,empath
5838,rage
5839,rage
5841,calm
5842,grumpy
5844,empath
5846,calm
5849,grumpy
5850,empath
5851,calm
5852,rage
5853,mellow
5854,rage
5855,calm
5856,calm
5857,calm
5859,rage
5861,empath
5862,rage
5864,grumpy
5866,grumpy
5868,grumpy
5869,mellow
5871,mellow
5872,grumpy
5873,grumpy
5876,empath
5877,empath
5879,empath
5881,mellow
5883,calm
5884,empath
5885,rage
5887,grumpy
5888,calm
5889,mellow
5890,mellow
5891,rage
5892,empath
5894,calm
5899,empath
5900,rage
5901,empath
5902,calm
5904,empath
5906,empath
5907,empath
5908,mellow
5910,rage
5911,empath
5914,rage
5916,empath
5917,calm
5919,rage
5920,rage
5921,mellow
5922,rage
5923,calm
5924,grumpy
5926,calm
5927,grumpy
5928,grumpy
5930,mellow
5931,empath
5932,empath
5933,rage
5934,calm
5935,empath
5936,rage
5937,empath
5938,rage
5939,calm
5940,calm
5942,calm
5943,calm
5944,grumpy
5946,grumpy
5948,empath
5949,rage
5952,rage
5953,grumpy
5955,mellow
5956,rage
5957,calm
5958,empath
5959,empath
5960,empath
5961,mellow
5962,mellow
5965,grumpy
5966,mellow
5967,empath
5968,empath
5969,mellow
5971,empath
5972,mellow
5977,calm
5979,rage
5982,empath
5983,mellow
5984,grumpy
5985,mellow
5988,calm
5989,grumpy
5991,rage
5992,rage
5993,empath
5994,empath
5995,grumpy
5996,calm
5998,calm
5999,calm
6000,empath
6001,mellow
6007,empath
6009,empath
6011,empath
6013,mellow
6014,empath
6016,calm
6018,calm
6021,rage
6023,empath
6025,empath
6026,empath
6027,empath
6029,empath
6031,grumpy
6032,calm
6036,rage
6039,rage
6041,rage
6043,grumpy
6044,grumpy
6047,empath
6049,empath
6050,grumpy
6051,grumpy
6052,grumpy
6054,calm
6055,empath
6057,rage
6058,grumpy
6060,empath
6061,calm
6063,calm
6064,rage
6065,empath
6067,empath
6069,empath
6070,mellow
6072,grumpy
6073,mellow
6074,mellow
6075,empath
6076,grumpy
6077,mellow
6078,grumpy
6080,calm
6081,mellow
6082,grumpy
6083,rage
6084,grumpy
6085,empath
6086,mellow
6090,rage
6093,calm
6094,calm
6095,rage
6097,empath
6098,calm
6099,mellow
6100,rage
6101,empath
6102,grumpy
6103,mellow
6105,grumpy
6108,calm
6109,grumpy
6110,rage
6111,grumpy
6112,empath
6113,empath
6116,grumpy
6117,rage
6118,rage
6120,calm
6121,empath
6122,empath
6123,rage
6124,mellow
6125,empath
6128,rage
6130,mellow
6131,mellow
6132,mellow
6133,rage
6134,calm
6135,calm
6136,calm
6137,rage
6139,rage
6140,grumpy
6142,grumpy
6143,calm
6145,rage
6146,mellow
6147,empath
6148,rage
6149,mellow
6150,empath
6152,mellow
6153,grumpy
6154,rage
6155,rage
6156,mellow
6157,empath
6158,calm
6161,calm
6167,grumpy
6169,calm
6170,grumpy
6171,calm
6172,rage
6174,calm
6175,grumpy
6176,calm
6177,calm
6179,empath
6180,empath
6181,calm
6183,calm
6184,mellow
6185,grumpy
6186,mellow
6187,grumpy
6188,calm
6190,rage
6192,mellow
6193,calm
6194,mellow
6195,mellow
6198,calm
6199,grumpy
6201,empath
6202,empath
6204,rage
6207,grumpy
6208,calm
6209,mellow
6211,mellow
6212,mellow
6213,grumpy
6217,mellow
6219,mellow
6220,rage
6221,rage
6223,rage
6224,calm
6225,empath
6227,mellow
6228,empath
6229,empath
6230,rage
6232,grumpy
6233,grumpy
6237,empath
6240,empath
6241,rage
6242,empath
6243,grumpy
6246,mellow
6249,mellow
6250,calm
6251,mellow
6252,calm
6253,empath
6254,grumpy
6255,calm
6257,rage
6259,calm
6260,calm
6262,calm
6263,rage
6264,mellow
6265,rage
6266,empath
6267,mellow
6268,grumpy
6269,grumpy
6270,grumpy
6271,rage
6273,empath
6274,calm
6276,empath
6277,rage
6278,empath
6279,mellow
6280,empath
6282,empath
6283,calm
6286,empath
6287,mellow
6288,grumpy
6289,grumpy
6291,empath
6292,mellow
6294,calm
6295,grumpy
6296,mellow
6298,empath
6299,grumpy
6302,calm
6304,mellow
6305,grumpy
6311,mellow
6312,empath
6313,rage
6315,mellow
6316,empath
6317,mellow
6319,grumpy
6322,rage
6324,rage
6325,grumpy
6326,grumpy
6328,calm
6329,grumpy
6330,empath
6332,grumpy
6333,empath
6334,grumpy
6335,mellow
6338,empath
6339,calm
6340,rage
6341,empath
6342,rage
6343,mellow
6344,empath
6346,grumpy
6350,rage
6351,mellow
6352,calm
6353,calm
6355,grumpy
6360,calm
6362,grumpy
6364,calm
6365,calm
6367,empath
6368,grumpy
6371,calm
6372,calm
6373,empath
6374,calm
6375,empath
6376,mellow
6377,calm
6378,rage
6379,grumpy
6380,rage
6381,calm
6382,calm
6383,rage
6385,calm
6386,mellow
6389,empath
6390,mellow
6391,calm
6392,grumpy
6397,grumpy
6398,mellow
6399,calm
6401,calm
6403,grumpy
6404,empath
6407,rage
6408,grumpy
6416,empath
6418,calm
6420,calm
6421,empath
6427,empath
6429,grumpy
6432,calm
6433,mellow
6434,grumpy
6435,grumpy
6436,calm
6438,grumpy
6440,rage
6442,empath
6443,calm
6444,rage
6445,empath
6446,grumpy
6448,empath
6449,rage
6450,empath
6451,grumpy
6456,grumpy
6457,rage
6459,calm
6464,grumpy
6466,empath
6467,grumpy
6470,mellow
6471,empath
6472,mellow
6474,empath
6476,rage
6478,empath
6479,empath
6480,empath
6482,rage
6483,mellow
6484,mellow
6485,calm
6488,grumpy
6489,rage
6490,grumpy
6493,calm
6495,mellow
6496,mellow
6497,grumpy
6498,empath
6499,empath
6501,mellow
6502,mellow
6503,empath
6504,empath
6506,grumpy
6507,calm
6508,empath
6509,rage
6510,mellow
6511,empath
6512,grumpy
6513,grumpy
6514,rage
6515,mellow
6516,calm
6517,rage
6518,grumpy
6519,rage
6521,grumpy
6523,empath
6525,empath
6526,grumpy
6527,grumpy
6528,mellow
6529,rage
6532,calm
6533,rage
6535,grumpy
6537,mellow
6538,mellow
6539,calm
6540,grumpy
6541,rage
6542,mellow
6543,mellow
6544,calm
6545,calm
6546,mellow
6548,grumpy
6549,grumpy
6553,calm
6555,empath
6557,grumpy
6558,calm
6560,calm
6561,mellow
6562,empath
6563,grumpy
6565,calm
6566,grumpy
6567,mellow
6568,grumpy
6570,empath
6572,calm
6574,rage
6575,calm
6577,empath
6578,mellow
6580,empath
6581,calm
6583,mellow
6585,mellow
6586,mellow
6587,empath
6588,empath
6589,rage
6590,grumpy
6594,mellow
6596,grumpy
6599,calm
6600,rage
6601,rage
6602,empath
6603,empath
6605,rage
6606,grumpy
6607,grumpy
6608,mellow
6609,grumpy
6610,grumpy
6611,grumpy
6613,mellow
6614,empath
6616,rage
6617,mellow
6620,mellow
6621,empath
6622,grumpy
6624,rage
6625,calm
6627,mellow
6628,rage
6630,rage
6632,empath
6633,mellow
6634,empath
6636,grumpy
6637,grumpy
6638,mellow
6639,empath
6640,mellow
6641,rage
6642,calm
6644,empath
6645,mellow
6646,calm
6647,grumpy
6648,empath
6650,calm
6652,empath
6655,rage
6658,calm
6659,empath
6661,calm
6663,mellow
6664,calm
6665,grumpy
6666,mellow
6667,grumpy
6668,grumpy
6669,calm
6670,empath
6671,mellow
6672,calm
6673,calm
6674,grumpy
6675,mellow
6676,rage
6677,calm
6678,grumpy
6679,mellow
6680,empath
6681,mellow
6682,mellow
6683,calm
6684,calm
6685,calm
6686,mellow
6690,grumpy
6691,calm
6693,empath
6696,mellow
6698,empath
6699,grumpy
6700,grumpy
6701,mellow
6703,grumpy
6704,calm
6705,calm
6707,empath
6708,rage
6709,mellow
6710,empath
6711,empath
6712,calm
6713,mellow
6716,calm
6717,empath
6718,mellow
6719,empath
6720,empath
6721,mellow
6722,grumpy
6723,empath
6725,rage
6726,empath
6728,calm
6729,empath
6730,calm
6731,grumpy
6732,mellow
6733,mellow
6734,calm
6736,rage
6737,calm
6738,grumpy
6739,mellow
6741,calm
6742,calm
6743,grumpy
6746,empath
6747,empath
6748,calm
6749,calm
6751,calm
6752,grumpy
6753,grumpy
6754,calm
6755,grumpy
6756,calm
6757,calm
6758,calm
6759,calm
6760,mellow
6761,calm
6762,grumpy
6763,calm
6766,empath
6767,empath
6768,mellow
6769,grumpy
6771,rage
6772,calm
6773,empath
6776,grumpy
6780,rage
6783,grumpy
6785,grumpy
6786,mellow
6788,empath
6789,rage
6790,empath
6793,empath
6796,empath
6797,grumpy
6801,grumpy
6802,calm
6803,empath
6805,calm
6806,rage
6807,rage
6810,mellow
6812,empath
6814,empath
6815,grumpy
6816,grumpy
6817,grumpy
6818,empath
6819,mellow
6823,mellow
6824,rage
6825,calm
6827,grumpy
6831,grumpy
6832,grumpy
6833,empath
6834,mellow
6835,grumpy
6836,rage
6837,calm
6840,rage
6841,empath
6842,calm
6843,calm
6845,rage
6849,empath
6850,rage
6851,mellow
6853,mellow
6854,empath
6855,rage
6856,mellow
6857,empath
6859,grumpy
6860,empath
6861,calm
6862,mellow
6865,grumpy
6866,empath
6867,mellow
6868,mellow
6869,empath
6870,empath
6871,calm
6873,mellow
6874,rage
6875,mellow
6876,empath
6879,empath
6880,empath
6881,empath
6882,empath
6883,empath
6884,mellow
6886,grumpy
6890,calm
6891,empath
6892,grumpy
6895,grumpy
6896,mellow
6897,empath
6898,mellow
6900,calm
6902,empath
6903,empath
6905,grumpy
6909,calm
6910,mellow
6911,calm
6912,calm
6913,rage
6915,rage
6916,empath
6917,grumpy
6919,rage
6920,rage
6921,grumpy
6922,calm
6925,grumpy
6926,empath
6927,mellow
6929,mellow
6930,calm
6931,empath
6932,calm
6935,empath
6936,grumpy
6937,mellow
6938,grumpy
6940,rage
6942,rage
6943,mellow
6947,empath
6949,mellow
6950,empath
6951,empath
6953,grumpy
6954,rage
6955,rage
6958,empath
6959,calm
6960,calm
6961,mellow
6964,empath
6967,calm
6969,grumpy
6971,rage
6972,mellow
6973,calm
6974,calm
6976,rage
6978,empath
6980,rage
6981,mellow
6983,grumpy
6985,mellow
6989,empath
6991,mellow
6993,mellow
6994,empath
6995,empath
6996,rage
6997,grumpy
6998,calm
7000,mellow
7001,empath
7003,grumpy
7004,empath
7005,empath
7006,mellow
7007,mellow
7008,calm
7009,empath
7010,mellow
7012,rage
7014,grumpy
7015,calm
7016,rage
7020,empath
7021,mellow
7022,empath
7023,grumpy
7024,empath
7025,empath
7026,calm
7027,rage
7028,rage
7029,mellow
7033,calm
7034,grumpy
7035,rage
7036,rage
7037,mellow
7038,calm
7040,mellow
7041,rage
7043,empath
7046,mellow
7047,empath
7053,calm
7054,rage
7056,empath
7057,mellow
7059,calm
7060,mellow
7061,empath
7062,grumpy
7063,mellow
7064,rage
7065,mellow
7066,calm
7070,empath
7071,grumpy
7073,rage
7077,mellow
7080,mellow
7081,empath
7082,rage
7083,rage
7085,calm
7088,calm
7091,grumpy
7092,mellow
7093,grumpy
7094,rage
7096,mellow
7097,mellow
7098,mellow
7100,grumpy
7101,mellow
7103,empath
7104,rage
7105,rage
7106,mellow
7107,rage
7108,empath
7110,mellow
7111,rage
7113,rage
7115,empath
7116,rage
7118,calm
7119,empath
7121,mellow
7122,empath
7123,calm
7124,grumpy
7125,calm
7128,calm
7129,grumpy
7131,rage
7135,empath
7136,grumpy
7137,empath
7140,mellow
7141,empath
7144,mellow
7145,grumpy
7146,mellow
7147,mellow
7149,calm
7150,calm
7151,empath
7152,grumpy
7153,mellow
7157,calm
7158,rage
7159,rage
7162,mellow
7163,mellow
7164,mellow
7165,rage
7166,empath
7167,grumpy
7168,grumpy
7169,rage
7170,grumpy
7171,grumpy
7172,mellow
7173,empath
7174,grumpy
7175,rage
7178,empath
7179,rage
7181,calm
7182,grumpy
7183,empath
7184,calm
7185,calm
7187,grumpy
7188,rage
7189,empath
7190,calm
7193,mellow
7194,rage
7200,grumpy
7201,calm
7202,grumpy
7203,grumpy
7204,rage
7205,rage
7206,mellow
7207,rage
7208,calm
7209,mellow
7210,empath
7213,empath
7214,rage
7215,empath
7216,grumpy
7217,rage
7218,rage
7219,empath
7220,grumpy
7221,mellow
7222,empath
7223,grumpy
7224,rage
7225,grumpy
7228,calm
7229,calm
7231,rage
7233,grumpy
7234,grumpy
7236,rage
7238,calm
7239,grumpy
7240,mellow
7241,calm
7242,calm
7243,rage
7244,mellow
7247,grumpy
7248,calm
7249,empath
7250,mellow
7251,grumpy
7252,mellow
7253,rage
7254,grumpy
7256,empath
7257,rage
7258,calm
7259,rage
7260,rage
7261,empath
7262,empath
7263,empath
7264,empath
7266,calm
7267,grumpy
7268,calm
7269,empath
7271,grumpy
7272,rage
7273,mellow
7274,rage
7275,calm
7276,empath
7277,grumpy
7278,mellow
7279,grumpy
7280,rage
7281,calm
7282,mellow
7283,empath
7285,empath
7289,mellow
7291,empath
7293,grumpy
7294,rage
7296,grumpy
7298,empath
7299,calm
7301,mellow
7303,empath
7304,grumpy
7305,rage
7307,grumpy
7308,rage
7311,calm
7312,rage
7313,empath
7314,mellow
7315,empath
7317,empath
7318,calm
7320,grumpy
7321,mellow
7323,grumpy
7327,empath
7328,mellow
7329,grumpy
7332,rage
7336,grumpy
7337,rage
7338,mellow
7340,empath
7342,grumpy
7344,empath
7345,grumpy
7346,grumpy
7347,calm
7348,calm
7349,mellow
7351,mellow
7352,rage
7353,grumpy
7354,calm
7355,grumpy
7357,mellow
7358,empath
7359,empath
7360,mellow
7361,calm
7362,mellow
7365,calm
7367,rage
7368,rage
7369,calm
7370,rage
7376,mellow
7377,calm
7378,grumpy
7379,empath
7381,grumpy
7382,rage
7383,mellow
7385,rage
7386,mellow
7388,rage
7391,empath
7393,calm
7398,mellow
7399,mellow
7400,rage
7402,mellow
7405,calm
7407,rage
7409,calm
7410,grumpy
7411,grumpy
7412,rage
7413,mellow
7415,empath
7416,calm
7422,mellow
7426,mellow
7427,mellow
7428,calm
7429,mellow
7431,grumpy
7432,calm
7433,rage
7434,grumpy
7435,calm
7436,empath
7437,rage
7438,empath
7439,rage
7441,empath
7442,mellow
7443,calm
7444,rage
7445,grumpy
7446,mellow
7448,empath
7451,empath
7452,mellow
7455,mellow
7457,grumpy
7459,grumpy
7460,calm
7462,grumpy
7464,calm
7465,empath
7469,calm
7471,empath
7472,grumpy
7473,calm
7474,rage
7475,grumpy
7476,calm
7477,calm
7479,calm
7480,mellow
7482,grumpy
7483,empath
7486,grumpy
7487,calm
7488,rage
7489,calm
7492,empath
7493,mellow
7496,grumpy
7497,mellow
7498,calm
7499,mellow
7500,empath
7501,calm
7505,mellow
7506,grumpy
7509,mellow
7510,calm
7511,calm
7512,grumpy
7513,mellow
7515,grumpy
7516,grumpy
7518,calm
7521,rage
7522,grumpy
7523,grumpy
7524,calm
7525,mellow
7526,mellow
7527,mellow
7528,calm
7530,mellow
7531,grumpy
7532,mellow
7533,mellow
7535,calm
7536,rage
7538,grumpy
7539,grumpy
7540,calm
7541,empath
7543,grumpy
7544,rage
7546,empath
7547,rage
7548,calm
7549,rage
7550,empath
7552,empath
7553,grumpy
7554,empath
7555,grumpy
7556,empath
7557,empath
7559,calm
7560,grumpy
7561,calm
7562,mellow
7564,empath
7565,mellow
7567,rage
7568,calm
7570,grumpy
7571,grumpy
7572,empath
7573,grumpy
7574,calm
7576,rage
7577,empath
7578,grumpy
7580,rage
7581,mellow
7582,mellow
7583,calm
7584,rage
7585,calm
7586,empath
7587,calm
7588,empath
7589,empath
7591,rage
7592,empath
7595,mellow
7596,rage
7598,mellow
7599,mellow
7601,mellow
7602,grumpy
7604,empath
7606,mellow
7607,empath
7608,mellow
7609,empath
7610,empath
7611,empath
7612,grumpy
7613,calm
7615,rage
7616,empath
7618,rage
7621,mellow
7623,mellow
7624,grumpy
7625,empath
7626,rage
7631,empath
7632,empath
7634,calm
7635,calm
7636,grumpy
7637,calm
7638,calm
7639,grumpy
7641,empath
7642,grumpy
7644,mellow
7645,mellow
7646,mellow
7647,calm
7648,empath
7650,calm
7654,empath
7655,empath
7656,mellow
7657,grumpy
7660,empath
7661,calm
7662,rage
7663,mellow
7664,mellow
7666,calm
7667,rage
7668,grumpy
7669,empath
7670,grumpy
7671,empath
7675,mellow
7676,grumpy
7677,empath
7678,mellow
7679,calm
7682,mellow
7684,rage
7685,grumpy
7686,rage
7689,empath
7690,rage
7691,rage
7692,calm
7693,rage
7694,grumpy
7695,grumpy
7696,empath
7697,calm
7700,calm
7701,empath
7705,empath
7706,calm
7707,mellow
7709,mellow
7710,mellow
7714,empath
7716,calm
7717,calm
7718,calm
7719,mellow
7720,rage
7723,empath
7725,rage
7726,grumpy
7727,empath
7728,calm
7729,empath
7730,calm
7731,mellow
7733,mellow
7734,empath
7735,empath
7736,calm
7738,grumpy
7739,rage
7742,grumpy
7743,mellow
7745,rage
7746,mellow
7747,grumpy
7749,grumpy
7750,empath
7751,grumpy
7752,rage
7753,grumpy
7754,calm
7759,calm
7762,calm
7763,rage
7764,rage
7765,rage
7767,empath
7768,mellow
7769,rage
7770,empath
7772,empath
7773,calm
7774,empath
7776,calm
7777,rage
7778,grumpy
7779,mellow
7780,empath
7781,rage
7782,grumpy
7783,rage
7786,grumpy
7787,mellow
7791,mellow
7792,rage
7797,grumpy
7798,rage
7800,grumpy
7802,calm
7805,mellow
7807,calm
7808,mellow
7809,grumpy
7815,rage
7816,grumpy
7818,mellow
7819,mellow
7820,rage
7821,mellow
7822,rage
7823,calm
7824,calm
7826,rage
7827,mellow
7830,grumpy
7831,grumpy
7834,rage
7835,rage
7836,empath
7837,rage
7838,calm
7839,grumpy
7840,empath
7842,grumpy
7844,mellow
7845,empath
7847,mellow
7848,calm
7850,calm
7852,calm
7854,mellow
7855,calm
7856,calm
7857,grumpy
7858,rage
7859,mellow
7861,empath
7863,mellow
7864,mellow
7865,rage
7867,calm
7869,empath
7870,empath
7872,rage
7873,mellow
7874,empath
7875,mellow
7877,mellow
7878,grumpy
7879,rage
7880,mellow
7881,grumpy
7882,mellow
7883,empath
7884,calm
7885,rage
7886,rage
7889,grumpy
7890,empath
7891,grumpy
7894,mellow
7895,mellow
7896,empath
7897,mellow
7898,rage
7899,empath
7901,calm
7902,rage
7903,calm
7905,calm
7906,grumpy
7907,grumpy
7908,calm
7909,calm
7910,calm
7912,empath
7913,grumpy
7917,empath
7918,mellow
7919,calm
7920,grumpy
7921,mellow
7923,rage
7925,grumpy
7926,mellow
7927,calm
7929,calm
7930,rage
7933,empath
7934,mellow
7935,grumpy
7937,calm
7938,empath
7939,grumpy
7940,mellow
7941,empath
7944,grumpy
7947,empath
7948,empath
7949,grumpy
7950,grumpy
7952,mellow
7954,rage
7956,mellow
7957,calm
7958,calm
7959,mellow
7962,mellow
7963,empath
7965,grumpy
7968,mellow
7970,rage
7971,grumpy
7972,rage
7973,calm
7974,empath
7975,rage
7977,empath
7978,grumpy
7979,mellow
7980,empath
7981,empath
7984,mellow
7985,rage
7990,calm
7992,rage
7994,mellow
7996,empath
7997,mellow
7998,grumpy
8003,grumpy
8005,empath
8006,mellow
8007,empath
8010,mellow
8014,rage
8016,empath
8017,mellow
8018,mellow
8019,mellow
8020,mellow
8021,grumpy
8023,grumpy
8024,mellow
8025,mellow
8026,rage
8027,calm
8028,grumpy
8029,calm
8031,mellow
8032,calm
8033,grumpy
8034,calm
8035,mellow
8036,calm
8037,mellow
8038,mellow
8039,calm
8040,rage
8041,mellow
8042,empath
8043,rage
8045,calm
8048,grumpy
8049,mellow
8051,empath
8052,empath
8054,calm
8055,rage
8057,rage
8058,calm
8059,calm
8060,grumpy
8061,calm
8062,grumpy
8064,mellow
8068,grumpy
8071,calm
8073,calm
8074,rage
8075,mellow
8076,rage
8077,mellow
8078,mellow
8079,grumpy
8080,calm
8081,rage
8082,rage
8087,grumpy
8090,calm
8092,mellow
8093,rage
8094,mellow
8095,mellow
8096,empath
8097,mellow
8098,empath
8099,rage
8105,rage
8107,rage
8109,rage
8110,empath
8111,mellow
8113,rage
8114,empath
8115,mellow
8116,mellow
8119,calm
8120,rage
8121,rage
8124,empath
8125,calm
8126,grumpy
8127,empath
8130,grumpy
8132,empath
8134,mellow
8136,mellow
8137,grumpy
8139,grumpy
8140,rage
8141,calm
8143,calm
8145,empath
8146,rage
8147,rage
8148,empath
8149,calm
8150,calm
8151,mellow
8154,calm
8155,empath
8158,grumpy
8162,mellow
8164,rage
8165,calm
8166,mellow
8168,mellow
8171,grumpy
8173,grumpy
8174,calm
8178,rage
8180,rage
8181,empath
8182,grumpy
8183,calm
8185,grumpy
8186,calm
8188,grumpy
8189,calm
8192,grumpy
8193,empath
8194,rage
8197,empath
8200,grumpy
8201,mellow
8202,grumpy
8204,empath
8206,mellow
8209,rage
8210,rage
8211,empath
8212,rage
8213,grumpy
8215,calm
8216,mellow
8217,mellow
8219,rage
8220,mellow
8222,empath
8223,grumpy
8224,rage
8225,calm
8226,empath
8228,rage
8229,calm
8232,rage
8233,grumpy
8234,empath
8236,grumpy
8238,rage
8239,calm
8240,empath
8241,calm
8242,calm
8243,mellow
8245,mellow
8246,calm
8247,rage
8248,grumpy
8249,grumpy
8252,calm
8254,calm
8255,mellow
8256,grumpy
8257,calm
8258,calm
8259,mellow
8260,calm
8261,empath
8263,grumpy
8264,rage
8265,grumpy
8267,calm
8268,grumpy
8269,grumpy
8272,rage
8274,mellow
8276,mellow
8277,grumpy
8278,rage
8280,mellow
8281,empath
8282,calm
8284,rage
8286,rage
8287,empath
8288,mellow
8294,calm
8295,calm
8296,grumpy
8297,empath
8299,mellow
8300,calm
8301,calm
8303,mellow
8304,mellow
8305,rage
8308,mellow
8312,empath
8314,empath
8316,rage
8317,rage
8318,empath
8321,calm
8322,grumpy
8324,mellow
8327,grumpy
8329,grumpy
8333,empath
8335,rage
8336,mellow
8337,grumpy
8338,empath
8339,rage
8340,grumpy
8342,calm
8343,rage
8344,empath
8345,mellow
8349,calm
8351,mellow
8353,empath
8354,rage
8355,mellow
8357,empath
8359,rage
8361,mellow
8362,rage
8363,grumpy
8365,grumpy
8368,grumpy
8369,grumpy
8370,grumpy
8371,mellow
8372,empath
8374,grumpy
8376,rage
8377,calm
8380,mellow
8381,rage
8382,empath
8383,grumpy
8384,calm
8385,mellow
8389,mellow
8392,empath
8393,grumpy
8397,rage
8399,grumpy
8400,rage
8403,rage
8404,grumpy
8405,rage
8406,mellow
8407,grumpy
8408,grumpy
8411,calm
8412,empath
8414,empath
8415,calm
8416,grumpy
8417,grumpy
8419,empath
8420,rage
8421,calm
8422,mellow
8423,mellow
8425,calm
8426,calm
8428,grumpy
8429,mellow
8430,grumpy
8431,rage
8432,mellow
8434,grumpy
8435,mellow
8436,calm
8438,empath
8440,grumpy
8441,grumpy
8442,grumpy
8443,grumpy
8444,rage
8446,grumpy
8449,empath
8450,grumpy
8452,empath
8456,grumpy
8457,empath
8460,empath
8461,rage
8465,grumpy
8466,rage
8467,mellow
8470,mellow
8471,empath
8472,mellow
8473,empath
8474,calm
8475,grumpy
8476,empath
8477,grumpy
8478,grumpy
8479,mellow
8480,mellow
8481,calm
8483,grumpy
8484,calm
8485,rage
8486,mellow
8487,mellow
8488,rage
8489,rage
8490,mellow
8491,rage
8492,empath
8493,calm
8494,grumpy
8496,rage
8497,mellow
8498,grumpy
8499,rage
8501,calm
8502,rage
8503,rage
8505,rage
8506,mellow
8508,rage
8510,grumpy
8511,rage
8512,grumpy
8513,mellow
8514,empath
8517,mellow
8518,empath
8519,grumpy
8520,calm
8522,rage
8524,grumpy
8525,mellow
8526,calm
8527,calm
8528,calm
8529,mellow
8530,grumpy
8532,rage
8533,grumpy
8534,grumpy
8536,empath
8537,empath
8538,rage
8540,calm
8541,mellow
8544,mellow
8546,mellow
8548,mellow
8549,calm
8551,grumpy
8552,grumpy
8554,rage
8555,mellow
8557,calm
8558,mellow
8561,grumpy
8562,mellow
8563,rage
8568,empath
8572,grumpy
8573,grumpy
8574,empath
8575,empath
8577,mellow
8578,mellow
8580,mellow
8582,rage
8583,calm
8585,mellow
8586,grumpy
8587,calm
8588,calm
8589,rage
8591,mellow
8592,grumpy
8593,rage
8594,grumpy
8595,mellow
8596,calm
8597,calm
8599,grumpy
8601,grumpy
8602,mellow
8603,rage
8605,mellow
8607,calm
8608,grumpy
8610,calm
8612,rage
8613,rage
8614,calm
8617,mellow
8618,grumpy
8619,rage
8621,calm
8623,rage
8624,calm
8625,rage
8627,calm
8629,grumpy
8630,calm
8632,calm
8633,rage
8636,calm
8637,calm
8640,empath
8641,grumpy
8642,empath
8646,calm
8648,grumpy
8649,rage
8651,rage
8652,mellow
8653,mellow
8655,calm
8656,calm
8658,rage
8664,rage
8665,grumpy
8666,calm
8667,mellow
8669,rage
8670,rage
8671,mellow
8672,grumpy
8674,rage
8675,grumpy
8677,grumpy
8678,rage
8679,rage
8680,mellow
8684,rage
8686,grumpy
8687,mellow
8690,grumpy
8691,empath
8695,grumpy
8697,calm
8698,mellow
8700,empath
8704,empath
8705,rage
8707,calm
8709,rage
8710,grumpy
8711,calm
8713,grumpy
8714,rage
8715,rage
8716,empath
8717,rage
8718,empath
8720,calm
8721,calm
8723,empath
8724,mellow
8725,mellow
8726,grumpy
8727,mellow
8728,mellow
8729,mellow
8731,rage
8732,mellow
8734,grumpy
8735,mellow
8736,mellow
8737,mellow
8738,calm
8740,empath
8741,rage
8743,calm
8746,grumpy
8747,grumpy
8748,grumpy
8750,calm
8751,empath
8752,calm
8753,grumpy
8754,grumpy
8755,calm
8756,mellow
8757,rage
8759,grumpy
8761,calm
8764,empath
8770,grumpy
8772,calm
8773,mellow
8774,grumpy
8775,empath
8776,mellow
8777,grumpy
8778,grumpy
8779,mellow
8780,grumpy
8781,grumpy
8782,empath
8783,mellow
8784,mellow
8785,empath
8786,rage
8787,rage
8789,calm
8791,empath
8792,empath
8793,grumpy
8794,mellow
8795,grumpy
8796,calm
8797,grumpy
8799,calm
8800,grumpy
8801,mellow
8802,calm
8803,rage
8804,empath
8805,rage
8806,mellow
8808,mellow
8810,grumpy
8811,rage
8812,empath
8814,mellow
8815,grumpy
8819,rage
8820,rage
8821,grumpy
8822,empath
8823,calm
8827,mellow
8829,mellow
8830,grumpy
8831,mellow
8832,mellow
8833,grumpy
8834,grumpy
8835,rage
8836,calm
8838,calm
8839,empath
8840,calm
8842,rage
8843,rage
8844,calm
8845,rage
8846,mellow
8847,rage
8848,mellow
8849,mellow
8852,rage
8853,grumpy
8855,mellow
8856,mellow
8858,calm
8861,mellow
8863,calm
8864,empath
8865,empath
8869,grumpy
8870,grumpy
8875,rage
8877,rage
8879,rage
8880,rage
8881,empath
8882,grumpy
8885,rage
8888,calm
8890,rage
8892,mellow
8895,rage
8896,empath
8902,rage
8903,grumpy
8904,empath
8905,mellow
8907,grumpy
8909,calm
8910,rage
8911,rage
8912,calm
8913,rage
8914,mellow
8916,mellow
8917,calm
8918,grumpy
8919,empath
8920,empath
8921,empath
8922,calm
8923,rage
8924,rage
8926,rage
8928,mellow
8929,empath
8931,empath
8932,rage
8933,empath
8935,rage
8936,grumpy
8937,calm
8938,rage
8941,empath
8942,mellow
8943,empath
8944,empath
8945,empath
8946,mellow
8947,grumpy
8949,grumpy
8950,rage
8951,calm
8952,mellow
8954,mellow
8956,grumpy
8957,empath
8959,rage
8960,grumpy
8961,grumpy
8962,grumpy
8965,empath
8969,mellow
8972,grumpy
8973,rage
8975,grumpy
8977,calm
8978,mellow
8981,calm
8982,mellow
8983,mellow
8984,mellow
8985,calm
8986,calm
8987,empath
8988,empath
8989,grumpy
8990,empath
8992,calm
8993,empath
8994,rage
8995,empath
8996,mellow
8999,empath
9000,grumpy
9002,grumpy
9003,mellow
9004,mellow
9008,grumpy
9009,grumpy
9010,mellow
9011,calm
9014,empath
9015,calm
9017,empath
9019,calm
9020,calm
9021,rage
9022,mellow
9023,mellow
9024,mellow
9025,empath
9026,rage
9027,rage
9028,calm
9029,mellow
9030,calm
9032,rage
9033,rage
9034,rage
9041,calm
9045,calm
9046,empath
9047,rage
9048,rage
9049,empath
9052,grumpy
9053,grumpy
9054,rage
9056,empath
9057,empath
9058,calm
9060,mellow
9062,empath
9063,mellow
9064,grumpy
9067,rage
9069,mellow
9070,empath
9071,rage
9073,calm
9078,mellow
9084,calm
9085,empath
9086,grumpy
9087,rage
9088,mellow
9090,calm
9092,empath
9093,mellow
9095,rage
9097,grumpy
9098,calm
9100,calm
9101,mellow
9102,grumpy
9104,empath
9105,grumpy
9106,rage
9107,mellow
9108,rage
9111,empath
9112,mellow
9113,empath
9115,rage
9116,rage
9117,rage
9118,rage
9119,rage
9120,calm
9121,rage
9123,rage
9124,rage
9126,empath
9127,empath
9128,calm
9129,grumpy
9130,empath
9131,rage
9132,empath
9134,calm
9135,mellow
9136,rage
9137,rage
9138,mellow
9139,rage
9140,rage
9141,rage
9142,grumpy
9143,calm
9144,grumpy
9147,calm
9149,rage
9152,rage
9155,calm
9156,rage
9157,rage
9158,calm
9159,empath
9160,grumpy
9161,rage
9163,mellow
9164,mellow
9165,calm
9167,mellow
9169,empath
9170,mellow
9171,calm
9172,calm
9174,rage
9175,mellow
9176,empath
9177,rage
9179,empath
9180,mellow
9181,empath
9182,grumpy
9183,rage
9184,empath
9185,rage
9186,empath
9187,empath
9188,empath
9189,empath
9191,calm
9195,grumpy
9196,grumpy
9197,calm
9200,rage
9202,mellow
9203,rage
9205,mellow
9206,empath
9207,calm
9209,mellow
9210,grumpy
9211,empath
9212,mellow
9213,empath
9214,rage
9216,grumpy
9217,mellow
9218,mellow
9219,rage
9220,calm
9222,rage
9223,grumpy
9224,grumpy
9225,grumpy
9227,calm
9229,calm
9230,grumpy
9232,grumpy
9233,grumpy
9234,grumpy
9235,mellow
9237,mellow
9240,calm
9241,calm
9242,rage
9243,empath
9246,grumpy
9249,mellow
9250,calm
9251,empath
9252,calm
9253,rage
9254,grumpy
9255,rage
9257,calm
9258,mellow
9259,rage
9261,grumpy
9262,grumpy
9264,rage
9265,empath
9266,calm
9268,empath
9269,rage
9271,empath
9272,empath
9274,grumpy
9276,empath
9278,grumpy
9279,mellow
9281,grumpy
9284,rage
9286,mellow
9287,empath
9288,calm
9289,grumpy
9291,empath
9293,rage
9294,mellow
9297,empath
9299,mellow
9300,calm
9301,calm
9302,empath
9303,mellow
9304,calm
9306,empath
9307,calm
9308,calm
9309,mellow
9313,mellow
9314,grumpy
9315,empath
9316,mellow
9317,empath
9318,empath
9319,rage
9321,grumpy
9322,grumpy
9325,rage
9327,calm
9328,mellow
9329,grumpy
9330,empath
9331,empath
9332,mellow
9334,grumpy
9335,mellow
9337,rage
9339,empath
9341,calm
9343,calm
9347,calm
9349,calm
9351,empath
9352,grumpy
9353,calm
9354,calm
9355,grumpy
9357,empath
9358,grumpy
9359,mellow
9361,empath
9362,calm
9364,empath
9366,calm
9368,mellow
9371,empath
9372,rage
9373,rage
9376,empath
9377,rage
9378,empath
9380,grumpy
9382,rage
9383,mellow
9384,rage
9385,empath
9386,rage
9387,empath
9388,grumpy
9389,empath
9390,mellow
9392,mellow
9393,empath
9394,calm
9395,empath
9398,mellow
9401,grumpy
9403,calm
9406,grumpy
9408,mellow
9409,mellow
9410,grumpy
9411,grumpy
9412,mellow
9414,rage
9415,empath
9416,calm
9417,mellow
9418,grumpy
9419,rage
9421,empath
9422,grumpy
9423,mellow
9424,empath
9426,empath
9427,calm
9428,empath
9431,calm
9433,empath
9434,rage
9435,mellow
9436,rage
9438,empath
9439,empath
9440,mellow
9442,calm
9443,rage
9444,grumpy
9445,calm
9447,calm
9450,empath
9451,mellow
9452,grumpy
9453,rage
9454,empath
9456,rage
9457,mellow
9458,calm
9459,rage
9460,grumpy
9462,calm
9463,grumpy
9464,calm
9465,rage
9466,rage
9467,empath
9470,empath
9472,empath
9475,mellow
9476,grumpy
9478,grumpy
9479,rage
9483,rage
9484,mellow
9485,calm
9486,grumpy
9487,empath
9488,mellow
9489,mellow
9490,empath
9492,grumpy
9493,calm
9494,grumpy
9495,grumpy
9496,grumpy
9497,empath
9499,empath
9501,grumpy
9503,mellow
9504,empath
9506,mellow
9507,empath
9511,mellow
9513,rage
9516,calm
9517,empath
9518,grumpy
9521,mellow
9524,empath
9525,empath
9526,calm
9528,rage
9529,grumpy
9530,calm
9531,grumpy
9534,rage
9536,mellow
9541,grumpy
9543,rage
9545,calm
9546,calm
9548,mellow
9551,mellow
9552,rage
9557,calm
9558,mellow
9559,grumpy
9560,rage
9561,mellow
9565,rage
9567,rage
9569,empath
9570,rage
9571,rage
9572,calm
9575,empath
9578,calm
9579,calm
9580,calm
9583,grumpy
9584,mellow
9585,grumpy
9586,calm
9587,empath
9588,mellow
9589,rage
9590,empath
9591,grumpy
9592,empath
9593,grumpy
9594,rage
9596,calm
9597,empath
9598,calm
9599,empath
9600,mellow
9601,grumpy
9604,rage
9605,empath
9608,grumpy
9611,rage
9612,grumpy
9613,mellow
9616,grumpy
9617,empath
9619,rage
9620,rage
9621,calm
9622,calm
9624,grumpy
9625,empath
9628,grumpy
9629,empath
9631,rage
9634,rage
9635,grumpy
9636,calm
9638,mellow
9640,mellow
9641,grumpy
9643,rage
9644,empath
9646,empath
9647,calm
9648,grumpy
9649,mellow
9650,calm
9652,mellow
9653,calm
9655,empath
9658,calm
9659,empath
9660,grumpy
9661,empath
9662,calm
9663,calm
9664,rage
9665,empath
9667,calm
9668,mellow
9669,mellow
9670,rage
9671,rage
9672,calm
9673,empath
9674,mellow
9675,grumpy
9676,mellow
9679,mellow
9680,grumpy
9681,rage
9685,calm
9686,empath
9688,grumpy
9689,empath
9690,mellow
9691,calm
9693,grumpy
9694,rage
9695,calm
9696,calm
9698,calm
9700,mellow
9701,empath
9706,rage
9707,mellow
9708,grumpy
9709,rage
9710,mellow
9711,mellow
9712,calm
9713,calm
9714,rage
9715,empath
9716,rage
9717,calm
9719,mellow
9723,mellow
9724,empath
9725,mellow
9726,empath
9727,empath
9728,calm
9729,mellow
9731,grumpy
9732,empath
9734,calm
9735,calm
9736,grumpy
9737,mellow
9738,calm
9740,empath
9741,calm
9743,mellow
9746,calm
9747,calm
9748,mellow
9751,grumpy
9752,mellow
9755,calm
9756,empath
9757,grumpy
9759,empath
9760,rage
9761,calm
9764,calm
9765,rage
9766,empath
9767,mellow
9769,empath
9771,mellow
9772,empath
9773,rage
9774,calm
9776,grumpy
9781,grumpy
9783,grumpy
9784,grumpy
9785,empath
9787,mellow
9788,empath
9790,mellow
9791,mellow
9792,rage
9793,rage
9794,grumpy
9795,mellow
9797,mellow
9798,mellow
9799,empath
9803,rage
9804,calm
9815,calm
9816,calm
9817,grumpy
9820,rage
9822,calm
9823,calm
9826,rage
9827,calm
9829,grumpy
9830,empath
9837,grumpy
9838,rage
9842,calm
9843,empath
9846,calm
9847,rage
9848,empath
9849,mellow
9851,calm
9852,mellow
9855,calm
9856,grumpy
9857,calm
9859,empath
9860,rage
9861,empath
9864,mellow
9865,rage
9866,rage
9867,mellow
9869,calm
9870,calm
9871,empath
9872,rage
9873,rage
9874,empath
9876,calm
9877,rage
9878,calm
9886,mellow
9887,mellow
9888,calm
9889,rage
9891,mellow
9892,grumpy
9898,grumpy
9899,mellow
9901,rage
9902,calm
9904,calm
9905,grumpy
9906,calm
9907,mellow
9908,mellow
9909,calm
9910,empath
9911,mellow
9913,mellow
9915,mellow
9916,grumpy
9919,empath
9921,empath
9922,grumpy
9923,grumpy
9924,empath
9928,grumpy
9929,grumpy
9930,mellow
9931,calm
9932,mellow
9933,calm
9934,mellow
9935,calm
9937,rage
9938,calm
9941,calm
9942,empath
9943,rage
9944,calm
9946,calm
9947,mellow
9950,grumpy
9951,grumpy
9954,mellow
9955,calm
9957,rage
9958,grumpy
9959,calm
9960,rage
9961,rage
9962,empath
9963,grumpy
9964,mellow
9965,mellow
9966,calm
9967,mellow
9968,mellow
9970,mellow
9972,grumpy
9973,empath
9974,rage
9975,grumpy
9977,empath
9979,grumpy
9980,mellow
9981,grumpy
9983,grumpy
9984,grumpy
9986,calm
9989,calm
9990,rage
9991,rage
9992,calm
9993,empath
9997,empath
9998,empath
9999,empath
10003,rage
10004,mellow
10006,empath
10007,grumpy
10009,grumpy
10010,calm
10012,mellow
10014,calm
10016,calm
10019,calm
10020,empath
10021,calm
10022,mellow
10023,calm
10024,grumpy
10026,calm
10028,mellow
10029,grumpy
10030,rage
10034,mellow
10035,grumpy
10036,rage
10038,empath
10041,mellow
10042,grumpy
10045,mellow
10046,grumpy
10048,mellow
10049,empath
10050,calm
10051,grumpy
10056,grumpy
10057,mellow
10059,grumpy
10060,empath
10061,grumpy
10062,calm
10065,empath
10066,calm
10068,empath
10069,mellow
10070,rage
10072,calm
10073,empath
10075,mellow
10078,rage
10080,empath
10081,calm
10082,calm
10083,mellow
10087,rage
10088,mellow
10090,empath
10091,empath
10094,rage
10095,calm
10099,calm
10100,empath
10103,empath
10105,grumpy
10107,rage
10108,calm
10109,grumpy
10110,rage
10111,calm
10113,grumpy
10116,calm
10117,rage
10118,mellow
10119,empath
10121,rage
10123,empath
10124,calm
10125,grumpy
10126,calm
10128,rage
10129,grumpy
10131,grumpy
10132,empath
10133,empath
10137,rage
10138,mellow
10139,rage
10140,empath
10142,rage
10145,empath
10147,mellow
10150,grumpy
10153,empath
10154,rage
10155,empath
10157,calm
10158,mellow
10159,calm
10160,calm
10161,empath
10162,calm
10163,rage
10165,mellow
10166,mellow
10168,rage
10172,mellow
10173,mellow
10174,grumpy
10175,grumpy
10176,grumpy
10177,empath
10178,rage
10181,rage
10182,grumpy
10183,empath
10184,mellow
10185,rage
10186,empath
10188,calm
10189,calm
10190,calm
10191,mellow
10192,calm
10193,grumpy
10195,grumpy
10196,calm
10198,calm
10199,empath
10200,empath
10201,rage
10202,empath
10203,mellow
10204,rage
10205,empath
10207,rage
10209,calm
10210,rage
10213,rage
10214,grumpy
10215,calm
10216,rage
10217,calm
10220,calm
10221,rage
10223,empath
10224,grumpy
10225,mellow
10226,calm
10227,calm
10228,empath
10229,calm
10230,grumpy
10231,grumpy
10232,mellow
10234,calm
10237,calm
10238,grumpy
10239,empath
10241,empath
10242,rage
10246,grumpy
10247,calm
10248,grumpy
10249,mellow
10250,calm
10252,mellow
10253,empath
10256,mellow
10257,calm
10258,mellow
10260,empath
10261,mellow
10262,empath
10263,rage
10264,calm
10265,rage
10266,grumpy
10268,mellow
10269,rage
10270,empath
10273,calm
10274,calm
10275,calm
10276,grumpy
10278,mellow
10281,empath
10282,grumpy
10284,mellow
10286,rage
10288,calm
10289,empath
10290,mellow
10292,empath
10293,empath
10295,mellow
10297,empath
10298,empath
10299,mellow
10301,calm
10302,rage
10304,grumpy
10306,empath
10307,rage
10308,rage
10310,rage
10312,calm
10313,rage
10314,grumpy
10316,empath
10319,empath
10320,mellow
10321,rage
10322,empath
10323,empath
10325,grumpy
10328,empath
10329,empath
10330,empath
10331,calm
10333,mellow
10334,mellow
10335,grumpy
10336,empath
10338,mellow
10339,mellow
10340,calm
10341,calm
10342,mellow
10344,empath
10345,calm
10346,calm
10348,calm
10349,mellow
10353,empath
10354,empath
10355,grumpy
10357,grumpy
10358,empath
10359,calm
10360,mellow
10361,calm
10362,grumpy
10363,grumpy
10364,calm
10366,grumpy
10367,empath
10368,empath
10369,calm
10374,calm
10376,rage
10377,empath
10378,mellow
10380,grumpy
10382,empath
10383,empath
10385,empath
10386,grumpy
10389,empath
10390,calm
10391,mellow
10392,mellow
10393,rage
10396,rage
10397,mellow
10400,rage
10402,mellow
10403,mellow
10405,calm
10406,calm
10407,mellow
10410,rage
10411,calm
10412,empath
10413,rage
10415,rage
10416,rage
10418,mellow
10423,empath
10424,empath
10425,grumpy
10427,rage
10428,grumpy
10432,empath
10433,rage
10435,calm
10436,mellow
10439,rage
10441,empath
10444,mellow
10445,empath
10446,mellow
10449,calm
10450,empath
10451,mellow
10452,empath
10453,mellow
10455,grumpy
10456,calm
10458,empath
10459,empath
10462,empath
10463,calm
10464,mellow
10465,empath
10468,grumpy
10472,calm
10473,grumpy
10474,rage
10475,calm
10476,rage
10478,empath
10479,empath
10481,calm
10482,calm
10483,mellow
10484,mellow
10487,rage
10489,mellow
10490,empath
10491,mellow
10492,grumpy
10494,mellow
10495,grumpy
10496,calm
10498,empath
10499,grumpy
10500,grumpy
10501,calm
10504,calm
10505,calm
10507,mellow
10508,calm
10511,empath
10512,empath
10515,grumpy
10517,calm
10518,mellow
10520,rage
10522,rage
10523,calm
10524,grumpy
10525,rage
10526,empath
10528,mellow
10529,calm
10530,rage
10533,grumpy
10534,mellow
10535,calm
10536,rage
10537,grumpy
10538,grumpy
10539,calm
10540,mellow
10543,mellow
10547,grumpy
10549,mellow
10551,grumpy
10554,empath
10556,empath
10557,empath
10558,calm
10559,grumpy
10560,mellow
10561,calm
10562,grumpy
10563,mellow
10564,empath
10566,calm
10567,rage
10569,mellow
10570,grumpy
10573,mellow
10574,grumpy
10575,rage
10576,calm
10577,mellow
10579,rage
10581,rage
10582,grumpy
10584,mellow
10588,calm
10592,mellow
10594,grumpy
10595,mellow
10597,empath
10602,mellow
10603,calm
10604,grumpy
10605,rage
10608,rage
10609,grumpy
10610,grumpy
10611,grumpy
10614,mellow
10617,empath
10618,rage
10621,grumpy
10622,empath
10623,empath
10625,calm
10626,mellow
10627,mellow
10628,mellow
10629,rage
10630,grumpy
10632,calm
10633,grumpy
10634,mellow
10636,mellow
10637,empath
10639,grumpy
10640,mellow
10641,grumpy
10642,rage
10643,grumpy
10644,rage
10649,mellow
10651,mellow
10652,calm
10654,grumpy
10656,grumpy
10658,mellow
10660,empath
10662,calm
10664,grumpy
10665,empath
10666,rage
10667,empath
10669,calm
10670,calm
10675,grumpy
10676,rage
10677,mellow
10678,empath
10679,grumpy
10680,mellow
10681,calm
10682,grumpy
10683,grumpy
10684,grumpy
10685,calm
10686,empath
10688,calm
10689,grumpy
10694,grumpy
10697,empath
10699,empath
10701,calm
10702,empath
10704,empath
10706,calm
10707,empath
10708,calm
10710,rage
10711,empath
10712,mellow
10713,rage
10715,rage
10718,mellow
10720,empath
10723,empath
10724,empath
10726,calm
10729,mellow
10730,calm
10731,empath
10733,grumpy
10734,grumpy
10735,grumpy
10736,calm
10740,calm
10741,mellow
10742,calm
10743,grumpy
10745,empath
10746,rage
10747,rage
10748,calm
10750,calm
10751,mellow
10752,rage
10753,calm
10755,grumpy
10756,rage
10758,empath
10763,empath
10765,empath
10767,grumpy
10768,grumpy
10769,calm
10770,rage
10773,calm
10774,mellow
10775,empath
10777,empath
10778,grumpy
10780,empath
10781,empath
10784,rage
10786,rage
10789,rage
10790,mellow
10792,grumpy
10793,empath
10794,grumpy
10795,rage
10797,empath
10798,grumpy
10799,empath
10800,grumpy
10802,grumpy
10803,calm
10805,rage
10807,mellow
10810,empath
10814,rage
10816,mellow
10818,mellow
10819,mellow
10821,mellow
10822,empath
10824,grumpy
10825,mellow
10826,calm
10828,calm
10835,empath
10839,grumpy
10841,empath
10843,empath
10845,rage
10848,calm
10849,calm
10850,grumpy
10851,mellow
10852,calm
10853,calm
10854,grumpy
10856,calm
10860,mellow
10861,rage
10865,grumpy
10866,calm
10867,calm
10868,calm
10869,mellow
10870,mellow
10871,calm
10872,mellow
10873,empath
10880,grumpy
10881,calm
10882,calm
10883,mellow
10886,empath
10889,grumpy
10891,empath
10892,mellow
10894,rage
10897,empath
10898,empath
10900,rage
10901,empath
10902,calm
10904,calm
10905,empath
10907,grumpy
10908,grumpy
10912,rage
10913,rage
10914,mellow
10915,empath
10916,calm
10918,grumpy
10919,mellow
10920,grumpy
10924,grumpy
10925,rage
10926,rage
10927,rage
10928,calm
10929,empath
10931,grumpy
10932,calm
10933,calm
10934,empath
10936,empath
10938,calm
10939,rage
10940,empath
10943,mellow
10944,rage
10945,grumpy
10946,mellow
10948,grumpy
10949,empath
10950,empath
10951,grumpy
10952,calm
10953,calm
10954,mellow
10955,grumpy
10956,calm
10957,empath
10958,mellow
10959,calm
10960,rage
10961,rage
10962,empath
10967,empath
10968,mellow
10970,rage
10971,mellow
10973,mellow
10974,grumpy
10975,rage
10976,grumpy
10978,calm
10979,rage
10980,calm
10981,calm
10984,rage
10986,calm
10987,calm
10988,empath
10992,rage
10993,rage
10996,rage
10997,rage
10999,empath
11001,mellow
11004,grumpy
11009,empath
11010,calm
11011,rage
11012,mellow
11013,mellow
11014,empath
11016,calm
11017,mellow
11019,rage
11024,grumpy
11025,mellow
11027,grumpy
11028,empath
11029,calm
11030,empath
11032,empath
11033,grumpy
11034,calm
11035,empath
11038,rage
11041,calm
11042,calm
11043,rage
11045,mellow
11046,grumpy
11047,empath
11048,empath
11052,rage
11053,mellow
11054,empath
11056,grumpy
11060,rage
11061,mellow
11062,grumpy
11063,rage
11065,rage
11066,rage
11067,grumpy
11068,mellow
11069,calm
11070,calm
11073,rage
11076,empath
11077,calm
11078,calm
11082,empath
11083,mellow
11084,mellow
11087,grumpy
11088,empath
11089,grumpy
11091,mellow
11092,rage
11094,mellow
11095,empath
11096,rage
11097,grumpy
11098,mellow
11099,rage
11104,mellow
11105,rage
11107,empath
11108,empath
11109,empath
11110,calm
11111,mellow
11113,empath
11115,calm
11117,mellow
11119,calm
11120,rage
11121,empath
11122,rage
11123,empath
11124,empath
11126,calm
11130,grumpy
11131,grumpy
11132,rage
11133,grumpy
11136,mellow
11138,mellow
11139,calm
11140,rage
11141,calm
11142,mellow
11143,grumpy
11144,calm
11145,calm
11146,mellow
11147,empath
11151,calm
11152,mellow
11153,rage
11154,calm
11156,grumpy
11158,rage
11159,empath
11160,rage
11161,empath
11163,calm
11164,empath
11165,calm
11166,mellow
11167,empath
11168,empath
11169,rage
11170,rage
11171,rage
11173,mellow
11176,rage
11177,grumpy
11179,calm
11180,empath
11184,rage
11187,calm
11193,grumpy
11194,grumpy
11195,calm
11197,calm
11203,calm
11205,grumpy
11208,mellow
11209,grumpy
11211,rage
11212,rage
11213,grumpy
11219,mellow
11220,empath
11221,calm
11222,calm
11224,mellow
11225,empath
11226,rage
11227,mellow
11229,rage
11231,grumpy
11233,mellow
11234,empath
11235,grumpy
11237,mellow
11238,rage
11239,empath
11240,grumpy
11241,rage
11243,rage
11244,calm
11245,grumpy
11246,rage
11247,calm
11248,empath
11250,empath
11251,grumpy
11252,calm
11254,calm
11259,empath
11261,calm
11263,calm
11264,grumpy
11265,grumpy
11266,rage
11268,grumpy
11269,mellow
11272,empath
11274,mellow
11275,grumpy
11276,rage
11277,empath
11283,mellow
11284,rage
11285,mellow
11287,empath
11288,calm
11289,rage
11290,empath
11291,calm
11292,calm
11294,calm
11299,empath
11301,grumpy
11303,grumpy
11304,empath
11305,grumpy
11308,mellow
11309,empath
11312,empath
11313,rage
11315,rage
11316,calm
11317,calm
11320,empath
11324,empath
11326,calm
11328,empath
11329,empath
11331,rage
11334,rage
11335,mellow
11337,rage
11338,empath
11339,grumpy
11340,calm
11341,rage
11344,grumpy
11345,grumpy
11347,grumpy
11348,empath
11349,grumpy
11350,empath
11351,calm
11352,calm
11356,grumpy
11357,grumpy
11362,empath
11367,rage
11370,calm
11372,empath
11373,mellow
11374,rage
11375,empath
11376,empath
11377,empath
11378,calm
11379,empath
11381,grumpy
11382,mellow
11384,empath
11385,calm
11386,grumpy
11388,mellow
11390,empath
11394,grumpy
11396,empath
11397,calm
11398,rage
11401,empath
11406,rage
11407,grumpy
11408,rage
11412,rage
11414,calm
11416,calm
11418,calm
11419,grumpy
11420,rage
11422,grumpy
11423,empath
11424,calm
11426,calm
11427,rage
11429,mellow
11431,mellow
11432,mellow
11433,grumpy
11437,mellow
11438,calm
11439,empath
11448,rage
11451,empath
11452,mellow
11453,mellow
11454,calm
11455,grumpy
11456,empath
11457,calm
11459,calm
11460,mellow
11462,rage
11465,rage
11466,mellow
11468,mellow
11472,calm
11473,calm
11475,mellow
11477,mellow
11481,calm
11482,grumpy
11484,grumpy
11485,empath
11489,rage
11495,grumpy
11496,grumpy
11497,calm
11498,grumpy
11499,empath
11501,rage
11503,mellow
11504,rage
11505,calm
11506,empath
11508,grumpy
11510,mellow
11516,grumpy
11517,mellow
11520,calm
11521,rage
11523,grumpy
11524,empath
11525,grumpy
11526,calm
11528,grumpy
11529,grumpy
11530,empath
11531,grumpy
11534,rage
11536,empath
11539,grumpy
11541,mellow
11542,rage
11543,rage
11546,rage
11551,empath
11555,grumpy
11560,empath
11561,grumpy
11563,calm
11565,rage
11566,calm
11572,mellow
11573,mellow
11577,empath
11578,rage
11579,calm
11580,empath
11584,empath
11585,grumpy
11586,grumpy
11587,empath
11588,rage
11591,mellow
11595,mellow
11598,grumpy
11602,rage
11603,grumpy
11604,calm
11605,mellow
11606,mellow
11607,grumpy
11608,mellow
11609,grumpy
11610,rage
11611,rage
11613,calm
11614,mellow
11615,grumpy
11616,grumpy
11618,empath
11620,mellow
11621,mellow
11623,grumpy
11626,calm
11628,empath
11629,rage
11630,grumpy
11632,grumpy
11633,calm
11634,rage
11636,rage
11637,rage
11639,grumpy
11644,empath
11645,empath
11646,mellow
11647,rage
11650,rage
11653,grumpy
11654,empath
11656,mellow
11663,mellow
11664,grumpy
11665,grumpy
11667,rage
11669,rage
11671,rage
11674,empath
11678,rage
11684,empath
11685,grumpy
11686,empath
11687,empath
11690,grumpy
11693,empath
11694,grumpy
11696,rage
11697,rage
11698,empath
11701,empath
11703,empath
11706,grumpy
11707,grumpy
11708,calm
11709,mellow
11711,mellow
11712,mellow
11715,mellow
11716,empath
11724,mellow
11729,calm
11731,grumpy
11739,rage
11741,mellow
11742,empath
11743,grumpy
11746,rage
11747,mellow
11748,mellow
11756,calm
11758,mellow
11759,rage
11762,mellow
11763,grumpy
11765,calm
11766,calm
11771,calm
11777,empath
11778,empath
11781,calm
11782,empath
11784,calm
11785,calm
11789,calm
11790,empath
11791,calm
11792,empath
11794,empath
11796,mellow
11797,calm
11798,rage
11799,empath
11800,rage
11802,grumpy
11804,grumpy
11805,mellow
11806,calm
11809,grumpy
11810,calm
11811,grumpy
11812,calm
11813,calm
11816,rage
11818,rage
11819,empath
11827,rage
11830,grumpy
11831,rage
11832,grumpy
11833,empath
11834,empath
11835,empath
11838,mellow
11839,rage
11841,calm
11843,mellow
11845,rage
11849,empath
11853,empath
11855,mellow
11857,mellow
11859,mellow
11860,rage
11862,empath
11865,grumpy
11868,rage
11878,rage
11879,mellow
11881,grumpy
11888,grumpy
11889,empath
11890,mellow
11891,grumpy
11893,calm
11894,mellow
11896,rage
11900,mellow
11901,mellow
11904,calm
11905,empath
11907,mellow
11908,calm
11909,grumpy
11910,calm
11911,empath
11914,calm
11916,grumpy
11919,grumpy
11922,calm
11923,rage
11924,grumpy
11925,rage
11927,mellow
11934,rage
11937,rage
11938,rage
11941,calm
11942,grumpy
11943,calm
11944,rage
11946,mellow
11949,grumpy
11953,mellow
11954,rage
11955,grumpy
11956,rage
11957,empath
11961,empath
11962,mellow
11963,rage
11965,empath
11966,empath
11970,rage
11972,rage
11977,grumpy
11978,empath
11980,grumpy
11981,calm
11982,mellow
11985,calm
11987,empath
11988,rage
11989,grumpy
11990,empath
11991,rage
11992,calm
11994,rage
11998,calm
12000,rage
12001,grumpy
12004,mellow
12005,mellow
12007,calm
12010,empath
12011,rage
12012,grumpy
12015,rage
12016,rage
12017,rage
12018,mellow
12019,empath
12020,rage
12025,calm
12026,grumpy
12027,rage
12029,calm
12030,calm
12033,rage
12035,empath
12036,grumpy
12037,calm
12038,mellow
12040,rage
12041,grumpy
12042,rage
12044,empath
12045,calm
12047,mellow
12048,calm
12049,calm
12050,mellow
12052,grumpy
12053,mellow
12055,empath
12056,grumpy
12057,rage
12060,rage
12061,calm
12067,rage
12069,rage
12072,mellow
12073,mellow
12074,empath
12076,rage
12077,mellow
12079,grumpy
12081,empath
12083,grumpy
12085,empath
12091,calm
12092,calm
12094,rage
12097,calm
12098,empath
12099,mellow
12100,calm
12102,rage
12103,grumpy
12104,calm
12105,rage
12106,grumpy
12107,rage
12108,grumpy
12109,mellow
12113,rage
12115,rage
12116,empath
12117,rage
12120,rage
12123,rage
12126,mellow
12127,mellow
12130,grumpy
12131,mellow
12134,empath
12137,empath
12141,grumpy
12142,empath
12145,rage
12146,grumpy
12147,rage
12148,rage
12149,calm
12150,rage
12154,empath
12155,grumpy
12156,mellow
12157,empath
12159,mellow
12160,grumpy
12162,calm
12164,mellow
12167,grumpy
12168,empath
12170,calm
12172,rage
12174,mellow
12177,mellow
12178,calm
12179,empath
12180,grumpy
12182,calm
12184,grumpy
12186,grumpy
12187,rage
12189,grumpy
12191,calm
12193,empath
12197,empath
12198,empath
12199,mellow
12200,empath
12204,mellow
12205,rage
12208,rage
12209,grumpy
12210,empath
12211,empath
12214,grumpy
12215,empath
12217,empath
12219,empath
12220,grumpy
12221,empath
12222,mellow
12226,mellow
12227,mellow
12229,calm
12230,empath
12234,rage
12236,grumpy
12238,mellow
12242,grumpy
12245,mellow
12246,empath
12247,rage
12248,mellow
12252,empath
12256,grumpy
12257,grumpy
12258,rage
12259,mellow
12260,calm
12261,empath
12263,grumpy
12268,grumpy
12272,empath
12275,calm
12277,empath
12279,grumpy
12280,rage
12281,calm
12282,empath
12283,empath
12284,mellow
12285,mellow
12287,empath
12288,empath
12290,empath
12292,mellow
12295,grumpy
12296,calm
12297,rage
12298,grumpy
12299,grumpy
12302,empath
12303,grumpy
12305,grumpy
12307,calm
12308,calm
12309,empath
12313,calm
12315,calm
12316,rage
12318,calm
12320,mellow
12322,mellow
12323,grumpy
12324,rage
12327,empath
12328,mellow
12330,empath
12332,grumpy
12333,calm
12334,grumpy
12336,mellow
12339,rage
12341,rage
12343,calm
12344,rage
12349,rage
12351,grumpy
12353,empath
12356,empath
12358,calm
12362,grumpy
12363,empath
12364,rage
12368,grumpy
12371,grumpy
12373,empath
12376,empath
12377,empath
12378,calm
12384,calm
12385,calm
12387,calm
12388,mellow
12389,rage
12390,grumpy
12391,rage
12393,rage
12398,calm
12400,rage
12403,rage
12406,mellow
12409,calm
12413,calm
12416,calm
12417,grumpy
12418,rage
12419,empath
12420,empath
12425,grumpy
12427,empath
12431,empath
12432,grumpy
12435,grumpy
12437,grumpy
12438,calm
12439,grumpy
12440,mellow
12443,calm
12444,mellow
12451,rage
12457,mellow
12458,rage
12459,empath
12460,mellow
12462,calm
12463,calm
12464,calm
12468,empath
12470,calm
12471,mellow
12475,rage
12476,empath
12477,rage
12481,grumpy
12485,mellow
12486,rage
12487,calm
12488,rage
12490,rage
12491,empath
12492,calm
12493,calm
12495,grumpy
12497,grumpy
12499,mellow
12500,calm
12501,empath
12502,calm
12504,rage
12505,mellow
12506,empath
12509,mellow
12512,grumpy
12513,grumpy
12514,grumpy
12515,calm
12516,empath
12517,grumpy
12519,mellow
12520,mellow
12523,rage
12524,mellow
12529,mellow
12531,rage
12532,grumpy
12533,calm
12534,empath
12536,mellow
12537,rage
12538,empath
12541,calm
12542,rage
12543,grumpy
12546,rage
12549,calm
12551,rage
12552,rage
12553,mellow
12556,rage
12559,empath
12562,rage
12564,grumpy
12565,calm
12566,rage
12569,rage
12570,empath
12571,empath
12575,rage
12576,empath
12577,mellow
12578,mellow
12579,grumpy
12581,grumpy
12584,empath
12585,empath
12589,grumpy
12594,calm
12595,mellow
12598,empath
12599,mellow
12601,mellow
12603,empath
12604,calm
12606,mellow
12607,empath
12610,rage
12614,mellow
12615,empath
12619,mellow
12622,rage
12623,calm
12624,calm
12629,empath
12635,empath
12637,mellow
12639,mellow
12640,calm
12641,empath
12643,rage
12645,empath
12646,rage
12648,grumpy
12649,rage
12650,calm
12654,mellow
12655,calm
12659,calm
12660,grumpy
12661,mellow
12662,calm
12666,calm
12667,mellow
12670,calm
12671,rage
12672,empath
12674,empath
12675,calm
12678,calm
12680,mellow
12681,mellow
12682,mellow
12683,grumpy
12684,empath
12687,empath
12688,calm
12690,rage
12691,empath
12693,empath
12694,grumpy
12696,mellow
12697,mellow
12698,rage
12702,mellow
12704,rage
12705,rage
12708,rage
12709,calm
12710,grumpy
12711,calm
12715,mellow
12720,mellow
12726,rage
12730,calm
12732,rage
12733,empath
12736,grumpy
12737,mellow
12740,rage
12742,grumpy
12743,rage
12745,calm
12746,mellow
12747,empath
12751,mellow
12755,calm
12756,rage
12759,calm
12761,grumpy
12762,mellow
12763,empath
12764,grumpy
12766,empath
12769,empath
12770,empath
12771,grumpy
12774,grumpy
12775,grumpy
12776,rage
12778,empath
12779,empath
12784,calm
12788,empath
12790,mellow
12792,rage
12794,calm
12800,empath
12802,empath
12804,grumpy
12805,mellow
12806,calm
12808,mellow
12810,mellow
12811,mellow
12812,rage
12820,empath
12823,mellow
12824,rage
12825,mellow
12827,grumpy
12829,empath
12830,calm
12831,mellow
12832,empath
12835,rage
12836,calm
12837,mellow
12838,rage
12840,calm
12842,empath
12843,rage
12844,calm
12847,calm
12850,mellow
12851,calm
12853,empath
12856,empath
12858,calm
12862,grumpy
12866,calm
12870,mellow
12873,grumpy
12877,empath
12878,rage
12881,rage
12882,mellow
12885,grumpy
12886,empath
12890,empath
12892,calm
12893,calm
12897,calm
12898,mellow
12899,grumpy
12903,empath
12909,rage
12910,rage
12912,grumpy
12914,mellow
12916,empath
12919,calm
12920,calm
12921,rage
12923,calm
12925,empath
12926,mellow
12928,empath
12931,calm
12937,rage
12938,calm
12939,calm
12940,mellow
12941,mellow
12942,calm
12944,mellow
12947,empath
12949,calm
12950,empath
12951,calm
12953,grumpy
12955,rage
12960,rage
12962,rage
12963,grumpy
12965,rage
12970,rage
12971,grumpy
12974,empath
12975,mellow
12979,mellow
12980,empath
12982,empath
12988,empath
12990,calm
12994,empath
12996,empath
12998,mellow
13000,mellow
13003,mellow
13008,grumpy
13011,mellow
13013,grumpy
13015,calm
13020,empath
13022,rage
13025,empath
13028,mellow
13030,empath
13031,calm
13038,calm
13039,rage
13040,rage
13043,calm
13047,rage
13053,empath
13056,rage
13066,grumpy
13069,mellow
13070,calm
13072,empath
13074,empath
13080,grumpy
13082,rage
13083,rage
13090,empath
13097,mellow
13100,mellow
13101,mellow
13104,grumpy
13111,grumpy
13113,mellow
13117,empath
13120,empath
13121,grumpy
13122,mellow
13125,empath
13128,grumpy
13131,grumpy
13136,mellow
13139,calm
13141,calm
13145,rage
13149,calm
13155,calm
13156,rage
13157,mellow
13159,empath
13160,grumpy
13161,calm
13164,rage
13166,empath
13167,rage
13168,rage
13169,empath
13173,calm
13174,grumpy
13176,calm
13177,rage
13180,empath
13183,grumpy
13186,calm
13190,calm
13192,mellow
13197,empath
13199,empath
13202,mellow
13203,calm
13206,mellow
13207,grumpy
13210,rage
13214,mellow
13216,calm
13217,calm
13219,calm
13221,mellow
13223,mellow
13225,empath
13227,mellow
13230,mellow
13231,mellow
13235,mellow
13236,calm
13237,calm
13238,empath
13242,mellow
13246,mellow
13252,empath
13257,rage
13258,rage
13259,rage
13263,rage
13266,empath
13269,empath
13273,mellow
13275,calm
13276,empath
13277,rage
13279,mellow
13280,grumpy
13281,grumpy
13282,mellow
13283,calm
13285,rage
13288,rage
13290,empath
13292,calm
13293,empath
13294,mellow
13299,rage
13300,mellow
13305,mellow
13306,rage
13309,empath
13311,calm
13314,calm
13320,rage
13322,mellow
13328,rage
13330,mellow
13333,grumpy
13334,grumpy
13336,calm
13337,empath
13344,empath
13349,empath
13352,mellow
13354,calm
13356,grumpy
13359,rage
13361,empath
13366,empath
13367,empath
13368,empath
13369,calm
13372,empath
13373,grumpy
13374,empath
13377,empath
13384,mellow
13388,calm
13391,mellow
13392,grumpy
13394,empath
13399,rage
13400,rage
13402,calm
13408,calm
13410,grumpy
13412,rage
13413,mellow
13415,calm
13418,empath
13422,grumpy
13425,mellow
13431,mellow
13432,empath
13433,grumpy
13434,grumpy
13435,calm
13441,mellow
13443,mellow
13444,calm
13445,calm
13446,mellow
13453,rage
13455,mellow
13456,empath
13457,rage
13459,rage
13461,mellow
13468,rage
13473,grumpy
13477,mellow
13478,empath
13482,mellow
13483,calm
13485,rage
13486,grumpy
13489,rage
13490,calm
13491,calm
13494,rage
13496,calm
13499,rage
13500,mellow
13501,grumpy
13503,calm
13508,rage
13509,calm
13514,grumpy
13515,grumpy
13516,rage
13517,grumpy
13519,rage
13522,empath
13527,calm
13529,empath
13533,grumpy
13535,grumpy
13545,mellow
13546,empath
13550,empath
13552,grumpy
13553,empath
13554,grumpy
13555,grumpy
13559,empath
13560,rage
13561,empath
13562,calm
13563,grumpy
13565,rage
13566,grumpy
13568,mellow
13570,empath
13571,empath
13574,rage
13575,empath
13583,grumpy
13585,empath
13591,empath
13592,grumpy
13593,mellow
13594,empath
13605,mellow
13607,calm
13609,grumpy
13620,rage
13621,empath
13624,grumpy
13625,empath
13627,rage
13632,empath
13638,calm
13642,mellow
13643,calm
13644,mellow
13645,empath
13646,mellow
13648,calm
13649,mellow
13650,calm
13651,calm
13659,calm
13660,mellow
13662,grumpy
13665,empath
13666,calm
13668,empath
13672,grumpy
13675,mellow
13677,grumpy
13680,grumpy
13681,rage
13689,mellow
13692,empath
13694,mellow
13696,mellow
13699,rage
13700,rage
13701,mellow
13702,mellow
13704,empath
13712,grumpy
13714,rage
13720,empath
13729,empath
13730,calm
13732,grumpy
13735,mellow
13736,mellow
13739,mellow
13746,grumpy
13754,mellow
13755,calm
13756,rage
13762,mellow
13764,mellow
13765,grumpy
13768,mellow
13769,empath
13770,mellow
13773,empath
13775,empath
13777,empath
13778,calm
13779,mellow
13782,empath
13785,calm
13788,rage
13789,rage
13796,mellow
13798,empath
13802,mellow
13806,calm
13808,calm
13810,calm
13811,mellow
13812,rage
13815,grumpy
13819,calm
13820,empath
13831,calm
13840,mellow
13842,rage
13843,empath
13845,empath
13846,mellow
13850,empath
13851,grumpy
13852,rage
13853,grumpy
13855,mellow
13857,grumpy
13858,grumpy
13859,calm
13860,mellow
13864,rage
13865,empath
13866,empath
13868,mellow
13872,empath
13875,calm
13876,empath
13877,calm
13882,empath
13884,empath
13888,calm
13889,calm
13892,empath
13894,calm
13895,empath
13897,grumpy
13899,calm
13903,mellow
13906,grumpy
13907,calm
13908,calm
13913,calm
13916,rage
13918,grumpy
13919,calm
13922,mellow
13923,calm
13924,grumpy
13925,calm
13926,mellow
13933,rage
13943,grumpy
13944,rage
13949,empath
13950,empath
13952,mellow
13965,mellow
13969,calm
13970,mellow
13972,mellow
13974,rage
13979,empath
13983,calm
13984,mellow
13987,empath
13991,empath
13992,rage
13994,empath
13995,empath
14000,calm
14003,empath
14005,grumpy
14007,calm
14008,empath
14019,grumpy
14021,rage
14023,calm
14031,empath
14032,mellow
14035,calm
14040,grumpy
14044,calm
14046,calm
14053,calm
14056,rage
14057,mellow
14060,calm
14062,calm
14067,calm
14070,empath
14072,grumpy
14074,empath
14091,grumpy
14094,calm
14096,calm
14097,grumpy
14100,calm
14102,calm
14104,mellow
14120,empath
14126,calm
14127,calm
14135,calm
14137,calm
14140,calm
14141,grumpy
14142,grumpy
14143,grumpy
14145,calm
14147,empath
14149,empath
14154,mellow
14161,grumpy
14167,grumpy
14174,empath
14176,calm
14184,calm
14187,empath
14194,calm
14197,grumpy
14198,calm
14203,rage
14206,mellow
14207,mellow
14208,grumpy
14209,empath
14210,mellow
14211,empath
14212,rage
14213,mellow
14214,empath
14215,grumpy
14225,calm
14226,empath
14227,mellow
14228,empath
14229,mellow
14235,calm
14239,empath
14241,rage
14244,empath
14250,rage
14253,grumpy
14260,empath
14261,mellow
14263,empath
14266,mellow
14272,rage
14276,rage
14277,rage
14280,calm
14282,rage
14287,grumpy
14294,empath
14297,empath
14299,rage
14306,empath
14310,grumpy
14311,rage
14318,calm
14326,mellow
14333,grumpy
14336,rage
14337,grumpy
14338,empath
14342,rage
14344,calm
14345,grumpy
14347,mellow
14366,calm
14371,empath
14375,empath
14378,rage
14381,mellow
14385,calm
14386,mellow
14393,grumpy
14396,grumpy
14397,empath
14400,empath
14408,grumpy
14413,rage
14422,rage
14425,calm
14430,grumpy
14433,calm
14434,rage
14440,calm
14444,rage
14450,rage
14456,mellow
14461,grumpy
14468,empath
14476,empath
14477,rage
14478,mellow
14486,empath
14495,grumpy
14515,grumpy
14524,mellow
14525,calm
14527,mellow
14529,mellow
14532,mellow
14539,calm
14543,empath
14546,mellow
14548,grumpy
14554,rage
14559,calm
14584,mellow
14586,grumpy
14604,rage
14614,empath
14618,rage
14622,grumpy
14624,grumpy
14628,empath
14636,empath
14639,calm
14644,mellow
14645,calm
14653,rage
14654,grumpy
14659,calm
14670,mellow
14676,calm
14686,calm
14689,calm
14690,mellow
14694,mellow
14712,mellow
14713,mellow
14717,grumpy
14726,grumpy
14730,grumpy
14746,calm
14753,rage
14754,rage
14756,calm
14776,calm
14783,calm
14793,mellow
14795,mellow
14796,mellow
14797,empath
14799,mellow
14810,rage
14815,grumpy
14822,mellow
14827,calm
14833,calm
14837,empath
14838,grumpy
14843,mellow
14848,empath
14856,grumpy
14859,mellow
14867,grumpy
14870,rage
14901,calm
14911,mellow
14914,rage
14918,mellow
14926,empath
14934,calm
14936,mellow
14938,mellow
14943,calm
14949,empath
14954,empath
14959,empath
14984,empath
14990,grumpy
15028,empath
15029,mellow
15033,grumpy
15036,rage
15045,empath
15047,empath
15049,rage
15059,rage
15060,grumpy
15070,rage
15071,empath
15077,calm
15086,rage
15095,empath
15104,rage
15109,rage
15114,empath
15145,empath
15153,empath
15168,mellow
15181,empath
15182,grumpy
15198,mellow
15200,rage
15224,rage
15225,calm
15237,rage
15266,mellow
15305,calm
15308,rage
15314,mellow
15325,mellow
15341,empath
15355,rage
15361,grumpy
15373,grumpy
15384,empath
15392,mellow
15393,calm
15398,rage
15421,grumpy
15422,rage
15439,empath
15447,mellow
15451,grumpy
15473,rage
15482,mellow
15509,rage
15525,empath
15561,rage
15607,rage
15611,calm
15624,rage
15633,empath
15674,empath
15700,calm
15701,calm
15717,mellow
15742,grumpy
15745,grumpy
15760,calm
15762,grumpy
15768,empath
15807,rage
15835,grumpy
15863,grumpy
15867,mellow
15924,empath
15942,calm
15943,rage
15964,empath
15974,empath
15977,grumpy
15979,mellow
16002,rage
16003,calm
16009,rage
16049,rage
16061,grumpy
16071,empath
16142,empath
16145,calm
16179,calm
16223,mellow
16282,empath
16310,rage
16330,empath
16372,rage
16393,empath
16411,rage
16425,empath
16433,grumpy
16458,empath
16509,mellow
16530,grumpy
16565,rage
16598,mellow
16694,empath
16712,calm
16839,grumpy
16849,rage
16869,empath
16885,grumpy
16887,calm
16916,rage
16993,calm
16994,empath
17023,rage
17198,grumpy
17212,calm
17307,empath
17394,empath
17426,rage
17578,rage
17706,calm
17752,calm
17845,calm
17870,mellow
17885,calm
18035,empath
18124,mellow
18238,calm
18390,calm
18640,rage
18647,mellow
18763,mellow
19093,rage
19122,empath
19454,empath
20010,grumpy
20635,calm
21308,rage
21315,rage
21553,mellow
22352,rage
23008,mellow
23031,calm
