target_user_id,label
1,rage
2,grumpy
3,grumpy
4,grumpy
5,rage
6,calm
7,rage
8,mellow
9,calm
10,mellow
11,rage
12,rage
13,grumpy
14,rage
15,rage
16,rage
17,calm
18,grumpy
19,calm
20,empath
21,rage
22,rage
23,mellow
24,grumpy
25,empath
26,mellow
27,calm
28,rage
29,calm
30,rage
31,grumpy
32,mellow
33,grumpy
34,mellow
35,empath
36,rage
37,grumpy
38,empath
39,rage
40,rage
41,calm
42,calm
43,grumpy
44,grumpy
45,mellow
46,grumpy
47,calm
48,mellow
49,grumpy
50,empath
51,grumpy
52,grumpy
53,rage
54,calm
55,calm
56,empath
57,mellow
58,rage
59,calm
60,rage
61,empath
62,calm
63,rage
64,grumpy
65,calm
66,grumpy
67,mellow
68,rage
70,rage
71,rage
72,rage
73,mellow
74,grumpy
75,rage
76,calm
77,calm
78,empath
79,calm
80,rage
81,mellow
82,calm
83,rage
84,grumpy
85,grumpy
86,rage
87,mellow
88,mellow
89,grumpy
90,rage
91,empath
92,empath
93,calm
94,rage
95,rage
96,calm
97,calm
98,rage
99,grumpy
100,grumpy
101,empath
102,empath
103,rage
104,calm
105,rage
106,calm
107,grumpy
108,empath
109,mellow
110,mellow
111,rage
112,calm
113,rage
114,calm
115,grumpy
116,empath
117,rage
118,calm
119,grumpy
120,rage
121,grumpy
122,rage
123,mellow
124,mellow
125,calm
126,mellow
127,mellow
128,calm
129,grumpy
130,mellow
131,grumpy
132,grumpy
133,calm
135,calm
136,rage
137,rage
138,calm
139,calm
140,rage
141,calm
142,grumpy
143,grumpy
144,rage
145,empath
146,empath
147,grumpy
148,rage
149,grumpy
150,rage
151,calm
152,rage
153,rage
154,empath
155,grumpy
156,mellow
157,grumpy
158,grumpy
159,grumpy
160,calm
161,grumpy
162,rage
163,rage
164,grumpy
165,empath
166,rage
167,empath
168,rage
169,grumpy
170,mellow
171,calm
172,calm
173,grumpy
174,calm
175,grumpy
176,empath
177,empath
178,empath
179,calm
180,calm
181,grumpy
182,rage
183,rage
184,grumpy
185,calm
186,grumpy
187,grumpy
188,rage
189,rage
190,grumpy
191,empath
192,empath
193,mellow
194,calm
195,empath
196,mellow
197,mellow
198,calm
199,mellow
200,rage
201,rage
202,grumpy
203,rage
204,rage
205,mellow
206,calm
207,mellow
208,mellow
209,grumpy
210,grumpy
212,calm
213,empath
214,mellow
215,calm
216,grumpy
217,empath
218,rage
219,grumpy
220,calm
221,empath
222,mellow
223,rage
224,calm
225,mellow
226,mellow
227,calm
228,calm
229,mellow
230,grumpy
231,grumpy
232,empath
233,empath
234,grumpy
235,rage
236,empath
237,calm
238,empath
239,calm
240,rage
241,rage
242,empath
243,empath
244,grumpy
245,rage
246,empath
247,mellow
248,mellow
249,grumpy
250,mellow
251,calm
252,calm
253,mellow
254,empath
255,mellow
256,mellow
257,rage
258,grumpy
259,calm
260,mellow
261,grumpy
262,empath
263,grumpy
264,grumpy
265,rage
266,rage
267,calm
268,rage
269,rage
270,rage
271,calm
272,calm
273,rage
274,mellow
275,empath
276,calm
277,calm
278,grumpy
279,calm
280,mellow
281,mellow
282,mellow
283,rage
284,mellow
285,grumpy
286,calm
287,grumpy
288,grumpy
289,grumpy
290,mellow
291,mellow
292,mellow
293,rage
294,rage
295,rage
296,mellow
297,rage
298,mellow
299,calm
300,grumpy
301,calm
302,rage
303,grumpy
304,mellow
305,mellow
306,calm
307,calm
308,empath
309,empath
310,grumpy
311,mellow
312,grumpy
313,rage
314,rage
315,empath
316,calm
317,calm
318,mellow
319,grumpy
320,mellow
321,grumpy
322,mellow
323,calm
324,grumpy
325,grumpy
326,mellow
327,empath
328,empath
329,calm
330,rage
331,calm
332,empath
333,rage
334,grumpy
335,grumpy
336,mellow
337,grumpy
338,mellow
339,mellow
340,rage
341,grumpy
342,grumpy
343,mellow
344,mellow
345,calm
346,grumpy
347,rage
348,mellow
349,calm
350,calm
351,grumpy
352,grumpy
353,calm
354,empath
355,mellow
356,calm
357,mellow
358,grumpy
359,grumpy
360,grumpy
361,mellow
362,grumpy
363,rage
364,mellow
365,mellow
366,rage
367,calm
368,rage
369,calm
370,calm
371,rage
372,calm
373,mellow
374,mellow
375,calm
376,empath
377,mellow
378,mellow
379,rage
380,empath
381,mellow
382,mellow
384,grumpy
385,rage
386,calm
387,mellow
388,grumpy
389,empath
390,calm
391,calm
392,grumpy
393,grumpy
394,calm
395,mellow
396,mellow
397,calm
398,calm
399,empath
400,rage
401,calm
402,grumpy
403,mellow
404,rage
405,rage
406,mellow
407,rage
408,grumpy
409,mellow
410,grumpy
411,rage
412,calm
413,grumpy
414,empath
415,calm
416,grumpy
417,mellow
418,grumpy
419,mellow
420,rage
421,rage
422,rage
423,mellow
424,rage
425,mellow
426,rage
427,mellow
428,grumpy
429,rage
430,grumpy
431,mellow
432,rage
433,grumpy
434,rage
435,calm
436,mellow
437,empath
438,empath
439,mellow
440,grumpy
441,calm
442,rage
443,calm
444,calm
445,rage
446,calm
447,grumpy
448,empath
449,calm
450,mellow
451,rage
452,calm
453,mellow
454,empath
455,grumpy
456,calm
457,mellow
458,grumpy
459,grumpy
460,grumpy
461,mellow
462,rage
463,mellow
464,rage
465,rage
466,calm
467,mellow
468,calm
469,rage
470,rage
471,grumpy
472,grumpy
473,rage
474,empath
475,mellow
476,mellow
477,mellow
478,grumpy
479,calm
480,mellow
481,grumpy
482,rage
483,calm
484,grumpy
485,rage
486,rage
487,calm
488,mellow
489,empath
490,rage
491,calm
492,rage
493,grumpy
494,grumpy
495,rage
496,mellow
497,calm
498,rage
499,rage
500,mellow
501,mellow
502,grumpy
503,calm
504,grumpy
505,rage
506,grumpy
507,grumpy
508,mellow
509,rage
510,grumpy
511,calm
512,calm
513,rage
514,mellow
515,grumpy
516,mellow
517,mellow
518,grumpy
519,calm
520,calm
521,rage
522,rage
523,mellow
524,grumpy
525,empath
526,calm
527,grumpy
528,calm
529,mellow
530,rage
531,calm
532,mellow
533,grumpy
534,empath
535,grumpy
536,empath
537,mellow
538,calm
539,mellow
540,rage
541,mellow
542,mellow
543,rage
544,rage
545,calm
546,calm
547,empath
548,rage
549,calm
550,grumpy
551,grumpy
552,grumpy
553,rage
554,rage
555,calm
556,calm
557,grumpy
558,grumpy
559,empath
560,rage
561,grumpy
562,grumpy
563,rage
564,rage
565,calm
566,mellow
567,calm
568,calm
569,grumpy
570,mellow
571,calm
572,calm
573,rage
574,grumpy
575,calm
576,mellow
577,calm
578,empath
579,mellow
580,mellow
581,mellow
582,mellow
583,mellow
584,rage
585,calm
586,rage
587,grumpy
588,calm
589,rage
590,grumpy
591,grumpy
592,calm
593,mellow
594,calm
595,empath
596,grumpy
597,mellow
598,mellow
599,grumpy
600,rage
601,mellow
602,empath
603,mellow
604,empath
605,mellow
606,rage
607,calm
608,mellow
609,mellow
610,calm
611,empath
612,calm
613,mellow
614,calm
615,calm
616,calm
617,mellow
618,mellow
619,grumpy
620,rage
621,mellow
622,calm
623,rage
624,rage
625,grumpy
626,grumpy
627,calm
628,calm
629,calm
630,grumpy
631,grumpy
632,grumpy
633,empath
634,empath
635,grumpy
636,mellow
637,mellow
638,rage
639,rage
640,mellow
641,rage
642,grumpy
643,rage
644,mellow
645,empath
646,mellow
647,calm
648,mellow
649,grumpy
650,rage
651,mellow
652,grumpy
653,empath
654,empath
655,mellow
656,calm
657,mellow
658,mellow
659,rage
660,empath
661,rage
662,grumpy
663,rage
664,rage
665,rage
666,grumpy
667,rage
668,mellow
669,mellow
670,mellow
671,calm
672,rage
673,rage
674,calm
675,grumpy
676,grumpy
677,mellow
678,grumpy
679,calm
680,rage
681,rage
682,empath
683,grumpy
684,grumpy
685,calm
686,grumpy
687,grumpy
688,grumpy
689,empath
690,grumpy
691,calm
692,grumpy
693,mellow
694,rage
695,grumpy
696,mellow
697,grumpy
698,mellow
699,rage
700,rage
701,empath
702,rage
703,empath
704,calm
705,empath
706,grumpy
707,mellow
708,grumpy
709,grumpy
710,rage
711,rage
712,calm
713,grumpy
714,rage
715,grumpy
716,mellow
717,empath
718,calm
719,calm
720,mellow
721,mellow
722,rage
723,mellow
724,grumpy
725,grumpy
726,grumpy
727,grumpy
728,grumpy
729,rage
730,calm
731,calm
732,mellow
733,empath
734,rage
735,mellow
736,rage
737,calm
738,rage
739,rage
740,rage
741,empath
742,empath
743,mellow
744,mellow
745,rage
746,mellow
747,calm
748,empath
749,mellow
750,grumpy
751,grumpy
752,empath
753,grumpy
754,rage
755,grumpy
756,grumpy
757,empath
758,mellow
759,rage
760,calm
761,empath
762,mellow
763,grumpy
764,calm
765,rage
766,calm
767,empath
768,empath
769,mellow
770,grumpy
771,rage
772,mellow
773,empath
774,calm
775,mellow
776,calm
777,mellow
778,calm
779,calm
780,calm
781,grumpy
782,grumpy
783,grumpy
784,mellow
785,empath
786,mellow
787,empath
788,calm
789,rage
790,empath
791,rage
792,grumpy
793,calm
794,rage
795,empath
796,rage
797,mellow
798,grumpy
799,calm
800,grumpy
801,grumpy
802,mellow
803,calm
804,grumpy
805,rage
806,mellow
807,empath
808,calm
809,calm
810,grumpy
811,empath
812,calm
813,mellow
814,mellow
815,empath
816,mellow
817,grumpy
818,calm
819,empath
820,rage
821,empath
822,mellow
823,mellow
824,mellow
825,rage
826,rage
827,grumpy
828,grumpy
829,calm
830,rage
831,calm
832,grumpy
833,mellow
834,rage
835,mellow
836,grumpy
837,mellow
838,calm
839,grumpy
840,mellow
841,mellow
842,rage
843,rage
844,rage
845,mellow
846,calm
847,grumpy
848,mellow
849,mellow
850,mellow
851,empath
852,mellow
853,empath
854,mellow
855,empath
856,grumpy
857,grumpy
858,mellow
859,calm
860,mellow
861,grumpy
862,rage
863,grumpy
864,rage
865,rage
866,empath
867,grumpy
868,calm
869,rage
870,mellow
871,empath
872,grumpy
873,mellow
874,rage
875,empath
876,mellow
877,grumpy
878,calm
879,empath
880,rage
881,rage
882,empath
883,empath
884,calm
885,calm
886,calm
887,calm
888,empath
889,rage
890,grumpy
891,rage
892,empath
893,grumpy
894,grumpy
895,rage
896,grumpy
897,grumpy
898,rage
899,rage
900,calm
901,empath
902,rage
903,grumpy
904,calm
905,rage
906,rage
907,rage
908,mellow
909,rage
910,empath
911,empath
912,grumpy
913,mellow
914,grumpy
915,mellow
916,rage
917,rage
918,mellow
919,rage
920,grumpy
921,grumpy
922,calm
923,mellow
924,calm
925,grumpy
926,rage
927,empath
928,grumpy
929,empath
930,empath
931,empath
932,grumpy
933,grumpy
934,calm
935,calm
936,calm
937,empath
938,empath
939,mellow
940,rage
941,calm
942,empath
943,mellow
944,rage
945,mellow
946,calm
947,empath
948,grumpy
949,grumpy
950,mellow
951,mellow
952,rage
953,grumpy
954,empath
955,empath
956,empath
957,mellow
958,empath
959,calm
960,empath
961,empath
962,calm
963,calm
964,empath
965,mellow
966,rage
967,empath
968,empath
969,calm
970,empath
971,rage
972,calm
973,mellow
974,mellow
975,calm
976,calm
977,empath
978,mellow
979,calm
980,grumpy
981,mellow
982,grumpy
983,calm
984,grumpy
985,rage
986,rage
987,rage
988,calm
989,calm
990,rage
991,grumpy
992,empath
993,empath
994,calm
995,rage
996,grumpy
997,rage
998,grumpy
999,calm
1001,rage
1002,grumpy
1003,calm
1004,empath
1005,empath
1006,rage
1007,rage
1008,empath
1009,grumpy
1010,calm
1011,grumpy
1012,empath
1013,mellow
1014,grumpy
1015,empath
1016,empath
1017,mellow
1018,rage
1019,calm
1020,mellow
1021,rage
1022,grumpy
1023,calm
1024,calm
1025,empath
1026,rage
1027,rage
1028,grumpy
1029,empath
1030,calm
1031,calm
1032,rage
1033,grumpy
1034,mellow
1035,rage
1036,mellow
1037,mellow
1038,rage
1039,mellow
1040,rage
1041,calm
1042,grumpy
1043,empath
1044,grumpy
1045,grumpy
1046,rage
1047,grumpy
1048,calm
1049,calm
1050,grumpy
1051,calm
1052,calm
1053,calm
1054,mellow
1055,rage
1056,empath
1057,mellow
1058,grumpy
1059,mellow
1060,rage
1061,grumpy
1062,calm
1063,rage
1064,rage
1065,calm
1066,rage
1067,grumpy
1068,mellow
1069,calm
1070,rage
1071,grumpy
1072,mellow
1073,grumpy
1074,grumpy
1075,mellow
1076,grumpy
1077,calm
1078,rage
1079,rage
1080,rage
1081,rage
1082,calm
1083,rage
1084,grumpy
1085,grumpy
1086,rage
1087,rage
1088,grumpy
1089,mellow
1090,empath
1091,calm
1092,rage
1093,mellow
1094,empath
1095,calm
1096,empath
1097,rage
1098,empath
1099,mellow
1100,empath
1101,calm
1102,empath
1103,empath
1104,mellow
1105,empath
1106,rage
1107,empath
1108,mellow
1109,calm
1110,empath
1111,calm
1112,grumpy
1113,rage
1114,rage
1115,grumpy
1116,calm
1117,mellow
1118,rage
1119,mellow
1120,empath
1121,calm
1122,calm
1123,grumpy
1124,empath
1125,mellow
1126,empath
1127,empath
1128,mellow
1129,mellow
1130,empath
1131,empath
1132,rage
1133,grumpy
1134,mellow
1135,rage
1136,grumpy
1137,grumpy
1138,rage
1139,rage
1140,empath
1141,mellow
1142,empath
1143,empath
1144,grumpy
1145,mellow
1146,mellow
1147,calm
1148,grumpy
1149,rage
1150,grumpy
1151,grumpy
1152,grumpy
1153,empath
1154,empath
1155,mellow
1156,calm
1157,calm
1158,grumpy
1159,mellow
1160,empath
1161,rage
1162,empath
1163,empath
1165,mellow
1166,rage
1167,grumpy
1168,mellow
1169,grumpy
1170,mellow
1171,grumpy
1172,rage
1173,grumpy
1174,grumpy
1175,calm
1176,mellow
1177,rage
1178,empath
1179,grumpy
1180,mellow
1181,rage
1182,empath
1183,calm
1184,empath
1185,rage
1186,grumpy
1187,grumpy
1188,rage
1189,calm
1190,empath
1191,empath
1192,grumpy
1193,grumpy
1194,empath
1195,grumpy
1196,grumpy
1197,rage
1198,mellow
1199,rage
1200,empath
1201,calm
1202,grumpy
1203,rage
1204,grumpy
1205,rage
1206,rage
1207,grumpy
1208,rage
1209,rage
1211,calm
1212,empath
1213,grumpy
1214,mellow
1215,grumpy
1216,mellow
1217,mellow
1218,rage
1219,mellow
1220,rage
1221,rage
1222,mellow
1223,grumpy
1224,mellow
1225,grumpy
1226,calm
1227,mellow
1228,rage
1229,empath
1230,mellow
1231,mellow
1232,empath
1233,calm
1234,rage
1235,rage
1236,rage
1237,empath
1238,rage
1239,rage
1240,grumpy
1241,empath
1242,mellow
1243,rage
1244,calm
1245,calm
1246,grumpy
1247,mellow
1248,calm
1249,empath
1250,calm
1251,rage
1252,empath
1253,rage
1254,empath
1255,calm
1256,empath
1257,grumpy
1258,calm
1259,grumpy
1260,grumpy
1261,empath
1262,mellow
1263,mellow
1264,calm
1265,grumpy
1266,empath
1267,mellow
1268,grumpy
1270,mellow
1271,empath
1272,empath
1273,rage
1274,rage
1275,calm
1276,calm
1277,mellow
1278,grumpy
1279,rage
1280,empath
1281,mellow
1282,grumpy
1283,rage
1284,calm
1285,mellow
1286,empath
1287,rage
1288,calm
1289,rage
1290,grumpy
1291,mellow
1292,grumpy
1293,grumpy
1294,mellow
1295,calm
1296,rage
1297,mellow
1298,grumpy
1299,rage
1300,calm
1301,empath
1302,calm
1303,calm
1304,calm
1305,empath
1306,grumpy
1307,calm
1308,rage
1309,mellow
1310,calm
1311,mellow
1312,empath
1313,mellow
1314,rage
1315,empath
1316,grumpy
1317,calm
1318,empath
1319,rage
1320,empath
1321,grumpy
1322,calm
1323,empath
1324,grumpy
1325,grumpy
1326,grumpy
1327,empath
1328,rage
1329,mellow
1330,mellow
1331,mellow
1332,rage
1334,mellow
1335,mellow
1336,calm
1337,calm
1338,mellow
1339,rage
1340,grumpy
1341,mellow
1342,grumpy
1343,grumpy
1344,grumpy
1345,empath
1346,calm
1347,rage
1348,empath
1349,mellow
1350,mellow
1351,grumpy
1352,grumpy
1353,mellow
1354,mellow
1355,mellow
1356,rage
1357,grumpy
1358,rage
1359,grumpy
1360,mellow
1361,mellow
1362,grumpy
1363,mellow
1364,mellow
1365,rage
1366,mellow
1367,grumpy
1368,mellow
1369,mellow
1370,grumpy
1371,grumpy
1372,grumpy
1373,rage
1374,rage
1375,rage
1376,grumpy
1377,empath
1378,calm
1379,rage
1380,grumpy
1381,rage
1382,grumpy
1383,empath
1384,rage
1385,grumpy
1386,empath
1387,grumpy
1388,grumpy
1389,calm
1390,empath
1391,grumpy
1392,rage
1393,rage
1394,mellow
1395,grumpy
1396,rage
1397,grumpy
1398,rage
1399,empath
1400,empath
1401,rage
1402,rage
1403,rage
1404,calm
1405,mellow
1406,empath
1407,grumpy
1408,rage
1409,empath
1410,rage
1411,grumpy
1412,grumpy
1413,calm
1414,grumpy
1415,calm
1416,mellow
1417,calm
1418,empath
1419,rage
1420,calm
1421,rage
1422,empath
1423,rage
1424,empath
1425,calm
1426,mellow
1427,grumpy
1428,mellow
1429,mellow
1430,calm
1431,grumpy
1432,empath
1433,rage
1434,grumpy
1435,empath
1436,rage
1437,calm
1438,grumpy
1439,rage
1440,empath
1441,empath
1442,grumpy
1443,rage
1444,rage
1445,rage
1446,grumpy
1447,grumpy
1448,grumpy
1449,grumpy
1450,rage
1451,empath
1452,mellow
1453,empath
1454,grumpy
1455,rage
1456,rage
1457,grumpy
1458,calm
1459,rage
1460,calm
1461,grumpy
1462,grumpy
1463,grumpy
1464,calm
1465,grumpy
1466,grumpy
1467,grumpy
1468,mellow
1469,grumpy
1470,rage
1471,empath
1472,mellow
1473,grumpy
1474,empath
1475,rage
1476,empath
1477,grumpy
1478,grumpy
1479,rage
1480,grumpy
1481,mellow
1482,mellow
1483,grumpy
1484,rage
1485,mellow
1486,grumpy
1487,grumpy
1488,grumpy
1489,empath
1490,mellow
1491,calm
1492,grumpy
1493,rage
1494,rage
1495,grumpy
1496,rage
1497,rage
1498,rage
1499,rage
1500,rage
1501,mellow
1502,grumpy
1503,rage
1504,mellow
1505,rage
1506,rage
1507,mellow
1508,empath
1509,mellow
1510,mellow
1511,rage
1512,grumpy
1513,rage
1514,empath
1515,calm
1516,rage
1517,calm
1518,grumpy
1519,mellow
1520,empath
1521,mellow
1522,mellow
1523,calm
1524,empath
1525,grumpy
1526,calm
1527,empath
1528,calm
1529,calm
1530,grumpy
1531,grumpy
1532,calm
1533,grumpy
1534,rage
1535,grumpy
1536,calm
1537,grumpy
1538,rage
1539,grumpy
1540,mellow
1541,grumpy
1542,empath
1543,grumpy
1544,grumpy
1545,calm
1546,rage
1547,rage
1548,rage
1549,mellow
1550,calm
1551,calm
1552,rage
1553,rage
1554,calm
1555,empath
1556,calm
1557,grumpy
1558,mellow
1559,mellow
1560,mellow
1561,rage
1562,grumpy
1563,mellow
1564,mellow
1565,rage
1566,rage
1567,rage
1568,empath
1569,mellow
1570,empath
1571,calm
1572,grumpy
1573,grumpy
1574,grumpy
1575,rage
1576,rage
1577,grumpy
1578,empath
1579,rage
1580,calm
1581,grumpy
1582,grumpy
1583,grumpy
1584,grumpy
1585,calm
1586,empath
1587,mellow
1588,empath
1589,empath
1590,rage
1591,calm
1592,rage
1593,calm
1594,empath
1595,mellow
1596,empath
1597,rage
1598,empath
1599,grumpy
1600,calm
1601,rage
1602,rage
1603,calm
1604,grumpy
1605,grumpy
1606,calm
1607,grumpy
1608,rage
1609,calm
1610,mellow
1611,calm
1612,calm
1613,calm
1614,empath
1615,empath
1616,calm
1617,grumpy
1618,calm
1619,mellow
1620,grumpy
1621,rage
1622,grumpy
1623,calm
1624,grumpy
1625,grumpy
1626,rage
1627,rage
1628,empath
1629,empath
1630,mellow
1631,rage
1632,calm
1633,calm
1634,rage
1635,grumpy
1636,calm
1637,mellow
1638,empath
1639,mellow
1640,empath
1641,calm
1642,empath
1643,empath
1644,rage
1645,mellow
1646,rage
1647,empath
1648,empath
1649,mellow
1650,mellow
1651,empath
1652,rage
1653,calm
1654,rage
1655,rage
1656,empath
1657,empath
1658,rage
1659,rage
1660,rage
1661,grumpy
1662,rage
1663,grumpy
1664,mellow
1665,grumpy
1666,grumpy
1667,mellow
1668,grumpy
1669,calm
1670,rage
1671,calm
1672,rage
1673,rage
1674,empath
1675,calm
1676,calm
1677,empath
1678,calm
1679,mellow
1680,calm
1681,rage
1682,rage
1683,empath
1684,mellow
1685,grumpy
1686,mellow
1687,grumpy
1688,mellow
1689,grumpy
1690,grumpy
1691,mellow
1692,empath
1693,calm
1694,empath
1695,rage
1696,grumpy
1697,calm
1698,grumpy
1699,mellow
1700,grumpy
1701,empath
1702,grumpy
1703,mellow
1704,grumpy
1705,rage
1706,rage
1707,empath
1708,rage
1709,calm
1710,mellow
1711,rage
1712,rage
1713,grumpy
1714,empath
1715,mellow
1716,mellow
1717,rage
1718,mellow
1719,empath
1720,mellow
1721,rage
1722,rage
1723,grumpy
1724,mellow
1725,rage
1726,grumpy
1727,grumpy
1728,rage
1729,calm
1730,rage
1731,empath
1732,calm
1733,calm
1734,rage
1735,rage
1736,calm
1737,empath
1738,calm
1739,rage
1740,empath
1741,grumpy
1742,rage
1743,calm
1744,rage
1745,rage
1746,rage
1747,grumpy
1748,empath
1749,rage
1750,grumpy
1751,grumpy
1752,mellow
1753,mellow
1754,rage
1755,rage
1756,mellow
1757,grumpy
1758,grumpy
1759,mellow
1760,calm
1761,mellow
1762,empath
1763,rage
1764,calm
1765,empath
1766,mellow
1767,grumpy
1768,grumpy
1769,rage
1770,empath
1771,grumpy
1772,grumpy
1773,calm
1774,calm
1775,calm
1776,calm
1777,grumpy
1778,calm
1779,rage
1780,grumpy
1781,mellow
1782,rage
1783,rage
1784,mellow
1785,calm
1786,mellow
1787,grumpy
1788,rage
1789,grumpy
1790,mellow
1791,grumpy
1792,rage
1793,grumpy
1794,calm
1795,calm
1796,grumpy
1797,mellow
1799,rage
1800,empath
1801,empath
1802,empath
1803,rage
1804,empath
1805,calm
1806,rage
1807,mellow
1808,grumpy
1809,grumpy
1810,calm
1811,empath
1812,mellow
1813,empath
1814,rage
1815,rage
1816,empath
1817,calm
1818,rage
1819,rage
1820,calm
1821,empath
1822,empath
1823,mellow
1824,empath
1825,mellow
1826,rage
1827,calm
1828,mellow
1829,mellow
1830,mellow
1831,mellow
1832,grumpy
1833,rage
1834,rage
1835,calm
1836,rage
1837,calm
1838,grumpy
1839,rage
1840,calm
1841,calm
1842,mellow
1843,rage
1844,empath
1845,calm
1846,calm
1847,calm
1848,calm
1849,rage
1850,grumpy
1851,empath
1852,mellow
1853,calm
1854,empath
1855,grumpy
1856,grumpy
1857,empath
1858,mellow
1859,empath
1860,mellow
1861,calm
1862,calm
1863,empath
1864,mellow
1865,grumpy
1866,mellow
1867,calm
1868,rage
1869,rage
1870,empath
1871,mellow
1872,mellow
1873,calm
1874,calm
1875,mellow
1876,rage
1877,empath
1878,grumpy
1879,empath
1880,calm
1881,mellow
1882,calm
1883,empath
1884,empath
1885,rage
1886,mellow
1887,grumpy
1888,grumpy
1889,mellow
1890,empath
1891,calm
1892,calm
1893,rage
1894,mellow
1895,calm
1896,empath
1897,mellow
1898,mellow
1899,rage
1900,calm
1901,empath
1902,mellow
1903,mellow
1904,empath
1905,rage
1906,rage
1907,mellow
1908,mellow
1909,grumpy
1910,empath
1911,mellow
1912,mellow
1913,rage
1914,rage
1915,rage
1916,mellow
1917,grumpy
1918,empath
1919,mellow
1920,empath
1921,rage
1922,calm
1923,mellow
1924,calm
1925,rage
1926,mellow
1927,mellow
1928,rage
1929,rage
1930,calm
1931,rage
1932,empath
1933,rage
1934,calm
1935,empath
1936,grumpy
1937,calm
1938,rage
1939,rage
1940,calm
1941,calm
1942,calm
1943,empath
1944,rage
1945,mellow
1946,grumpy
1947,rage
1948,mellow
1949,grumpy
1950,empath
1951,rage
1952,rage
1953,rage
1954,grumpy
1955,mellow
1956,grumpy
1957,grumpy
1958,empath
1959,grumpy
1960,grumpy
1961,rage
1962,rage
1963,calm
1964,empath
1965,mellow
1966,mellow
1967,grumpy
1968,mellow
1969,empath
1970,mellow
1971,empath
1972,rage
1973,calm
1974,calm
1975,calm
1976,calm
1977,calm
1978,grumpy
1979,mellow
1980,calm
1981,calm
1982,rage
1983,rage
1984,mellow
1985,grumpy
1986,rage
1987,grumpy
1988,calm
1989,rage
1990,rage
1991,mellow
1992,calm
1993,rage
1994,rage
1995,calm
1996,mellow
1997,grumpy
1998,calm
1999,calm
2000,grumpy
2001,rage
2002,mellow
2003,mellow
2004,calm
2005,empath
2006,rage
2007,rage
2008,calm
2009,grumpy
2010,mellow
2011,calm
2012,rage
2013,grumpy
2014,mellow
2015,rage
2016,empath
2017,rage
2018,calm
2019,empath
2020,grumpy
2021,grumpy
2022,mellow
2023,grumpy
2024,empath
2025,empath
2026,calm
2027,calm
2028,mellow
2029,grumpy
2030,rage
2031,rage
2032,calm
2033,calm
2034,empath
2035,grumpy
2036,calm
2037,grumpy
2038,grumpy
2039,rage
2040,mellow
2041,rage
2042,calm
2043,grumpy
2044,rage
2045,grumpy
2046,mellow
2047,mellow
2048,calm
2049,grumpy
2050,calm
2051,grumpy
2052,grumpy
2053,grumpy
2054,grumpy
2055,calm
2056,empath
2057,mellow
2058,grumpy
2059,calm
2060,rage
2061,mellow
2062,rage
2063,mellow
2064,empath
2065,grumpy
2066,calm
2067,mellow
2068,calm
2069,mellow
2070,empath
2071,rage
2072,calm
2073,rage
2074,rage
2075,grumpy
2076,grumpy
2077,rage
2078,empath
2079,mellow
2080,grumpy
2081,mellow
2082,mellow
2083,rage
2084,calm
2085,mellow
2086,rage
2087,mellow
2088,rage
2089,grumpy
2090,grumpy
2091,mellow
2092,grumpy
2093,rage
2094,calm
2095,rage
2096,empath
2097,calm
2098,rage
2099,mellow
2100,mellow
2101,rage
2102,rage
2103,calm
2104,grumpy
2105,empath
2106,rage
2107,grumpy
2108,rage
2109,grumpy
2110,calm
2111,grumpy
2112,grumpy
2113,mellow
2114,empath
2115,calm
2116,mellow
2117,calm
2118,mellow
2119,calm
2120,grumpy
2121,rage
2122,grumpy
2123,grumpy
2124,rage
2125,rage
2126,empath
2127,empath
2128,mellow
2129,rage
2130,mellow
2131,mellow
2132,empath
2133,grumpy
2134,mellow
2135,mellow
2136,mellow
2137,rage
2138,calm
2139,rage
2140,empath
2141,calm
2142,mellow
2143,grumpy
2144,empath
2145,rage
2146,calm
2147,mellow
2148,calm
2149,grumpy
2150,mellow
2151,grumpy
2152,grumpy
2153,calm
2154,grumpy
2155,rage
2156,rage
2157,grumpy
2158,mellow
2159,grumpy
2160,grumpy
2161,rage
2162,mellow
2163,rage
2164,rage
2165,mellow
2166,grumpy
2167,rage
2168,empath
2169,rage
2170,mellow
2171,calm
2172,mellow
2173,calm
2174,mellow
2175,grumpy
2176,rage
2177,empath
2178,mellow
2179,calm
2180,rage
2181,rage
2182,grumpy
2183,grumpy
2184,calm
2185,grumpy
2186,calm
2187,rage
2188,mellow
2189,rage
2190,calm
2191,rage
2192,calm
2193,grumpy
2194,grumpy
2195,mellow
2196,rage
2197,rage
2198,rage
2199,grumpy
2200,calm
2201,empath
2202,rage
2203,calm
2204,grumpy
2205,calm
2206,rage
2207,empath
2208,mellow
2209,rage
2210,grumpy
2211,rage
2212,empath
2213,grumpy
2214,rage
2215,grumpy
2216,empath
2217,mellow
2218,mellow
2219,rage
2220,calm
2221,rage
2222,mellow
2223,grumpy
2224,empath
2225,mellow
2226,mellow
2227,empath
2228,rage
2229,rage
2230,grumpy
2231,rage
2232,rage
2233,calm
2234,mellow
2235,mellow
2236,mellow
2237,rage
2238,mellow
2239,calm
2240,rage
2241,rage
2242,empath
2243,calm
2244,grumpy
2245,mellow
2246,calm
2247,empath
2248,mellow
2249,mellow
2250,rage
2251,empath
2252,grumpy
2253,grumpy
2254,empath
2255,mellow
2256,calm
2257,empath
2258,mellow
2259,empath
2260,mellow
2261,calm
2262,grumpy
2263,empath
2264,calm
2265,mellow
2266,calm
2267,empath
2268,empath
2269,empath
2270,rage
2271,calm
2272,rage
2273,grumpy
2274,empath
2275,calm
2276,rage
2277,rage
2278,empath
2279,empath
2280,rage
2281,empath
2282,calm
2283,calm
2284,mellow
2285,mellow
2286,grumpy
2287,rage
2288,calm
2289,rage
2290,rage
2291,mellow
2292,empath
2293,rage
2294,calm
2295,mellow
2296,rage
2297,mellow
2298,calm
2299,empath
2300,grumpy
2301,empath
2302,rage
2303,grumpy
2304,grumpy
2305,rage
2306,empath
2307,empath
2308,rage
2309,rage
2310,calm
2311,empath
2312,rage
2313,grumpy
2314,grumpy
2315,rage
2316,mellow
2317,rage
2318,rage
2319,calm
2320,rage
2321,mellow
2322,empath
2323,grumpy
2324,rage
2325,empath
2326,calm
2327,empath
2328,grumpy
2329,empath
2330,grumpy
2331,empath
2332,grumpy
2333,rage
2334,mellow
2335,grumpy
2336,grumpy
2337,mellow
2338,rage
2339,grumpy
2340,mellow
2341,mellow
2342,grumpy
2343,calm
2344,mellow
2345,rage
2346,rage
2347,rage
2348,mellow
2349,empath
2350,mellow
2351,grumpy
2352,grumpy
2353,rage
2354,grumpy
2355,calm
2356,rage
2357,grumpy
2358,mellow
2359,mellow
2360,rage
2361,calm
2362,rage
2363,calm
2364,grumpy
2365,grumpy
2366,mellow
2367,calm
2368,empath
2369,mellow
2370,empath
2371,rage
2372,rage
2373,empath
2374,calm
2375,calm
2376,grumpy
2377,rage
2378,mellow
2379,grumpy
2380,empath
2381,empath
2382,rage
2383,calm
2384,grumpy
2385,calm
2386,mellow
2387,calm
2388,mellow
2389,rage
2390,rage
2391,rage
2392,mellow
2393,calm
2394,rage
2395,grumpy
2396,grumpy
2397,calm
2398,empath
2399,empath
2401,grumpy
2402,empath
2403,mellow
2404,mellow
2405,rage
2406,calm
2407,empath
2408,empath
2409,calm
2410,mellow
2411,rage
2412,calm
2413,rage
2414,grumpy
2415,mellow
2416,rage
2417,grumpy
2418,grumpy
2419,rage
2420,grumpy
2421,empath
2422,rage
2423,mellow
2424,rage
2425,grumpy
2426,empath
2427,empath
2428,empath
2429,rage
2430,calm
2431,rage
2432,empath
2433,calm
2434,empath
2435,empath
2436,grumpy
2437,rage
2438,empath
2439,rage
2440,empath
2441,empath
2442,grumpy
2447,mellow
2448,rage
2449,grumpy
2450,grumpy
2451,grumpy
2452,empath
2453,calm
2455,mellow
2458,grumpy
2459,grumpy
2460,empath
2462,calm
2464,empath
2465,grumpy
2466,empath
2467,empath
2469,mellow
2470,rage
2471,empath
2472,rage
2473,empath
2474,empath
2475,calm
2478,grumpy
2479,calm
2480,mellow
2481,mellow
2482,calm
2483,mellow
2486,calm
2487,mellow
2490,rage
2491,calm
2492,rage
2493,grumpy
2494,grumpy
2495,rage
2496,rage
2498,grumpy
2499,empath
2501,calm
2502,rage
2503,calm
2504,mellow
2505,rage
2506,rage
2507,empath
2508,calm
2509,empath
2510,empath
2511,mellow
2512,calm
2514,empath
2517,grumpy
2518,calm
2519,grumpy
2520,calm
2524,empath
2525,rage
2526,empath
2527,grumpy
2529,rage
2530,empath
2531,empath
2533,rage
2534,calm
2537,calm
2538,grumpy
2539,empath
2540,grumpy
2541,rage
2542,rage
2543,calm
2544,calm
2545,rage
2546,calm
2547,empath
2548,calm
2550,grumpy
2552,rage
2553,calm
2554,empath
2555,empath
2556,grumpy
2557,calm
2558,grumpy
2559,rage
2561,grumpy
2562,mellow
2566,grumpy
2567,calm
2568,grumpy
2569,mellow
2574,mellow
2575,calm
2576,mellow
2577,calm
2578,mellow
2579,grumpy
2580,grumpy
2581,grumpy
2582,empath
2583,rage
2584,mellow
2585,calm
2586,grumpy
2587,mellow
2589,empath
2590,calm
2591,grumpy
2592,rage
2593,rage
2595,rage
2596,rage
2597,mellow
2601,calm
2602,grumpy
2604,calm
2605,calm
2606,mellow
2607,rage
2608,calm
2611,empath
2612,calm
2613,grumpy
2615,empath
2616,rage
2617,empath
2618,mellow
2619,empath
2620,grumpy
2621,calm
2623,mellow
2624,empath
2625,empath
2626,grumpy
2630,mellow
2631,empath
2634,mellow
2635,rage
2636,rage
2637,calm
2638,calm
2640,empath
2642,empath
2643,empath
2644,mellow
2645,grumpy
2646,grumpy
2648,mellow
2650,calm
2651,rage
2652,rage
2653,calm
2654,calm
2655,rage
2656,grumpy
2657,mellow
2658,rage
2659,empath
2660,empath
2663,mellow
2664,grumpy
2666,mellow
2667,rage
2668,grumpy
2669,mellow
2670,calm
2671,calm
2672,rage
2674,grumpy
2675,calm
2676,empath
2677,calm
2678,grumpy
2679,rage
2680,grumpy
2682,rage
2683,mellow
2684,mellow
2685,mellow
2686,grumpy
2687,rage
2688,grumpy
2690,grumpy
2691,calm
2692,empath
2693,empath
2694,calm
2696,rage
2698,grumpy
2699,rage
2700,calm
2701,rage
2702,calm
2703,calm
2705,rage
2706,mellow
2707,empath
2709,calm
2710,calm
2712,calm
2713,rage
2714,rage
2715,empath
2716,calm
2717,rage
2718,rage
2719,rage
2720,empath
2722,rage
2723,calm
2724,empath
2727,empath
2728,empath
2729,mellow
2730,calm
2731,calm
2732,rage
2733,grumpy
2734,grumpy
2735,mellow
2736,calm
2737,empath
2738,calm
2739,calm
2740,calm
2741,empath
2742,mellow
2743,empath
2744,calm
2745,calm
2746,rage
2747,grumpy
2748,mellow
2750,rage
2751,rage
2752,rage
2753,mellow
2755,empath
2756,mellow
2757,empath
2759,rage
2760,grumpy
2761,rage
2763,mellow
2766,mellow
2769,grumpy
2770,grumpy
2772,rage
2773,grumpy
2774,empath
2776,mellow
2777,mellow
2778,calm
2780,mellow
2781,rage
2782,empath
2783,calm
2784,grumpy
2785,calm
2786,mellow
2789,empath
2790,rage
2791,mellow
2792,rage
2793,rage
2796,grumpy
2797,calm
2798,grumpy
2800,mellow
2802,calm
2804,grumpy
2805,mellow
2806,rage
2808,grumpy
2810,mellow
2811,grumpy
2812,calm
2813,rage
2814,rage
2815,grumpy
2818,calm
2819,empath
2820,grumpy
2822,rage
2823,grumpy
2824,empath
2826,grumpy
2827,mellow
2828,grumpy
2829,mellow
2830,mellow
2831,mellow
2832,grumpy
2833,mellow
2835,empath
2836,rage
2837,empath
2838,calm
2840,empath
2841,grumpy
2842,rage
2843,mellow
2845,calm
2846,empath
2847,mellow
2848,empath
2849,mellow
2850,grumpy
2851,mellow
2852,rage
2855,grumpy
2856,grumpy
2857,rage
2858,calm
2859,mellow
2863,rage
2864,empath
2865,mellow
2866,empath
2867,grumpy
2868,mellow
2872,mellow
2873,calm
2874,calm
2875,mellow
2879,calm
2880,rage
2881,grumpy
2882,empath
2883,rage
2884,grumpy
2885,calm
2886,rage
2887,rage
2889,rage
2890,mellow
2891,rage
2892,calm
2894,rage
2895,mellow
2896,mellow
2897,rage
2899,mellow
2902,calm
2903,calm
2904,mellow
2905,rage
2906,grumpy
2907,calm
2908,mellow
2909,calm
2911,grumpy
2912,mellow
2913,calm
2914,mellow
2915,rage
2917,calm
2918,calm
2919,calm
2920,mellow
2921,calm
2922,calm
2923,empath
2924,empath
2925,empath
2926,grumpy
2927,calm
2928,grumpy
2931,grumpy
2932,grumpy
2933,grumpy
2934,calm
2935,grumpy
2936,calm
2937,empath
2938,rage
2939,mellow
2942,calm
2943,rage
2944,calm
2945,calm
2947,calm
2948,mellow
2949,calm
2950,rage
2951,empath
2953,empath
2954,rage
2957,mellow
2958,grumpy
2959,calm
2960,rage
2961,calm
2963,mellow
2964,grumpy
2965,rage
2967,empath
2971,empath
2973,empath
2974,mellow
2975,mellow
2976,rage
2977,grumpy
2979,calm
2980,rage
2981,mellow
2982,grumpy
2983,mellow
2984,rage
2985,calm
2986,calm
2987,rage
2988,grumpy
2989,calm
2991,grumpy
2993,grumpy
2994,empath
2995,mellow
2996,empath
2998,empath
2999,empath
3000,mellow
3002,empath
3003,calm
3005,empath
3007,empath
3008,rage
3010,calm
3011,grumpy
3012,empath
3013,rage
3014,calm
3017,empath
3018,grumpy
3019,calm
3020,empath
3021,empath
3022,empath
3025,calm
3027,empath
3028,grumpy
3030,mellow
3031,empath
3032,grumpy
3033,calm
3034,mellow
3035,empath
3036,rage
3037,calm
3038,mellow
3040,calm
3041,grumpy
3044,mellow
3045,empath
3046,empath
3048,empath
3049,empath
3050,mellow
3051,calm
3052,mellow
3053,grumpy
3054,calm
3056,rage
3057,mellow
3058,grumpy
3059,empath
3060,calm
3061,rage
3063,calm
3064,grumpy
3065,calm
3066,rage
3067,empath
3068,empath
3069,calm
3070,empath
3072,rage
3073,rage
3074,mellow
3075,calm
3076,grumpy
3077,empath
3080,grumpy
3081,calm
3083,grumpy
3084,grumpy
3085,calm
3086,rage
3087,calm
3088,mellow
3089,grumpy
3090,mellow
3091,calm
3092,calm
3093,calm
3097,rage
3100,empath
3104,rage
3106,empath
3107,mellow
3108,grumpy
3109,grumpy
3110,mellow
3113,calm
3116,mellow
3117,mellow
3118,empath
3120,calm
3121,rage
3122,empath
3124,calm
3125,calm
3126,empath
3127,empath
3128,calm
3129,grumpy
3131,empath
3132,grumpy
3133,grumpy
3135,empath
3136,calm
3137,calm
3138,empath
3139,rage
3140,mellow
3141,empath
3143,empath
3145,rage
3147,grumpy
3148,calm
3149,rage
3150,grumpy
3153,empath
3154,rage
3155,rage
3157,rage
3158,calm
3160,grumpy
3161,grumpy
3163,empath
3165,rage
3166,grumpy
3167,mellow
3168,grumpy
3171,empath
3172,calm
3173,empath
3174,rage
3175,calm
3178,mellow
3179,mellow
3180,rage
3181,mellow
3183,rage
3187,rage
3188,mellow
3189,empath
3190,calm
3191,grumpy
3192,mellow
3193,grumpy
3194,calm
3195,grumpy
3196,calm
3197,empath
3198,calm
3201,empath
3202,grumpy
3203,mellow
3204,rage
3205,rage
3206,mellow
3208,grumpy
3209,rage
3210,grumpy
3211,empath
3212,rage
3214,rage
3215,mellow
3216,calm
3217,grumpy
3218,empath
3219,calm
3220,rage
3221,rage
3222,grumpy
3223,mellow
3224,calm
3225,empath
3226,empath
3227,grumpy
3228,calm
3229,mellow
3230,grumpy
3231,grumpy
3232,empath
3233,calm
3237,rage
3238,mellow
3239,rage
3240,grumpy
3242,calm
3243,calm
3244,calm
3245,calm
3246,calm
3247,rage
3248,rage
3249,rage
3250,rage
3253,calm
3254,calm
3255,calm
3258,mellow
3259,calm
3260,calm
3261,rage
3262,calm
3263,empath
3265,calm
3267,calm
3269,mellow
3270,mellow
3271,grumpy
3273,mellow
3275,calm
3277,rage
3278,calm
3279,grumpy
3280,empath
3281,rage
3283,grumpy
3284,rage
3287,empath
3288,grumpy
3289,rage
3291,rage
3292,calm
3297,empath
3298,calm
3299,grumpy
3300,calm
3302,mellow
3303,calm
3304,mellow
3307,empath
3308,mellow
3309,calm
3310,empath
3311,mellow
3312,rage
3313,rage
3316,calm
3317,grumpy
3320,grumpy
3321,calm
3322,empath
3325,rage
3326,rage
3327,mellow
3328,grumpy
3330,rage
3332,calm
3333,empath
3334,empath
3335,grumpy
3336,mellow
3337,empath
3339,grumpy
3340,calm
3341,mellow
3342,calm
3345,calm
3347,empath
3348,mellow
3351,grumpy
3353,mellow
3354,grumpy
3356,rage
3358,empath
3359,mellow
3360,mellow
3361,rage
3363,mellow
3364,mellow
3365,calm
3366,grumpy
3367,calm
3369,calm
3370,mellow
3372,rage
3373,rage
3374,calm
3375,mellow
3376,calm
3378,mellow
3379,calm
3380,mellow
3381,grumpy
3382,mellow
3383,mellow
3384,rage
3386,calm
3387,mellow
3388,rage
3389,empath
3390,mellow
3392,rage
3393,calm
3394,rage
3395,calm
3396,empath
3397,mellow
3398,mellow
3399,empath
3400,rage
3401,rage
3402,rage
3403,empath
3405,grumpy
3406,empath
3407,mellow
3409,calm
3414,empath
3416,rage
3417,calm
3418,mellow
3420,empath
3421,mellow
3422,rage
3423,calm
3425,grumpy
3429,rage
3430,grumpy
3431,empath
3432,rage
3433,empath
3434,calm
3437,mellow
3439,mellow
3440,empath
3443,grumpy
3444,calm
3445,empath
3447,empath
3448,empath
3451,calm
3452,calm
3453,mellow
3454,calm
3456,grumpy
3459,empath
3460,grumpy
3461,empath
3464,empath
3466,calm
3467,grumpy
3468,calm
3469,mellow
3470,calm
3471,calm
3473,mellow
3474,grumpy
3475,grumpy
3477,grumpy
3478,mellow
3479,grumpy
3481,mellow
3482,mellow
3483,rage
3484,calm
3485,grumpy
3486,mellow
3487,calm
3489,empath
3490,rage
3491,mellow
3492,calm
3493,mellow
3495,mellow
3496,mellow
3497,empath
3498,calm
3500,calm
3502,empath
3503,mellow
3504,empath
3505,grumpy
3506,rage
3508,rage
3509,calm
3510,calm
3511,calm
3513,rage
3514,calm
3515,calm
3516,calm
3517,empath
3518,rage
3519,mellow
3520,rage
3521,rage
3523,calm
3524,empath
3525,calm
3526,calm
3527,empath
3528,calm
3529,empath
3530,calm
3531,grumpy
3532,rage
3533,grumpy
3535,empath
3536,rage
3537,mellow
3538,rage
3541,grumpy
3543,grumpy
3544,mellow
3547,calm
3548,mellow
3552,empath
3554,grumpy
3555,mellow
3556,mellow
3557,grumpy
3563,empath
3564,empath
3566,calm
3568,empath
3569,rage
3571,grumpy
3572,rage
3574,empath
3575,grumpy
3576,grumpy
3578,grumpy
3579,mellow
3580,calm
3581,empath
3582,empath
3583,mellow
3585,mellow
3589,mellow
3590,rage
3591,grumpy
3592,calm
3594,empath
3595,empath
3596,empath
3597,empath
3598,calm
3599,mellow
3600,rage
3601,calm
3603,mellow
3604,calm
3606,rage
3608,rage
3609,mellow
3611,mellow
3612,empath
3613,mellow
3614,grumpy
3616,calm
3617,rage
3618,rage
3619,mellow
3621,grumpy
3623,grumpy
3624,empath
3626,grumpy
3628,grumpy
3630,calm
3631,calm
3633,grumpy
3634,calm
3636,calm
3637,mellow
3638,calm
3639,grumpy
3641,rage
3642,mellow
3643,empath
3644,empath
3647,empath
3649,grumpy
3650,mellow
3651,empath
3653,mellow
3654,grumpy
3657,grumpy
3658,mellow
3659,calm
3660,calm
3661,empath
3662,calm
3663,empath
3665,empath
3666,grumpy
3667,grumpy
3668,rage
3670,empath
3672,grumpy
3673,mellow
3674,mellow
3675,calm
3676,grumpy
3677,empath
3679,grumpy
3681,rage
3683,rage
3684,empath
3685,calm
3686,grumpy
3687,mellow
3688,rage
3689,grumpy
3690,empath
3691,empath
3692,mellow
3694,empath
3695,grumpy
3696,mellow
3697,grumpy
3698,rage
3699,empath
3700,empath
3702,grumpy
3703,empath
3704,empath
3705,mellow
3706,empath
3708,rage
3709,rage
3710,grumpy
3714,mellow
3715,mellow
3719,mellow
3720,calm
3722,grumpy
3723,rage
3724,rage
3726,mellow
3728,mellow
3729,mellow
3730,grumpy
3731,calm
3733,empath
3734,grumpy
3735,grumpy
3736,grumpy
3737,calm
3738,calm
3740,grumpy
3741,mellow
3744,empath
3745,grumpy
3746,grumpy
3747,empath
3751,empath
3752,grumpy
3753,empath
3754,rage
3755,empath
3756,empath
3758,calm
3759,grumpy
3760,grumpy
3761,rage
3763,grumpy
3764,mellow
3765,calm
3767,mellow
3770,grumpy
3771,empath
3772,mellow
3773,calm
3774,mellow
3776,calm
3777,rage
3778,empath
3779,empath
3780,rage
3784,empath
3785,mellow
3786,grumpy
3788,rage
3790,rage
3791,rage
3792,grumpy
3793,empath
3794,mellow
3795,calm
3796,mellow
3798,empath
3799,mellow
3800,mellow
3801,grumpy
3802,rage
3803,mellow
3805,rage
3806,rage
3808,grumpy
3809,mellow
3810,calm
3811,empath
3813,mellow
3814,calm
3815,empath
3817,mellow
3818,mellow
3820,calm
3821,rage
3822,grumpy
3824,mellow
3828,empath
3829,grumpy
3830,empath
3831,calm
3832,mellow
3833,grumpy
3835,calm
3837,grumpy
3838,calm
3839,mellow
3840,calm
3841,grumpy
3843,grumpy
3844,mellow
3845,grumpy
3846,grumpy
3848,empath
3849,rage
3850,mellow
3851,mellow
3853,mellow
3855,rage
3856,calm
3857,empath
3858,grumpy
3859,rage
3861,grumpy
3864,calm
3866,rage
3867,calm
3868,mellow
3869,mellow
3871,calm
3872,mellow
3873,grumpy
3874,empath
3875,mellow
3876,empath
3877,calm
3878,grumpy
3880,rage
3881,mellow
3884,rage
3886,rage
3887,calm
3889,calm
3890,calm
3891,mellow
3892,calm
3893,calm
3895,empath
3897,mellow
3899,grumpy
3900,empath
3901,mellow
3902,empath
3903,empath
3904,calm
3905,empath
3906,grumpy
3909,calm
3912,rage
3913,grumpy
3914,rage
3916,empath
3917,mellow
3918,grumpy
3919,rage
3920,calm
3924,grumpy
3925,mellow
3926,empath
3927,rage
3928,mellow
3930,rage
3931,grumpy
3932,rage
3934,mellow
3935,mellow
3937,mellow
3938,rage
3939,mellow
3940,grumpy
3942,rage
3944,grumpy
3946,calm
3947,rage
3948,empath
3949,grumpy
3950,grumpy
3951,calm
3953,empath
3956,empath
3957,grumpy
3958,rage
3959,empath
3960,mellow
3962,calm
3964,grumpy
3965,calm
3966,empath
3969,calm
3971,rage
3972,mellow
3974,grumpy
3975,calm
3976,empath
3978,rage
3979,calm
3980,rage
3981,calm
3982,mellow
3984,empath
3985,calm
3986,calm
3987,mellow
3988,grumpy
3989,grumpy
3990,empath
3991,calm
3993,mellow
3994,mellow
3995,empath
3996,rage
3997,calm
3998,empath
3999,mellow
4001,mellow
4002,grumpy
4003,grumpy
4005,rage
4007,empath
4008,grumpy
4009,grumpy
4010,mellow
4011,empath
4012,calm
4013,grumpy
4014,empath
4015,mellow
4018,mellow
4021,calm
4023,rage
4024,grumpy
4025,grumpy
4026,calm
4027,grumpy
4029,grumpy
4030,rage
4031,mellow
4034,empath
4035,calm
4036,empath
4037,rage
4038,grumpy
4039,mellow
4040,grumpy
4041,calm
4042,empath
4045,calm
4046,calm
4048,mellow
4049,mellow
4050,calm
4052,rage
4054,empath
4055,mellow
4056,grumpy
4057,rage
4058,mellow
4059,rage
4060,mellow
4061,grumpy
4063,grumpy
4064,empath
4066,empath
4067,empath
4068,empath
4069,rage
4070,rage
4071,grumpy
4073,empath
4078,calm
4080,rage
4082,grumpy
4083,grumpy
4085,rage
4086,empath
4088,empath
4089,grumpy
4090,calm
4093,mellow
4094,empath
4095,grumpy
4096,mellow
4097,grumpy
4101,rage
4102,grumpy
4104,mellow
4107,grumpy
4108,empath
4109,mellow
4111,calm
4114,calm
4116,empath
4117,mellow
4120,grumpy
4122,empath
4123,grumpy
4124,empath
4125,mellow
4126,calm
4127,rage
4128,mellow
4129,mellow
4130,empath
4131,rage
4132,calm
4134,calm
4136,grumpy
4138,grumpy
4139,mellow
4142,empath
4143,rage
4144,calm
4145,grumpy
4147,mellow
4148,rage
4150,mellow
4151,rage
4152,rage
4153,grumpy
4155,calm
4158,calm
4159,grumpy
4160,calm
4162,calm
4163,rage
4166,empath
4167,calm
4168,mellow
4170,rage
4171,calm
4172,calm
4174,mellow
4175,empath
4176,grumpy
4177,calm
4178,mellow
4179,empath
4181,calm
4182,mellow
4183,grumpy
4184,rage
4185,grumpy
4187,empath
4189,grumpy
4190,rage
4192,calm
4193,rage
4195,grumpy
4196,calm
4197,calm
4200,calm
4201,mellow
4202,grumpy
4203,calm
4204,calm
4206,calm
4207,empath
4209,calm
4210,grumpy
4211,rage
4213,grumpy
4214,grumpy
4215,calm
4216,mellow
4217,rage
4218,calm
4219,calm
4220,mellow
4221,rage
4222,rage
4225,grumpy
4226,empath
4228,grumpy
4230,grumpy
4231,mellow
4232,rage
4234,empath
4235,mellow
4236,mellow
4237,empath
4238,calm
4239,empath
4240,grumpy
4241,empath
4242,grumpy
4243,mellow
4244,grumpy
4245,rage
4248,empath
4249,calm
4250,empath
4252,grumpy
4253,empath
4254,empath
4255,empath
4256,grumpy
4257,empath
4258,grumpy
4259,mellow
4260,grumpy
4261,rage
4265,empath
4266,mellow
4267,calm
4268,calm
4270,calm
4271,calm
4272,empath
4273,rage
4274,empath
4277,calm
4278,grumpy
4280,rage
4281,calm
4285,grumpy
4286,calm
4287,empath
4290,mellow
4291,calm
4293,calm
4294,grumpy
4295,grumpy
4297,empath
4298,rage
4299,grumpy
4300,rage
4301,grumpy
4302,calm
4304,calm
4305,mellow
4307,mellow
4310,calm
4312,mellow
4313,grumpy
4314,empath
4315,mellow
4317,rage
4318,grumpy
4319,rage
4322,empath
4323,grumpy
4325,empath
4326,grumpy
4327,mellow
4331,rage
4332,empath
4333,rage
4335,rage
4336,grumpy
4337,grumpy
4338,rage
4339,mellow
4340,mellow
4341,grumpy
4345,mellow
4348,mellow
4349,mellow
4350,calm
4352,mellow
4353,mellow
4355,grumpy
4356,calm
4357,grumpy
4359,calm
4360,rage
4361,rage
4364,grumpy
4365,mellow
4366,grumpy
4367,empath
4368,grumpy
4369,mellow
4370,grumpy
4372,mellow
4373,calm
4374,calm
4375,calm
4378,mellow
4379,rage
4380,grumpy
4381,calm
4382,empath
4383,rage
4384,empath
4385,rage
4386,empath
4388,rage
4389,empath
4390,mellow
4391,empath
4392,rage
4393,mellow
4394,empath
4395,calm
4397,grumpy
4398,empath
4399,mellow
4401,grumpy
4402,calm
4403,calm
4404,mellow
4405,grumpy
4406,grumpy
4407,calm
4408,mellow
4411,empath
4412,calm
4413,mellow
4414,mellow
4415,calm
4416,mellow
4417,grumpy
4418,empath
4419,grumpy
4421,rage
4422,mellow
4424,empath
4425,grumpy
4427,grumpy
4429,grumpy
4431,rage
4432,rage
4433,empath
4434,empath
4436,grumpy
4437,rage
4439,empath
4440,rage
4442,grumpy
4443,mellow
4446,grumpy
4448,rage
4451,calm
4453,grumpy
4456,empath
4459,calm
4460,grumpy
4464,rage
4465,grumpy
4466,rage
4467,rage
4468,calm
4469,grumpy
4471,calm
4472,empath
4473,empath
4474,grumpy
4475,grumpy
4476,empath
4477,empath
4478,rage
4479,calm
4480,grumpy
4481,mellow
4482,mellow
4484,empath
4486,empath
4487,grumpy
4488,empath
4489,mellow
4490,empath
4492,mellow
4494,mellow
4495,rage
4499,rage
4501,empath
4502,rage
4503,rage
4504,rage
4506,mellow
4509,empath
4511,empath
4512,calm
4514,empath
4515,grumpy
4516,mellow
4517,grumpy
4518,rage
4519,grumpy
4520,empath
4523,empath
4525,empath
4526,mellow
4527,rage
4528,empath
4529,calm
4532,empath
4535,rage
4536,grumpy
4537,empath
4538,grumpy
4539,grumpy
4540,empath
4542,grumpy
4543,grumpy
4544,calm
4545,mellow
4546,empath
4547,mellow
4548,mellow
4549,empath
4552,empath
4554,rage
4555,mellow
4556,mellow
4557,calm
4560,calm
4561,mellow
4563,rage
4564,grumpy
4565,calm
4566,rage
4568,empath
4569,grumpy
4570,calm
4571,grumpy
4572,grumpy
4573,grumpy
4575,mellow
4578,rage
4579,calm
4580,calm
4582,calm
4587,mellow
4588,rage
4589,empath
4590,calm
4591,mellow
4594,empath
4595,mellow
4596,calm
4597,calm
4598,empath
4600,calm
4601,rage
4604,mellow
4605,grumpy
4607,grumpy
4608,mellow
4610,rage
4611,rage
4612,grumpy
4613,empath
4614,grumpy
4616,empath
4617,empath
4619,rage
4620,grumpy
4622,empath
4623,empath
4624,empath
4625,rage
4626,mellow
4627,mellow
4628,rage
4632,grumpy
4633,rage
4634,mellow
4635,calm
4638,mellow
4639,mellow
4640,rage
4641,mellow
4642,empath
4643,grumpy
4644,grumpy
4645,grumpy
4646,empath
4647,mellow
4648,grumpy
4651,rage
4652,calm
4653,rage
4655,calm
4656,calm
4657,grumpy
4658,mellow
4659,grumpy
4662,grumpy
4663,mellow
4664,mellow
4666,calm
4667,rage
4668,empath
4669,rage
4672,rage
4673,calm
4674,calm
4675,calm
4677,rage
4678,grumpy
4679,empath
4681,empath
4683,mellow
4684,grumpy
4685,grumpy
4686,rage
4687,calm
4688,grumpy
4689,empath
4690,calm
4691,empath
4692,grumpy
4694,mellow
4695,calm
4696,empath
4698,mellow
4699,grumpy
4700,rage
4702,rage
4703,empath
4704,mellow
4705,empath
4708,grumpy
4711,mellow
4712,grumpy
4713,mellow
4714,calm
4715,rage
4716,mellow
4717,rage
4718,grumpy
4720,empath
4721,empath
4723,grumpy
4724,calm
4725,calm
4726,grumpy
4727,mellow
4729,mellow
4730,mellow
4731,calm
4732,empath
4734,empath
4735,mellow
4736,calm
4739,mellow
4740,empath
4741,mellow
4743,rage
4744,mellow
4747,grumpy
4748,grumpy
4749,rage
4751,grumpy
4753,grumpy
4755,mellow
4757,grumpy
4759,mellow
4760,rage
4761,mellow
4763,calm
4766,rage
4767,empath
4768,rage
4769,empath
4770,mellow
4771,empath
4772,grumpy
4775,mellow
4776,mellow
4777,calm
4778,rage
4779,calm
4780,mellow
4781,empath
4782,empath
4783,mellow
4784,grumpy
4785,empath
4786,calm
4787,grumpy
4789,grumpy
4790,grumpy
4795,calm
4796,empath
4797,grumpy
4799,mellow
4800,calm
4802,empath
4805,grumpy
4806,grumpy
4807,calm
4808,empath
4810,rage
4811,empath
4813,calm
4814,grumpy
4815,rage
4816,grumpy
4817,rage
4818,calm
4820,mellow
4821,empath
4825,empath
4826,mellow
4827,calm
4829,rage
4830,calm
4831,grumpy
4833,empath
4834,empath
4835,mellow
4836,calm
4838,rage
4840,calm
4841,grumpy
4842,calm
4843,grumpy
4845,empath
4847,grumpy
4848,mellow
4849,mellow
4850,calm
4851,calm
4852,mellow
4853,empath
4854,grumpy
4855,mellow
4856,mellow
4857,mellow
4858,empath
4859,empath
4860,empath
4861,grumpy
4862,mellow
4863,calm
4864,calm
4865,grumpy
4867,calm
4868,grumpy
4869,grumpy
4871,calm
4872,rage
4873,grumpy
4874,rage
4875,empath
4879,empath
4880,mellow
4881,rage
4882,rage
4884,mellow
4885,empath
4886,mellow
4887,calm
4888,grumpy
4889,calm
4891,grumpy
4892,calm
4893,rage
4894,mellow
4895,calm
4896,grumpy
4897,empath
4898,mellow
4900,grumpy
4901,rage
4902,grumpy
4905,empath
4906,calm
4907,grumpy
4908,grumpy
4909,rage
4910,mellow
4912,grumpy
4913,grumpy
4914,calm
4915,mellow
4916,rage
4917,mellow
4918,calm
4919,grumpy
4920,empath
4921,mellow
4922,mellow
4923,grumpy
4925,empath
4927,rage
4928,empath
4930,mellow
4931,calm
4932,empath
4933,grumpy
4934,grumpy
4935,empath
4936,calm
4937,empath
4938,rage
4939,empath
4940,empath
4941,calm
4942,rage
4943,grumpy
4945,grumpy
4946,grumpy
4947,calm
4948,calm
4949,empath
4950,grumpy
4951,rage
4956,calm
4957,grumpy
4958,grumpy
4959,mellow
4960,grumpy
4962,grumpy
4963,mellow
4965,mellow
4966,calm
4967,calm
4970,mellow
4972,calm
4978,mellow
4979,empath
4980,empath
4981,rage
4983,grumpy
4984,calm
4985,grumpy
4987,mellow
4988,mellow
4989,grumpy
4990,empath
4991,grumpy
4994,calm
4995,calm
4996,rage
4997,mellow
4998,rage
4999,mellow
5000,rage
5001,calm
5003,empath
5004,mellow
5005,rage
5006,grumpy
5008,grumpy
5009,grumpy
5010,calm
5011,grumpy
5012,empath
5013,calm
5015,empath
5016,rage
5017,grumpy
5018,rage
5022,rage
5024,rage
5025,rage
5026,calm
5027,calm
5028,mellow
5029,grumpy
5030,grumpy
5031,empath
5033,mellow
5034,empath
5038,empath
5039,mellow
5040,mellow
5041,empath
5042,calm
5043,rage
5044,mellow
5046,empath
5047,calm
5048,mellow
5049,grumpy
5052,calm
5053,calm
5058,grumpy
5060,empath
5061,empath
5062,empath
5063,grumpy
5064,mellow
5065,rage
5068,empath
5070,rage
5073,rage
5075,mellow
5076,empath
5077,rage
5078,mellow
5079,rage
5080,empath
5082,rage
5083,calm
5084,grumpy
5085,grumpy
5089,mellow
5090,empath
5091,calm
5092,grumpy
5093,empath
5094,mellow
5095,mellow
5097,calm
5099,rage
5100,calm
5101,grumpy
5102,empath
5103,empath
5104,empath
5105,rage
5107,empath
5108,grumpy
5110,rage
5112,rage
5113,mellow
5114,rage
5115,rage
5116,empath
5117,empath
5118,calm
5120,calm
5121,rage
5122,calm
5123,empath
5125,calm
5126,grumpy
5127,grumpy
5128,rage
5129,calm
5130,mellow
5131,empath
5132,grumpy
5133,empath
5135,rage
5136,grumpy
5137,mellow
5138,calm
5139,grumpy
5141,empath
5142,empath
5143,rage
5146,empath
5147,grumpy
5148,mellow
5149,calm
5150,mellow
5152,calm
5154,empath
5155,rage
5157,empath
5158,empath
5160,calm
5161,mellow
5162,calm
5163,mellow
5166,empath
5167,grumpy
5168,rage
5169,empath
5170,grumpy
5172,mellow
5174,rage
5175,mellow
5176,calm
5178,rage
5179,grumpy
5180,empath
5181,calm
5182,rage
5184,calm
5185,empath
5186,empath
5187,grumpy
5189,grumpy
5190,calm
5191,mellow
5192,rage
5193,calm
5197,empath
5198,empath
5199,empath
5201,calm
5202,empath
5203,empath
5205,calm
5206,rage
5209,empath
5211,mellow
5213,empath
5214,grumpy
5215,calm
5216,calm
5217,rage
5219,empath
5220,rage
5222,empath
5223,grumpy
5224,calm
5225,empath
5226,empath
5228,calm
5229,calm
5231,rage
5232,rage
5234,empath
5236,grumpy
5237,grumpy
5238,mellow
5239,rage
5242,calm
5243,mellow
5244,empath
5246,mellow
5248,grumpy
5249,calm
5250,rage
5251,grumpy
5252,calm
5253,rage
5254,grumpy
5255,empath
5258,calm
5260,calm
5261,rage
5264,calm
5265,grumpy
5266,empath
5267,calm
5268,rage
5269,grumpy
5270,grumpy
5271,grumpy
5272,grumpy
5274,empath
5275,rage
5276,empath
5277,empath
5278,mellow
5279,mellow
5280,mellow
5281,empath
5282,grumpy
5284,calm
5285,mellow
5286,rage
5287,grumpy
5289,empath
5290,calm
5294,grumpy
5295,empath
5296,empath
5297,mellow
5300,grumpy
5302,grumpy
5304,calm
5305,grumpy
5306,mellow
5307,calm
5308,mellow
5309,calm
5310,rage
5311,grumpy
5312,grumpy
5313,rage
5314,mellow
5315,calm
5317,grumpy
5319,rage
5320,calm
5321,calm
5325,calm
5326,calm
5328,mellow
5329,rage
5331,grumpy
5332,rage
5333,mellow
5334,grumpy
5336,rage
5339,calm
5341,mellow
5343,empath
5345,grumpy
5347,calm
5349,grumpy
5351,empath
5352,empath
5354,empath
5355,empath
5356,grumpy
5357,grumpy
5358,rage
5359,calm
5361,calm
5363,empath
5364,grumpy
5365,rage
5367,grumpy
5368,mellow
5370,calm
5371,calm
5372,grumpy
5373,rage
5374,mellow
5378,rage
5379,mellow
5380,calm
5381,calm
5382,rage
5383,calm
5384,empath
5385,mellow
5386,empath
5389,empath
5391,grumpy
5392,rage
5394,mellow
5395,empath
5397,grumpy
5399,empath
5401,rage
5402,calm
5405,calm
5406,empath
5410,rage
5411,calm
5412,mellow
5416,grumpy
5417,calm
5418,empath
5420,empath
5421,empath
5422,rage
5424,rage
5430,calm
5431,mellow
5433,grumpy
5434,mellow
5435,calm
5436,rage
5437,calm
5438,calm
5439,calm
5440,rage
5441,grumpy
5442,calm
5443,grumpy
5444,grumpy
5445,grumpy
5446,empath
5448,calm
5451,grumpy
5452,calm
5453,empath
5455,rage
5456,empath
5457,empath
5458,mellow
5461,calm
5464,empath
5465,empath
5466,calm
5467,grumpy
5468,mellow
5470,empath
5471,calm
5472,empath
5474,calm
5475,calm
5476,empath
5477,empath
5478,calm
5479,grumpy
5480,mellow
5481,calm
5482,rage
5483,grumpy
5484,empath
5486,calm
5489,empath
5490,mellow
5491,calm
5493,grumpy
5494,mellow
5496,empath
5499,grumpy
5501,grumpy
5502,grumpy
5504,mellow
5506,rage
5508,empath
5509,mellow
5510,mellow
5512,mellow
5513,mellow
5514,grumpy
5516,empath
5517,calm
5518,empath
5519,mellow
5520,rage
5521,mellow
5523,grumpy
5525,rage
5526,grumpy
5528,empath
5529,mellow
5533,calm
5534,empath
5535,calm
5536,rage
5539,mellow
5540,grumpy
5541,mellow
5542,rage
5543,rage
5544,calm
5547,empath
5548,calm
5549,grumpy
5550,calm
5551,empath
5552,rage
5553,calm
5554,calm
5556,calm
5557,calm
5558,grumpy
5559,empath
5560,empath
5562,mellow
5563,grumpy
5565,mellow
5568,mellow
5569,calm
5571,rage
5572,mellow
5573,empath
5574,mellow
5575,calm
5576,empath
5577,rage
5578,empath
5579,mellow
5580,mellow
5583,mellow
5584,empath
5585,empath
5587,empath
5588,grumpy
5589,rage
5593,calm
5595,grumpy
5596,empath
5597,empath
5598,calm
5599,grumpy
5600,mellow
5601,empath
5602,grumpy
5604,calm
5605,grumpy
5606,mellow
5607,calm
5608,empath
5609,empath
5610,calm
5613,grumpy
5615,mellow
5616,calm
5617,calm
5619,rage
5620,rage
5621,grumpy
5622,rage
5623,rage
5624,grumpy
5626,mellow
5627,rage
5628,rage
5630,rage
5632,empath
5633,empath
5635,grumpy
5636,calm
5638,mellow
5640,calm
5642,grumpy
5643,grumpy
5644,calm
5645,grumpy
5646,empath
5649,rage
5651,empath
5652,rage
5653,mellow
5655,grumpy
5656,grumpy
5657,mellow
5658,rage
5659,mellow
5660,grumpy
5661,mellow
5663,mellow
5664,grumpy
5665,rage
5666,rage
5667,empath
5668,mellow
5669,rage
5670,calm
5672,mellow
5673,rage
5674,mellow
5675,mellow
5676,mellow
5677,mellow
5678,calm
5680,empath
5681,calm
5682,grumpy
5683,rage
5684,calm
5689,grumpy
5691,empath
5693,rage
5694,mellow
5696,grumpy
5697,rage
5698,calm
5699,mellow
5700,mellow
5702,mellow
5703,empath
5704,mellow
5706,empath
5707,empath
5709,calm
5710,rage
5711,empath
5713,rage
5715,mellow
5716,grumpy
5717,rage
5719,calm
5721,rage
5722,empath
5723,empath
5725,calm
5726,rage
5727,mellow
5728,mellow
5729,mellow
5730,mellow
5732,grumpy
5733,rage
5734,empath
5735,empath
5736,grumpy
5737,rage
5739,grumpy
5740,calm
5743,grumpy
5745,empath
5746,empath
5748,rage
5749,empath
5751,mellow
5753,mellow
5754,mellow
5755,grumpy
5756,calm
5757,empath
5759,rage
5760,calm
5762,rage
5764,empath
5767,grumpy
5768,rage
5769,calm
5770,grumpy
5771,empath
5772,empath
5773,rage
5774,rage
5776,empath
5778,empath
5780,grumpy
5782,empath
5783,grumpy
5786,grumpy
5787,grumpy
5788,grumpy
5789,grumpy
5790,calm
5791,calm
5792,calm
5795,rage
5797,empath
5798,empath
5799,grumpy
5801,grumpy
5802,mellow
5804,grumpy
5805,calm
5806,calm
5807,calm
5809,rage
5810,empath
5813,calm
5815,rage
5816,empath
5817,grumpy
5818,calm
5821,empath
5822,empath
5824,empath
5825,empath
5826,rage
5827,mellow
5828,empath
5831,calm
5832,rage
5834,rage
5835,empath
5837,empath
5838,grumpy
5839,rage
5841,mellow
5842,mellow
5844,calm
5846,empath
5849,grumpy
5850,empath
5851,empath
5852,mellow
5853,rage
5854,rage
5855,empath
5856,mellow
5857,mellow
5859,grumpy
5861,mellow
5862,rage
5864,empath
5866,mellow
5868,grumpy
5869,mellow
5871,empath
5872,mellow
5873,mellow
5876,empath
5877,calm
5879,empath
5881,grumpy
5883,calm
5884,empath
5885,rage
5887,grumpy
5888,empath
5889,empath
5890,calm
5891,mellow
5892,calm
5894,mellow
5899,empath
5900,grumpy
5901,empath
5902,mellow
5904,empath
5906,calm
5907,mellow
5908,grumpy
5910,rage
5911,empath
5914,rage
5916,empath
5917,calm
5919,rage
5920,rage
5921,mellow
5922,rage
5923,mellow
5924,grumpy
5926,calm
5927,grumpy
5928,grumpy
5930,mellow
5931,empath
5932,empath
5933,rage
5934,empath
5935,mellow
5936,grumpy
5937,calm
5938,rage
5939,calm
5940,mellow
5942,calm
5943,empath
5944,rage
5946,calm
5948,empath
5949,rage
5952,rage
5953,grumpy
5955,mellow
5956,rage
5957,empath
5958,empath
5959,empath
5960,empath
5961,grumpy
5962,mellow
5965,grumpy
5966,mellow
5967,empath
5968,mellow
5969,grumpy
5971,empath
5972,calm
5977,empath
5979,grumpy
5982,empath
5983,mellow
5984,grumpy
5985,mellow
5988,mellow
5989,mellow
5991,grumpy
5992,rage
5993,empath
5994,empath
5995,mellow
5996,mellow
5998,rage
5999,calm
6000,empath
6001,calm
6007,empath
6009,empath
6011,empath
6013,mellow
6014,empath
6016,calm
6018,calm
6021,grumpy
6023,empath
6025,empath
6026,calm
6027,calm
6029,empath
6031,rage
6032,empath
6036,rage
6039,rage
6041,grumpy
6043,rage
6044,grumpy
6047,empath
6049,calm
6050,grumpy
6051,rage
6052,grumpy
6054,mellow
6055,empath
6057,rage
6058,mellow
6060,empath
6061,calm
6063,empath
6064,rage
6065,calm
6067,empath
6069,empath
6070,grumpy
6072,grumpy
6073,mellow
6074,mellow
6075,empath
6076,rage
6077,grumpy
6078,mellow
6080,calm
6081,grumpy
6082,grumpy
6083,rage
6084,mellow
6085,empath
6086,mellow
6090,rage
6093,mellow
6094,empath
6095,rage
6097,empath
6098,mellow
6099,grumpy
6100,rage
6101,calm
6102,grumpy
6103,empath
6105,mellow
6108,calm
6109,mellow
6110,grumpy
6111,mellow
6112,empath
6113,calm
6116,grumpy
6117,rage
6118,calm
6120,calm
6121,mellow
6122,empath
6123,rage
6124,calm
6125,empath
6128,rage
6130,empath
6131,calm
6132,calm
6133,mellow
6134,mellow
6135,empath
6136,calm
6137,rage
6139,rage
6140,rage
6142,mellow
6143,grumpy
6145,rage
6146,mellow
6147,empath
6148,rage
6149,empath
6150,empath
6152,calm
6153,mellow
6154,rage
6155,rage
6156,mellow
6157,empath
6158,calm
6161,calm
6167,rage
6169,mellow
6170,mellow
6171,empath
6172,mellow
6174,empath
6175,rage
6176,calm
6177,mellow
6179,empath
6180,empath
6181,calm
6183,calm
6184,mellow
6185,grumpy
6186,mellow
6187,rage
6188,mellow
6190,grumpy
6192,mellow
6193,calm
6194,mellow
6195,empath
6198,mellow
6199,rage
6201,empath
6202,empath
6204,rage
6207,grumpy
6208,calm
6209,mellow
6211,mellow
6212,grumpy
6213,mellow
6217,mellow
6219,mellow
6220,rage
6221,grumpy
6223,rage
6224,calm
6225,empath
6227,grumpy
6228,calm
6229,calm
6230,rage
6232,grumpy
6233,grumpy
6237,calm
6240,calm
6241,grumpy
6242,calm
6243,grumpy
6246,rage
6249,calm
6250,calm
6251,grumpy
6252,calm
6253,empath
6254,mellow
6255,calm
6257,mellow
6259,calm
6260,mellow
6262,calm
6263,rage
6264,grumpy
6265,grumpy
6266,calm
6267,calm
6268,rage
6269,calm
6270,grumpy
6271,rage
6273,empath
6274,mellow
6276,empath
6277,rage
6278,empath
6279,mellow
6280,empath
6282,empath
6283,mellow
6286,empath
6287,grumpy
6288,mellow
6289,grumpy
6291,calm
6292,calm
6294,calm
6295,rage
6296,rage
6298,calm
6299,calm
6302,calm
6304,grumpy
6305,mellow
6311,empath
6312,empath
6313,rage
6315,rage
6316,calm
6317,mellow
6319,grumpy
6322,rage
6324,calm
6325,rage
6326,rage
6328,calm
6329,rage
6330,empath
6332,grumpy
6333,empath
6334,grumpy
6335,mellow
6338,empath
6339,mellow
6340,rage
6341,empath
6342,grumpy
6343,mellow
6344,empath
6346,empath
6350,grumpy
6351,grumpy
6352,grumpy
6353,calm
6355,rage
6360,empath
6362,rage
6364,empath
6365,empath
6367,calm
6368,rage
6371,calm
6372,mellow
6373,empath
6374,calm
6375,calm
6376,grumpy
6377,empath
6378,rage
6379,rage
6380,rage
6381,calm
6382,calm
6383,mellow
6385,calm
6386,grumpy
6389,calm
6390,mellow
6391,calm
6392,rage
6397,calm
6398,calm
6399,calm
6401,mellow
6403,rage
6404,empath
6407,rage
6408,grumpy
6416,empath
6418,mellow
6420,empath
6421,empath
6427,empath
6429,grumpy
6432,mellow
6433,mellow
6434,rage
6435,grumpy
6436,calm
6438,grumpy
6440,rage
6442,empath
6443,calm
6444,mellow
6445,empath
6446,mellow
6448,empath
6449,rage
6450,calm
6451,rage
6456,mellow
6457,rage
6459,calm
6464,rage
6466,empath
6467,calm
6470,calm
6471,calm
6472,mellow
6474,empath
6476,rage
6478,empath
6479,empath
6480,empath
6482,grumpy
6483,grumpy
6484,calm
6485,grumpy
6488,rage
6489,rage
6490,grumpy
6493,empath
6495,calm
6496,grumpy
6497,rage
6498,empath
6499,calm
6501,mellow
6502,grumpy
6503,calm
6504,calm
6506,rage
6507,empath
6508,empath
6509,rage
6510,mellow
6511,empath
6512,grumpy
6513,mellow
6514,rage
6515,calm
6516,mellow
6517,rage
6518,grumpy
6519,grumpy
6521,mellow
6523,empath
6525,empath
6526,grumpy
6527,grumpy
6528,mellow
6529,rage
6532,empath
6533,grumpy
6535,calm
6537,mellow
6538,calm
6539,empath
6540,rage
6541,rage
6542,mellow
6543,grumpy
6544,mellow
6545,empath
6546,grumpy
6548,grumpy
6549,mellow
6553,empath
6555,empath
6557,rage
6558,calm
6560,empath
6561,mellow
6562,calm
6563,grumpy
6565,empath
6566,grumpy
6567,calm
6568,grumpy
6570,calm
6572,mellow
6574,rage
6575,mellow
6577,empath
6578,calm
6580,empath
6581,calm
6583,calm
6585,calm
6586,mellow
6587,mellow
6588,empath
6589,grumpy
6590,mellow
6594,mellow
6596,grumpy
6599,grumpy
6600,grumpy
6601,rage
6602,calm
6603,empath
6605,mellow
6606,grumpy
6607,rage
6608,grumpy
6609,mellow
6610,mellow
6611,mellow
6613,grumpy
6614,empath
6616,rage
6617,mellow
6620,mellow
6621,calm
6622,grumpy
6624,grumpy
6625,calm
6627,grumpy
6628,rage
6630,rage
6632,calm
6633,mellow
6634,empath
6636,grumpy
6637,grumpy
6638,mellow
6639,empath
6640,grumpy
6641,rage
6642,calm
6644,mellow
6645,grumpy
6646,mellow
6647,mellow
6648,empath
6650,empath
6652,empath
6655,rage
6658,calm
6659,empath
6661,mellow
6663,mellow
6664,grumpy
6665,calm
6666,empath
6667,grumpy
6668,grumpy
6669,calm
6670,mellow
6671,mellow
6672,calm
6673,empath
6674,grumpy
6675,grumpy
6676,grumpy
6677,mellow
6678,grumpy
6679,mellow
6680,empath
6681,calm
6682,mellow
6683,empath
6684,mellow
6685,empath
6686,grumpy
6690,mellow
6691,calm
6693,empath
6696,mellow
6698,empath
6699,grumpy
6700,rage
6701,calm
6703,mellow
6704,mellow
6705,mellow
6707,empath
6708,rage
6709,calm
6710,empath
6711,calm
6712,mellow
6713,grumpy
6716,empath
6717,calm
6718,mellow
6719,empath
6720,empath
6721,mellow
6722,grumpy
6723,empath
6725,rage
6726,mellow
6728,calm
6729,empath
6730,calm
6731,rage
6732,rage
6733,rage
6734,rage
6736,grumpy
6737,calm
6738,mellow
6739,mellow
6741,calm
6742,calm
6743,mellow
6746,calm
6747,empath
6748,calm
6749,calm
6751,mellow
6752,mellow
6753,grumpy
6754,empath
6755,rage
6756,mellow
6757,calm
6758,mellow
6759,mellow
6760,calm
6761,calm
6762,rage
6763,grumpy
6766,empath
6767,empath
6768,empath
6769,rage
6771,mellow
6772,calm
6773,empath
6776,mellow
6780,grumpy
6783,grumpy
6785,calm
6786,grumpy
6788,empath
6789,rage
6790,empath
6793,empath
6796,empath
6797,calm
6801,rage
6802,mellow
6803,empath
6805,mellow
6806,rage
6807,empath
6810,empath
6812,empath
6814,empath
6815,grumpy
6816,grumpy
6817,grumpy
6818,empath
6819,grumpy
6823,calm
6824,rage
6825,empath
6827,grumpy
6831,rage
6832,rage
6833,calm
6834,calm
6835,mellow
6836,rage
6837,calm
6840,grumpy
6841,calm
6842,empath
6843,calm
6845,rage
6849,empath
6850,rage
6851,calm
6853,mellow
6854,empath
6855,rage
6856,grumpy
6857,empath
6859,grumpy
6860,empath
6861,empath
6862,mellow
6865,rage
6866,empath
6867,mellow
6868,grumpy
6869,empath
6870,empath
6871,mellow
6873,grumpy
6874,rage
6875,mellow
6876,empath
6879,empath
6880,empath
6881,empath
6882,empath
6883,empath
6884,rage
6886,rage
6890,calm
6891,empath
6892,rage
6895,grumpy
6896,calm
6897,empath
6898,calm
6900,grumpy
6902,empath
6903,empath
6905,grumpy
6909,grumpy
6910,mellow
6911,empath
6912,mellow
6913,grumpy
6915,rage
6916,empath
6917,rage
6919,grumpy
6920,grumpy
6921,rage
6922,calm
6925,rage
6926,empath
6927,grumpy
6929,mellow
6930,mellow
6931,empath
6932,calm
6935,empath
6936,grumpy
6937,mellow
6938,rage
6940,mellow
6942,grumpy
6943,grumpy
6947,empath
6949,calm
6950,empath
6951,empath
6953,rage
6954,grumpy
6955,rage
6958,empath
6959,calm
6960,empath
6961,mellow
6964,empath
6967,empath
6969,grumpy
6971,rage
6972,rage
6973,mellow
6974,grumpy
6976,rage
6978,empath
6980,rage
6981,calm
6983,grumpy
6985,mellow
6989,empath
6991,grumpy
6993,calm
6994,calm
6995,calm
6996,grumpy
6997,mellow
6998,calm
7000,mellow
7001,calm
7003,mellow
7004,empath
7005,empath
7006,mellow
7007,calm
7008,calm
7009,empath
7010,grumpy
7012,grumpy
7014,empath
7015,grumpy
7016,grumpy
7020,empath
7021,grumpy
7022,empath
7023,grumpy
7024,mellow
7025,empath
7026,mellow
7027,rage
7028,rage
7029,mellow
7033,mellow
7034,grumpy
7035,rage
7036,rage
7037,mellow
7038,empath
7040,calm
7041,rage
7043,empath
7046,empath
7047,empath
7053,calm
7054,mellow
7056,empath
7057,mellow
7059,empath
7060,rage
7061,empath
7062,grumpy
7063,grumpy
7064,grumpy
7065,mellow
7066,empath
7070,calm
7071,mellow
7073,rage
7077,rage
7080,mellow
7081,calm
7082,mellow
7083,calm
7085,grumpy
7088,calm
7091,grumpy
7092,grumpy
7093,rage
7094,rage
7096,grumpy
7097,calm
7098,grumpy
7100,rage
7101,rage
7103,empath
7104,rage
7105,rage
7106,calm
7107,rage
7108,calm
7110,mellow
7111,rage
7113,mellow
7115,calm
7116,rage
7118,calm
7119,empath
7121,grumpy
7122,calm
7123,empath
7124,rage
7125,calm
7128,calm
7129,grumpy
7131,rage
7135,empath
7136,calm
7137,empath
7140,calm
7141,mellow
7144,calm
7145,mellow
7146,calm
7147,mellow
7149,mellow
7150,calm
7151,empath
7152,rage
7153,grumpy
7157,empath
7158,rage
7159,rage
7162,calm
7163,grumpy
7164,grumpy
7165,rage
7166,empath
7167,grumpy
7168,grumpy
7169,grumpy
7170,calm
7171,calm
7172,mellow
7173,empath
7174,grumpy
7175,grumpy
7178,calm
7179,rage
7181,calm
7182,rage
7183,empath
7184,rage
7185,calm
7187,rage
7188,grumpy
7189,empath
7190,calm
7193,mellow
7194,rage
7200,rage
7201,grumpy
7202,rage
7203,rage
7204,rage
7205,rage
7206,mellow
7207,rage
7208,mellow
7209,calm
7210,calm
7213,calm
7214,rage
7215,empath
7216,grumpy
7217,rage
7218,rage
7219,empath
7220,grumpy
7221,grumpy
7222,empath
7223,rage
7224,mellow
7225,mellow
7228,mellow
7229,calm
7231,grumpy
7233,grumpy
7234,rage
7236,grumpy
7238,calm
7239,grumpy
7240,rage
7241,empath
7242,calm
7243,rage
7244,mellow
7247,grumpy
7248,calm
7249,calm
7250,mellow
7251,rage
7252,grumpy
7253,rage
7254,calm
7256,empath
7257,rage
7258,grumpy
7259,grumpy
7260,rage
7261,mellow
7262,empath
7263,empath
7264,empath
7266,mellow
7267,grumpy
7268,calm
7269,empath
7271,rage
7272,grumpy
7273,mellow
7274,rage
7275,empath
7276,empath
7277,rage
7278,calm
7279,calm
7280,rage
7281,mellow
7282,mellow
7283,empath
7285,empath
7289,grumpy
7291,empath
7293,calm
7294,rage
7296,mellow
7298,mellow
7299,mellow
7301,mellow
7303,calm
7304,mellow
7305,grumpy
7307,grumpy
7308,mellow
7311,mellow
7312,rage
7313,empath
7314,calm
7315,calm
7317,empath
7318,calm
7320,mellow
7321,calm
7323,rage
7327,empath
7328,calm
7329,grumpy
7332,rage
7336,grumpy
7337,mellow
7338,mellow
7340,empath
7342,calm
7344,empath
7345,grumpy
7346,mellow
7347,calm
7348,grumpy
7349,empath
7351,grumpy
7352,mellow
7353,grumpy
7354,mellow
7355,rage
7357,grumpy
7358,empath
7359,empath
7360,grumpy
7361,grumpy
7362,calm
7365,calm
7367,rage
7368,rage
7369,empath
7370,rage
7376,rage
7377,calm
7378,mellow
7379,calm
7381,rage
7382,mellow
7383,mellow
7385,grumpy
7386,mellow
7388,rage
7391,empath
7393,calm
7398,mellow
7399,rage
7400,rage
7402,mellow
7405,empath
7407,rage
7409,mellow
7410,calm
7411,empath
7412,rage
7413,grumpy
7415,empath
7416,calm
7422,rage
7426,calm
7427,mellow
7428,mellow
7429,mellow
7431,grumpy
7432,empath
7433,rage
7434,grumpy
7435,empath
7436,empath
7437,grumpy
7438,empath
7439,rage
7441,empath
7442,mellow
7443,grumpy
7444,rage
7445,mellow
7446,mellow
7448,empath
7451,empath
7452,grumpy
7455,calm
7457,rage
7459,rage
7460,calm
7462,mellow
7464,mellow
7465,calm
7469,empath
7471,empath
7472,mellow
7473,calm
7474,rage
7475,grumpy
7476,mellow
7477,empath
7479,calm
7480,mellow
7482,rage
7483,empath
7486,rage
7487,empath
7488,rage
7489,mellow
7492,empath
7493,calm
7496,grumpy
7497,grumpy
7498,mellow
7499,empath
7500,calm
7501,mellow
7505,mellow
7506,grumpy
7509,empath
7510,mellow
7511,empath
7512,grumpy
7513,calm
7515,rage
7516,calm
7518,empath
7521,rage
7522,mellow
7523,grumpy
7524,empath
7525,grumpy
7526,grumpy
7527,rage
7528,mellow
7530,mellow
7531,rage
7532,grumpy
7533,mellow
7535,mellow
7536,rage
7538,rage
7539,calm
7540,mellow
7541,empath
7543,rage
7544,rage
7546,empath
7547,rage
7548,mellow
7549,rage
7550,calm
7552,empath
7553,grumpy
7554,empath
7555,grumpy
7556,calm
7557,empath
7559,calm
7560,grumpy
7561,empath
7562,calm
7564,empath
7565,mellow
7567,grumpy
7568,calm
7570,grumpy
7571,grumpy
7572,empath
7573,grumpy
7574,mellow
7576,grumpy
7577,empath
7578,rage
7580,grumpy
7581,mellow
7582,mellow
7583,calm
7584,rage
7585,mellow
7586,empath
7587,mellow
7588,empath
7589,empath
7591,rage
7592,empath
7595,rage
7596,rage
7598,mellow
7599,mellow
7601,mellow
7602,rage
7604,calm
7606,empath
7607,empath
7608,mellow
7609,empath
7610,empath
7611,empath
7612,mellow
7613,mellow
7615,rage
7616,empath
7618,grumpy
7621,mellow
7623,grumpy
7624,grumpy
7625,mellow
7626,rage
7631,empath
7632,calm
7634,calm
7635,empath
7636,rage
7637,empath
7638,calm
7639,grumpy
7641,empath
7642,mellow
7644,mellow
7645,mellow
7646,mellow
7647,calm
7648,empath
7650,empath
7654,calm
7655,empath
7656,mellow
7657,rage
7660,empath
7661,calm
7662,rage
7663,empath
7664,mellow
7666,empath
7667,rage
7668,mellow
7669,empath
7670,mellow
7671,empath
7675,grumpy
7676,grumpy
7677,empath
7678,grumpy
7679,calm
7682,calm
7684,rage
7685,rage
7686,rage
7689,empath
7690,rage
7691,grumpy
7692,empath
7693,rage
7694,mellow
7695,grumpy
7696,empath
7697,mellow
7700,calm
7701,calm
7705,empath
7706,grumpy
7707,mellow
7709,calm
7710,empath
7714,empath
7716,calm
7717,empath
7718,calm
7719,mellow
7720,rage
7723,calm
7725,rage
7726,grumpy
7727,empath
7728,mellow
7729,empath
7730,calm
7731,grumpy
7733,calm
7734,calm
7735,empath
7736,calm
7738,grumpy
7739,rage
7742,rage
7743,mellow
7745,mellow
7746,calm
7747,grumpy
7749,mellow
7750,empath
7751,rage
7752,rage
7753,rage
7754,calm
7759,calm
7762,calm
7763,grumpy
7764,rage
7765,rage
7767,empath
7768,empath
7769,rage
7770,calm
7772,empath
7773,calm
7774,empath
7776,empath
7777,rage
7778,grumpy
7779,grumpy
7780,empath
7781,rage
7782,grumpy
7783,rage
7786,grumpy
7787,mellow
7791,calm
7792,rage
7797,rage
7798,mellow
7800,mellow
7802,calm
7805,empath
7807,calm
7808,grumpy
7809,mellow
7815,mellow
7816,mellow
7818,mellow
7819,mellow
7820,rage
7821,calm
7822,rage
7823,empath
7824,mellow
7826,calm
7827,grumpy
7830,rage
7831,mellow
7834,rage
7835,rage
7836,calm
7837,grumpy
7838,calm
7839,grumpy
7840,empath
7842,calm
7844,grumpy
7845,empath
7847,grumpy
7848,mellow
7850,calm
7852,grumpy
7854,empath
7855,grumpy
7856,calm
7857,mellow
7858,grumpy
7859,calm
7861,empath
7863,grumpy
7864,grumpy
7865,rage
7867,calm
7869,calm
7870,empath
7872,grumpy
7873,calm
7874,empath
7875,grumpy
7877,rage
7878,grumpy
7879,grumpy
7880,mellow
7881,grumpy
7882,calm
7883,empath
7884,calm
7885,rage
7886,rage
7889,mellow
7890,calm
7891,grumpy
7894,mellow
7895,empath
7896,empath
7897,mellow
7898,rage
7899,calm
7901,calm
7902,rage
7903,empath
7905,mellow
7906,mellow
7907,mellow
7908,calm
7909,grumpy
7910,empath
7912,empath
7913,calm
7917,calm
7918,calm
7919,calm
7920,grumpy
7921,grumpy
7923,rage
7925,grumpy
7926,mellow
7927,mellow
7929,calm
7930,rage
7933,empath
7934,calm
7935,grumpy
7937,mellow
7938,empath
7939,mellow
7940,calm
7941,empath
7944,rage
7947,empath
7948,empath
7949,grumpy
7950,grumpy
7952,rage
7954,rage
7956,calm
7957,mellow
7958,calm
7959,mellow
7962,grumpy
7963,empath
7965,grumpy
7968,calm
7970,mellow
7971,grumpy
7972,rage
7973,mellow
7974,empath
7975,rage
7977,empath
7978,grumpy
7979,mellow
7980,calm
7981,empath
7984,mellow
7985,grumpy
7990,mellow
7992,rage
7994,grumpy
7996,calm
7997,mellow
7998,mellow
8003,calm
8005,empath
8006,grumpy
8007,empath
8010,grumpy
8014,grumpy
8016,empath
8017,calm
8018,mellow
8019,mellow
8020,grumpy
8021,mellow
8023,grumpy
8024,grumpy
8025,grumpy
8026,rage
8027,mellow
8028,mellow
8029,mellow
8031,grumpy
8032,calm
8033,rage
8034,calm
8035,mellow
8036,calm
8037,mellow
8038,calm
8039,mellow
8040,grumpy
8041,mellow
8042,calm
8043,rage
8045,empath
8048,rage
8049,empath
8051,empath
8052,empath
8054,mellow
8055,grumpy
8057,rage
8058,mellow
8059,calm
8060,mellow
8061,calm
8062,grumpy
8064,mellow
8068,grumpy
8071,calm
8073,mellow
8074,rage
8075,calm
8076,grumpy
8077,grumpy
8078,calm
8079,grumpy
8080,calm
8081,rage
8082,rage
8087,mellow
8090,empath
8092,mellow
8093,grumpy
8094,mellow
8095,grumpy
8096,empath
8097,mellow
8098,empath
8099,grumpy
8105,rage
8107,mellow
8109,rage
8110,empath
8111,grumpy
8113,rage
8114,empath
8115,grumpy
8116,grumpy
8119,calm
8120,rage
8121,rage
8124,empath
8125,mellow
8126,grumpy
8127,empath
8130,mellow
8132,empath
8134,grumpy
8136,grumpy
8137,rage
8139,mellow
8140,rage
8141,grumpy
8143,mellow
8145,empath
8146,grumpy
8147,grumpy
8148,calm
8149,empath
8150,calm
8151,empath
8154,calm
8155,calm
8158,grumpy
8162,rage
8164,grumpy
8165,empath
8166,mellow
8168,mellow
8171,calm
8173,mellow
8174,calm
8178,grumpy
8180,grumpy
8181,calm
8182,grumpy
8183,mellow
8185,mellow
8186,empath
8188,calm
8189,calm
8192,mellow
8193,empath
8194,rage
8197,empath
8200,mellow
8201,calm
8202,grumpy
8204,empath
8206,empath
8209,rage
8210,grumpy
8211,empath
8212,mellow
8213,mellow
8215,calm
8216,calm
8217,calm
8219,rage
8220,mellow
8222,empath
8223,calm
8224,grumpy
8225,mellow
8226,empath
8228,rage
8229,empath
8232,rage
8233,grumpy
8234,mellow
8236,grumpy
8238,grumpy
8239,mellow
8240,empath
8241,mellow
8242,calm
8243,grumpy
8245,mellow
8246,empath
8247,calm
8248,mellow
8249,rage
8252,calm
8254,calm
8255,calm
8256,mellow
8257,calm
8258,calm
8259,rage
8260,calm
8261,empath
8263,grumpy
8264,rage
8265,empath
8267,mellow
8268,rage
8269,rage
8272,rage
8274,mellow
8276,rage
8277,calm
8278,rage
8280,rage
8281,calm
8282,calm
8284,rage
8286,rage
8287,empath
8288,mellow
8294,mellow
8295,mellow
8296,mellow
8297,calm
8299,mellow
8300,calm
8301,mellow
8303,grumpy
8304,mellow
8305,rage
8308,rage
8312,calm
8314,empath
8316,rage
8317,rage
8318,empath
8321,mellow
8322,grumpy
8324,mellow
8327,grumpy
8329,calm
8333,empath
8335,rage
8336,calm
8337,mellow
8338,empath
8339,grumpy
8340,grumpy
8342,empath
8343,rage
8344,empath
8345,rage
8349,empath
8351,rage
8353,empath
8354,empath
8355,rage
8357,calm
8359,calm
8361,grumpy
8362,grumpy
8363,grumpy
8365,mellow
8368,grumpy
8369,rage
8370,grumpy
8371,calm
8372,empath
8374,calm
8376,rage
8377,mellow
8380,rage
8381,rage
8382,empath
8383,mellow
8384,empath
8385,mellow
8389,mellow
8392,empath
8393,grumpy
8397,grumpy
8399,grumpy
8400,rage
8403,rage
8404,mellow
8405,rage
8406,mellow
8407,calm
8408,grumpy
8411,mellow
8412,empath
8414,empath
8415,empath
8416,rage
8417,grumpy
8419,calm
8420,grumpy
8421,calm
8422,rage
8423,grumpy
8425,empath
8426,calm
8428,grumpy
8429,grumpy
8430,mellow
8431,rage
8432,mellow
8434,mellow
8435,grumpy
8436,calm
8438,calm
8440,calm
8441,rage
8442,rage
8443,grumpy
8444,grumpy
8446,grumpy
8449,empath
8450,mellow
8452,empath
8456,grumpy
8457,calm
8460,empath
8461,rage
8465,rage
8466,mellow
8467,mellow
8470,calm
8471,empath
8472,mellow
8473,calm
8474,calm
8475,mellow
8476,empath
8477,mellow
8478,mellow
8479,grumpy
8480,calm
8481,calm
8483,calm
8484,empath
8485,rage
8486,grumpy
8487,grumpy
8488,grumpy
8489,rage
8490,mellow
8491,calm
8492,empath
8493,grumpy
8494,grumpy
8496,mellow
8497,mellow
8498,grumpy
8499,rage
8501,empath
8502,rage
8503,grumpy
8505,rage
8506,mellow
8508,rage
8510,calm
8511,rage
8512,rage
8513,grumpy
8514,calm
8517,calm
8518,empath
8519,empath
8520,mellow
8522,grumpy
8524,rage
8525,calm
8526,empath
8527,grumpy
8528,mellow
8529,mellow
8530,rage
8532,rage
8533,rage
8534,grumpy
8536,empath
8537,mellow
8538,rage
8540,mellow
8541,mellow
8544,calm
8546,calm
8548,grumpy
8549,calm
8551,rage
8552,grumpy
8554,rage
8555,calm
8557,calm
8558,calm
8561,grumpy
8562,grumpy
8563,rage
8568,empath
8572,grumpy
8573,grumpy
8574,empath
8575,mellow
8577,mellow
8578,calm
8580,grumpy
8582,rage
8583,empath
8585,grumpy
8586,rage
8587,calm
8588,empath
8589,rage
8591,grumpy
8592,grumpy
8593,rage
8594,grumpy
8595,mellow
8596,mellow
8597,calm
8599,grumpy
8601,rage
8602,grumpy
8603,grumpy
8605,empath
8607,empath
8608,rage
8610,calm
8612,rage
8613,rage
8614,calm
8617,mellow
8618,mellow
8619,rage
8621,calm
8623,rage
8624,empath
8625,rage
8627,mellow
8629,rage
8630,mellow
8632,calm
8633,rage
8636,calm
8637,calm
8640,mellow
8641,grumpy
8642,empath
8646,mellow
8648,grumpy
8649,rage
8651,rage
8652,calm
8653,rage
8655,grumpy
8656,calm
8658,rage
8664,grumpy
8665,mellow
8666,calm
8667,calm
8669,mellow
8670,mellow
8671,calm
8672,mellow
8674,grumpy
8675,grumpy
8677,mellow
8678,rage
8679,rage
8680,mellow
8684,rage
8686,grumpy
8687,calm
8690,rage
8691,empath
8695,grumpy
8697,empath
8698,calm
8700,empath
8704,empath
8705,rage
8707,calm
8709,rage
8710,grumpy
8711,empath
8713,mellow
8714,grumpy
8715,rage
8716,empath
8717,mellow
8718,empath
8720,empath
8721,calm
8723,empath
8724,grumpy
8725,mellow
8726,rage
8727,grumpy
8728,rage
8729,calm
8731,grumpy
8732,mellow
8734,mellow
8735,calm
8736,mellow
8737,calm
8738,calm
8740,mellow
8741,rage
8743,grumpy
8746,grumpy
8747,mellow
8748,grumpy
8750,mellow
8751,calm
8752,calm
8753,grumpy
8754,grumpy
8755,calm
8756,calm
8757,grumpy
8759,grumpy
8761,calm
8764,empath
8770,calm
8772,empath
8773,mellow
8774,rage
8775,empath
8776,mellow
8777,mellow
8778,grumpy
8779,mellow
8780,rage
8781,empath
8782,empath
8783,calm
8784,grumpy
8785,empath
8786,rage
8787,rage
8789,calm
8791,empath
8792,empath
8793,rage
8794,mellow
8795,grumpy
8796,empath
8797,mellow
8799,calm
8800,rage
8801,grumpy
8802,grumpy
8803,grumpy
8804,empath
8805,rage
8806,mellow
8808,grumpy
8810,grumpy
8811,rage
8812,calm
8814,empath
8815,grumpy
8819,rage
8820,rage
8821,calm
8822,empath
8823,grumpy
8827,grumpy
8829,grumpy
8830,calm
8831,mellow
8832,grumpy
8833,rage
8834,grumpy
8835,grumpy
8836,grumpy
8838,empath
8839,empath
8840,grumpy
8842,grumpy
8843,rage
8844,mellow
8845,rage
8846,grumpy
8847,rage
8848,grumpy
8849,mellow
8852,rage
8853,grumpy
8855,calm
8856,grumpy
8858,calm
8861,grumpy
8863,calm
8864,empath
8865,calm
8869,grumpy
8870,rage
8875,rage
8877,rage
8879,grumpy
8880,rage
8881,calm
8882,mellow
8885,rage
8888,mellow
8890,rage
8892,mellow
8895,rage
8896,mellow
8902,rage
8903,grumpy
8904,mellow
8905,calm
8907,rage
8909,empath
8910,rage
8911,grumpy
8912,empath
8913,rage
8914,mellow
8916,grumpy
8917,mellow
8918,grumpy
8919,calm
8920,calm
8921,calm
8922,mellow
8923,rage
8924,rage
8926,rage
8928,mellow
8929,empath
8931,empath
8932,rage
8933,empath
8935,rage
8936,mellow
8937,mellow
8938,rage
8941,empath
8942,calm
8943,empath
8944,empath
8945,empath
8946,rage
8947,grumpy
8949,rage
8950,rage
8951,calm
8952,grumpy
8954,grumpy
8956,mellow
8957,mellow
8959,rage
8960,grumpy
8961,calm
8962,rage
8965,calm
8969,mellow
8972,mellow
8973,rage
8975,mellow
8977,calm
8978,mellow
8981,mellow
8982,mellow
8983,empath
8984,mellow
8985,rage
8986,calm
8987,empath
8988,empath
8989,rage
8990,empath
8992,mellow
8993,empath
8994,grumpy
8995,empath
8996,grumpy
8999,empath
9000,rage
9002,calm
9003,grumpy
9004,grumpy
9008,empath
9009,rage
9010,mellow
9011,empath
9014,empath
9015,calm
9017,calm
9019,calm
9020,calm
9021,rage
9022,calm
9023,grumpy
9024,empath
9025,empath
9026,grumpy
9027,grumpy
9028,calm
9029,grumpy
9030,calm
9032,rage
9033,grumpy
9034,rage
9041,calm
9045,mellow
9046,empath
9047,calm
9048,rage
9049,grumpy
9052,grumpy
9053,rage
9054,grumpy
9056,empath
9057,calm
9058,mellow
9060,calm
9062,calm
9063,mellow
9064,mellow
9067,calm
9069,mellow
9070,empath
9071,rage
9073,empath
9078,mellow
9084,grumpy
9085,empath
9086,grumpy
9087,calm
9088,calm
9090,grumpy
9092,mellow
9093,rage
9095,mellow
9097,mellow
9098,mellow
9100,calm
9101,mellow
9102,mellow
9104,empath
9105,grumpy
9106,grumpy
9107,grumpy
9108,rage
9111,empath
9112,mellow
9113,empath
9115,rage
9116,rage
9117,grumpy
9118,rage
9119,rage
9120,mellow
9121,rage
9123,mellow
9124,rage
9126,calm
9127,empath
9128,calm
9129,mellow
9130,empath
9131,rage
9132,empath
9134,calm
9135,mellow
9136,rage
9137,grumpy
9138,calm
9139,rage
9140,rage
9141,rage
9142,grumpy
9143,calm
9144,mellow
9147,grumpy
9149,grumpy
9152,rage
9155,grumpy
9156,grumpy
9157,rage
9158,grumpy
9159,empath
9160,empath
9161,mellow
9163,calm
9164,calm
9165,calm
9167,mellow
9169,empath
9170,grumpy
9171,calm
9172,mellow
9174,rage
9175,mellow
9176,empath
9177,rage
9179,empath
9180,grumpy
9181,empath
9182,rage
9183,grumpy
9184,calm
9185,rage
9186,empath
9187,empath
9188,empath
9189,empath
9191,calm
9195,rage
9196,rage
9197,mellow
9200,mellow
9202,calm
9203,rage
9205,mellow
9206,empath
9207,mellow
9209,mellow
9210,rage
9211,empath
9212,mellow
9213,empath
9214,rage
9216,mellow
9217,calm
9218,mellow
9219,rage
9220,mellow
9222,rage
9223,mellow
9224,mellow
9225,mellow
9227,mellow
9229,mellow
9230,grumpy
9232,rage
9233,mellow
9234,grumpy
9235,grumpy
9237,grumpy
9240,empath
9241,calm
9242,rage
9243,calm
9246,rage
9249,calm
9250,calm
9251,empath
9252,grumpy
9253,rage
9254,grumpy
9255,rage
9257,empath
9258,mellow
9259,rage
9261,calm
9262,calm
9264,grumpy
9265,empath
9266,mellow
9268,empath
9269,grumpy
9271,calm
9272,mellow
9274,rage
9276,calm
9278,rage
9279,calm
9281,grumpy
9284,rage
9286,grumpy
9287,empath
9288,empath
9289,rage
9291,calm
9293,mellow
9294,calm
9297,mellow
9299,calm
9300,mellow
9301,empath
9302,calm
9303,calm
9304,empath
9306,calm
9307,mellow
9308,empath
9309,empath
9313,mellow
9314,rage
9315,empath
9316,grumpy
9317,empath
9318,empath
9319,mellow
9321,rage
9322,grumpy
9325,rage
9327,rage
9328,mellow
9329,mellow
9330,empath
9331,calm
9332,mellow
9334,mellow
9335,mellow
9337,rage
9339,empath
9341,calm
9343,mellow
9347,calm
9349,calm
9351,empath
9352,rage
9353,grumpy
9354,empath
9355,mellow
9357,empath
9358,empath
9359,grumpy
9361,empath
9362,mellow
9364,empath
9366,calm
9368,grumpy
9371,empath
9372,rage
9373,rage
9376,calm
9377,rage
9378,empath
9380,rage
9382,rage
9383,calm
9384,grumpy
9385,empath
9386,rage
9387,mellow
9388,rage
9389,empath
9390,mellow
9392,mellow
9393,empath
9394,calm
9395,empath
9398,mellow
9401,grumpy
9403,calm
9406,grumpy
9408,mellow
9409,mellow
9410,grumpy
9411,rage
9412,mellow
9414,rage
9415,empath
9416,calm
9417,grumpy
9418,calm
9419,rage
9421,empath
9422,rage
9423,mellow
9424,empath
9426,empath
9427,grumpy
9428,empath
9431,mellow
9433,empath
9434,rage
9435,calm
9436,rage
9438,empath
9439,empath
9440,grumpy
9442,mellow
9443,mellow
9444,mellow
9445,calm
9447,calm
9450,empath
9451,mellow
9452,grumpy
9453,rage
9454,calm
9456,rage
9457,mellow
9458,mellow
9459,grumpy
9460,rage
9462,grumpy
9463,rage
9464,calm
9465,mellow
9466,rage
9467,empath
9470,mellow
9472,empath
9475,mellow
9476,mellow
9478,mellow
9479,rage
9483,grumpy
9484,empath
9485,grumpy
9486,grumpy
9487,empath
9488,empath
9489,calm
9490,empath
9492,mellow
9493,mellow
9494,calm
9495,mellow
9496,grumpy
9497,empath
9499,empath
9501,rage
9503,grumpy
9504,empath
9506,empath
9507,calm
9511,mellow
9513,rage
9516,calm
9517,calm
9518,mellow
9521,grumpy
9524,empath
9525,empath
9526,mellow
9528,rage
9529,grumpy
9530,empath
9531,mellow
9534,rage
9536,grumpy
9541,grumpy
9543,rage
9545,calm
9546,calm
9548,empath
9551,grumpy
9552,rage
9557,empath
9558,grumpy
9559,grumpy
9560,rage
9561,mellow
9565,rage
9567,mellow
9569,empath
9570,grumpy
9571,rage
9572,mellow
9575,empath
9578,calm
9579,mellow
9580,empath
9583,mellow
9584,grumpy
9585,mellow
9586,calm
9587,empath
9588,grumpy
9589,rage
9590,empath
9591,mellow
9592,empath
9593,calm
9594,rage
9596,calm
9597,empath
9598,mellow
9599,empath
9600,grumpy
9601,rage
9604,grumpy
9605,empath
9608,mellow
9611,mellow
9612,grumpy
9613,grumpy
9616,rage
9617,calm
9619,grumpy
9620,rage
9621,empath
9622,calm
9624,grumpy
9625,empath
9628,mellow
9629,empath
9631,rage
9634,rage
9635,grumpy
9636,empath
9638,calm
9640,empath
9641,mellow
9643,grumpy
9644,empath
9646,empath
9647,empath
9648,rage
9649,calm
9650,empath
9652,mellow
9653,grumpy
9655,empath
9658,empath
9659,calm
9660,rage
9661,empath
9662,empath
9663,calm
9664,grumpy
9665,empath
9667,empath
9668,grumpy
9669,mellow
9670,rage
9671,grumpy
9672,empath
9673,empath
9674,mellow
9675,calm
9676,mellow
9679,grumpy
9680,rage
9681,rage
9685,empath
9686,calm
9688,grumpy
9689,mellow
9690,grumpy
9691,mellow
9693,rage
9694,grumpy
9695,empath
9696,mellow
9698,calm
9700,grumpy
9701,empath
9706,rage
9707,mellow
9708,grumpy
9709,rage
9710,empath
9711,mellow
9712,mellow
9713,mellow
9714,rage
9715,calm
9716,rage
9717,calm
9719,mellow
9723,calm
9724,empath
9725,grumpy
9726,empath
9727,empath
9728,empath
9729,rage
9731,empath
9732,empath
9734,calm
9735,calm
9736,mellow
9737,calm
9738,calm
9740,calm
9741,calm
9743,grumpy
9746,calm
9747,empath
9748,calm
9751,rage
9752,mellow
9755,empath
9756,empath
9757,empath
9759,calm
9760,rage
9761,calm
9764,grumpy
9765,rage
9766,empath
9767,grumpy
9769,empath
9771,calm
9772,empath
9773,rage
9774,calm
9776,grumpy
9781,empath
9783,grumpy
9784,grumpy
9785,empath
9787,mellow
9788,empath
9790,calm
9791,calm
9792,rage
9793,rage
9794,grumpy
9795,grumpy
9797,calm
9798,empath
9799,empath
9803,rage
9804,mellow
9815,mellow
9816,calm
9817,grumpy
9820,rage
9822,empath
9823,calm
9826,rage
9827,mellow
9829,grumpy
9830,empath
9837,grumpy
9838,mellow
9842,mellow
9843,empath
9846,mellow
9847,rage
9848,empath
9849,calm
9851,calm
9852,calm
9855,empath
9856,rage
9857,mellow
9859,empath
9860,rage
9861,empath
9864,mellow
9865,grumpy
9866,grumpy
9867,mellow
9869,empath
9870,mellow
9871,empath
9872,rage
9873,rage
9874,calm
9876,empath
9877,rage
9878,mellow
9886,mellow
9887,calm
9888,empath
9889,rage
9891,mellow
9892,calm
9898,mellow
9899,calm
9901,grumpy
9902,mellow
9904,calm
9905,mellow
9906,empath
9907,grumpy
9908,grumpy
9909,calm
9910,empath
9911,calm
9913,grumpy
9915,mellow
9916,grumpy
9919,empath
9921,empath
9922,empath
9923,rage
9924,calm
9928,grumpy
9929,mellow
9930,mellow
9931,empath
9932,calm
9933,empath
9934,rage
9935,calm
9937,rage
9938,mellow
9941,empath
9942,empath
9943,grumpy
9944,empath
9946,empath
9947,mellow
9950,grumpy
9951,grumpy
9954,calm
9955,mellow
9957,rage
9958,mellow
9959,mellow
9960,rage
9961,grumpy
9962,calm
9963,mellow
9964,grumpy
9965,calm
9966,rage
9967,empath
9968,mellow
9970,grumpy
9972,grumpy
9973,empath
9974,rage
9975,grumpy
9977,mellow
9979,grumpy
9980,calm
9981,rage
9983,rage
9984,mellow
9986,grumpy
9989,empath
9990,rage
9991,grumpy
9992,empath
9993,empath
9997,empath
9998,empath
9999,empath
10003,rage
10004,calm
10006,mellow
10007,rage
10009,grumpy
10010,mellow
10012,grumpy
10014,calm
10016,mellow
10019,calm
10020,mellow
10021,empath
10022,mellow
10023,calm
10024,rage
10026,mellow
10028,mellow
10029,rage
10030,mellow
10034,grumpy
10035,mellow
10036,calm
10038,empath
10041,grumpy
10042,calm
10045,mellow
10046,rage
10048,empath
10049,calm
10050,empath
10051,grumpy
10056,calm
10057,calm
10059,grumpy
10060,empath
10061,calm
10062,calm
10065,empath
10066,rage
10068,empath
10069,mellow
10070,rage
10072,calm
10073,calm
10075,empath
10078,rage
10080,mellow
10081,rage
10082,empath
10083,calm
10087,grumpy
10088,grumpy
10090,empath
10091,calm
10094,rage
10095,mellow
10099,calm
10100,calm
10103,calm
10105,mellow
10107,rage
10108,mellow
10109,grumpy
10110,rage
10111,mellow
10113,rage
10116,empath
10117,rage
10118,calm
10119,empath
10121,rage
10123,empath
10124,grumpy
10125,rage
10126,calm
10128,rage
10129,mellow
10131,grumpy
10132,empath
10133,calm
10137,mellow
10138,mellow
10139,rage
10140,empath
10142,rage
10145,calm
10147,mellow
10150,rage
10153,empath
10154,rage
10155,empath
10157,grumpy
10158,grumpy
10159,calm
10160,empath
10161,empath
10162,empath
10163,rage
10165,mellow
10166,mellow
10168,grumpy
10172,mellow
10173,empath
10174,mellow
10175,mellow
10176,grumpy
10177,calm
10178,rage
10181,rage
10182,grumpy
10183,mellow
10184,mellow
10185,rage
10186,empath
10188,calm
10189,mellow
10190,rage
10191,grumpy
10192,calm
10193,rage
10195,grumpy
10196,calm
10198,mellow
10199,empath
10200,empath
10201,rage
10202,empath
10203,mellow
10204,grumpy
10205,calm
10207,rage
10209,calm
10210,rage
10213,rage
10214,mellow
10215,mellow
10216,rage
10217,mellow
10220,mellow
10221,rage
10223,grumpy
10224,mellow
10225,mellow
10226,mellow
10227,empath
10228,empath
10229,grumpy
10230,grumpy
10231,grumpy
10232,grumpy
10234,empath
10237,grumpy
10238,grumpy
10239,empath
10241,empath
10242,rage
10246,rage
10247,calm
10248,grumpy
10249,calm
10250,grumpy
10252,calm
10253,empath
10256,mellow
10257,calm
10258,grumpy
10260,calm
10261,rage
10262,empath
10263,grumpy
10264,calm
10265,rage
10266,mellow
10268,grumpy
10269,grumpy
10270,empath
10273,mellow
10274,mellow
10275,calm
10276,rage
10278,mellow
10281,empath
10282,mellow
10284,mellow
10286,rage
10288,calm
10289,calm
10290,rage
10292,empath
10293,calm
10295,mellow
10297,calm
10298,empath
10299,mellow
10301,calm
10302,rage
10304,rage
10306,empath
10307,grumpy
10308,rage
10310,rage
10312,empath
10313,rage
10314,rage
10316,empath
10319,calm
10320,mellow
10321,grumpy
10322,empath
10323,calm
10325,mellow
10328,calm
10329,empath
10330,calm
10331,empath
10333,mellow
10334,mellow
10335,grumpy
10336,calm
10338,grumpy
10339,empath
10340,calm
10341,calm
10342,empath
10344,empath
10345,grumpy
10346,calm
10348,calm
10349,calm
10353,calm
10354,empath
10355,grumpy
10357,rage
10358,empath
10359,empath
10360,grumpy
10361,calm
10362,grumpy
10363,grumpy
10364,calm
10366,rage
10367,empath
10368,empath
10369,calm
10374,calm
10376,rage
10377,calm
10378,mellow
10380,rage
10382,empath
10383,empath
10385,empath
10386,rage
10389,empath
10390,calm
10391,mellow
10392,grumpy
10393,calm
10396,rage
10397,grumpy
10400,rage
10402,mellow
10403,mellow
10405,mellow
10406,mellow
10407,grumpy
10410,rage
10411,mellow
10412,calm
10413,rage
10415,rage
10416,rage
10418,calm
10423,empath
10424,empath
10425,rage
10427,rage
10428,mellow
10432,empath
10433,grumpy
10435,mellow
10436,grumpy
10439,rage
10441,empath
10444,mellow
10445,mellow
10446,mellow
10449,mellow
10450,empath
10451,empath
10452,empath
10453,calm
10455,rage
10456,calm
10458,mellow
10459,empath
10462,empath
10463,calm
10464,calm
10465,empath
10468,mellow
10472,empath
10473,empath
10474,grumpy
10475,calm
10476,grumpy
10478,calm
10479,empath
10481,grumpy
10482,calm
10483,grumpy
10484,calm
10487,grumpy
10489,mellow
10490,empath
10491,mellow
10492,calm
10494,mellow
10495,rage
10496,grumpy
10498,empath
10499,rage
10500,grumpy
10501,calm
10504,calm
10505,calm
10507,rage
10508,mellow
10511,empath
10512,empath
10515,grumpy
10517,empath
10518,mellow
10520,calm
10522,rage
10523,calm
10524,rage
10525,rage
10526,empath
10528,mellow
10529,mellow
10530,rage
10533,grumpy
10534,calm
10535,calm
10536,rage
10537,calm
10538,calm
10539,calm
10540,rage
10543,mellow
10547,calm
10549,mellow
10551,mellow
10554,empath
10556,calm
10557,empath
10558,calm
10559,grumpy
10560,mellow
10561,mellow
10562,calm
10563,grumpy
10564,calm
10566,calm
10567,rage
10569,empath
10570,rage
10573,grumpy
10574,mellow
10575,mellow
10576,calm
10577,calm
10579,rage
10581,rage
10582,grumpy
10584,grumpy
10588,calm
10592,grumpy
10594,rage
10595,mellow
10597,empath
10602,grumpy
10603,calm
10604,mellow
10605,rage
10608,rage
10609,mellow
10610,rage
10611,grumpy
10614,mellow
10617,empath
10618,rage
10621,rage
10622,calm
10623,empath
10625,mellow
10626,calm
10627,mellow
10628,grumpy
10629,rage
10630,grumpy
10632,calm
10633,mellow
10634,grumpy
10636,calm
10637,empath
10639,grumpy
10640,calm
10641,grumpy
10642,mellow
10643,calm
10644,rage
10649,mellow
10651,calm
10652,calm
10654,grumpy
10656,grumpy
10658,mellow
10660,calm
10662,calm
10664,rage
10665,empath
10666,rage
10667,calm
10669,calm
10670,mellow
10675,grumpy
10676,grumpy
10677,rage
10678,empath
10679,rage
10680,mellow
10681,calm
10682,grumpy
10683,rage
10684,grumpy
10685,calm
10686,empath
10688,calm
10689,grumpy
10694,mellow
10697,empath
10699,calm
10701,mellow
10702,empath
10704,empath
10706,calm
10707,empath
10708,mellow
10710,grumpy
10711,empath
10712,grumpy
10713,rage
10715,grumpy
10718,calm
10720,empath
10723,empath
10724,mellow
10726,mellow
10729,rage
10730,calm
10731,empath
10733,rage
10734,empath
10735,calm
10736,empath
10740,calm
10741,mellow
10742,calm
10743,grumpy
10745,empath
10746,rage
10747,grumpy
10748,grumpy
10750,mellow
10751,rage
10752,rage
10753,mellow
10755,grumpy
10756,rage
10758,empath
10763,calm
10765,empath
10767,calm
10768,grumpy
10769,mellow
10770,rage
10773,calm
10774,grumpy
10775,empath
10777,calm
10778,mellow
10780,empath
10781,empath
10784,rage
10786,rage
10789,grumpy
10790,grumpy
10792,mellow
10793,empath
10794,grumpy
10795,grumpy
10797,empath
10798,mellow
10799,empath
10800,rage
10802,calm
10803,mellow
10805,grumpy
10807,grumpy
10810,calm
10814,grumpy
10816,grumpy
10818,grumpy
10819,calm
10821,grumpy
10822,empath
10824,mellow
10825,grumpy
10826,calm
10828,calm
10835,empath
10839,mellow
10841,calm
10843,empath
10845,grumpy
10848,mellow
10849,calm
10850,grumpy
10851,grumpy
10852,mellow
10853,empath
10854,rage
10856,calm
10860,calm
10861,grumpy
10865,grumpy
10866,mellow
10867,calm
10868,calm
10869,grumpy
10870,grumpy
10871,mellow
10872,calm
10873,empath
10880,grumpy
10881,grumpy
10882,empath
10883,mellow
10886,calm
10889,mellow
10891,mellow
10892,rage
10894,rage
10897,empath
10898,empath
10900,rage
10901,empath
10902,empath
10904,calm
10905,calm
10907,rage
10908,mellow
10912,calm
10913,grumpy
10914,grumpy
10915,empath
10916,mellow
10918,grumpy
10919,mellow
10920,empath
10924,grumpy
10925,grumpy
10926,rage
10927,rage
10928,calm
10929,empath
10931,rage
10932,mellow
10933,grumpy
10934,empath
10936,empath
10938,calm
10939,mellow
10940,empath
10943,mellow
10944,rage
10945,rage
10946,grumpy
10948,mellow
10949,empath
10950,empath
10951,mellow
10952,calm
10953,mellow
10954,calm
10955,rage
10956,calm
10957,calm
10958,calm
10959,calm
10960,calm
10961,rage
10962,calm
10967,empath
10968,grumpy
10970,rage
10971,mellow
10973,mellow
10974,grumpy
10975,grumpy
10976,rage
10978,empath
10979,calm
10980,mellow
10981,calm
10984,rage
10986,calm
10987,calm
10988,empath
10992,rage
10993,rage
10996,rage
10997,grumpy
10999,empath
11001,mellow
11004,calm
11009,empath
11010,calm
11011,rage
11012,grumpy
11013,mellow
11014,empath
11016,calm
11017,mellow
11019,grumpy
11024,grumpy
11025,calm
11027,calm
11028,empath
11029,calm
11030,empath
11032,empath
11033,rage
11034,calm
11035,calm
11038,grumpy
11041,empath
11042,empath
11043,rage
11045,grumpy
11046,calm
11047,empath
11048,empath
11052,rage
11053,mellow
11054,calm
11056,rage
11060,grumpy
11061,grumpy
11062,calm
11063,mellow
11065,rage
11066,grumpy
11067,grumpy
11068,mellow
11069,empath
11070,mellow
11073,rage
11076,empath
11077,empath
11078,calm
11082,calm
11083,calm
11084,grumpy
11087,rage
11088,calm
11089,mellow
11091,calm
11092,rage
11094,grumpy
11095,empath
11096,grumpy
11097,mellow
11098,mellow
11099,rage
11104,rage
11105,rage
11107,empath
11108,calm
11109,calm
11110,mellow
11111,mellow
11113,empath
11115,calm
11117,calm
11119,calm
11120,rage
11121,mellow
11122,grumpy
11123,empath
11124,empath
11126,calm
11130,mellow
11131,rage
11132,calm
11133,grumpy
11136,mellow
11138,mellow
11139,calm
11140,rage
11141,calm
11142,rage
11143,grumpy
11144,calm
11145,grumpy
11146,mellow
11147,mellow
11151,grumpy
11152,mellow
11153,rage
11154,mellow
11156,rage
11158,grumpy
11159,empath
11160,mellow
11161,empath
11163,empath
11164,empath
11165,empath
11166,mellow
11167,empath
11168,empath
11169,grumpy
11170,rage
11171,rage
11173,grumpy
11176,grumpy
11177,rage
11179,mellow
11180,empath
11184,mellow
11187,empath
11193,calm
11194,mellow
11195,calm
11197,calm
11203,calm
11205,rage
11208,grumpy
11209,grumpy
11211,rage
11212,grumpy
11213,grumpy
11219,grumpy
11220,empath
11221,calm
11222,mellow
11224,mellow
11225,empath
11226,rage
11227,calm
11229,rage
11231,mellow
11233,mellow
11234,empath
11235,rage
11237,grumpy
11238,rage
11239,calm
11240,empath
11241,grumpy
11243,mellow
11244,calm
11245,grumpy
11246,grumpy
11247,calm
11248,empath
11250,empath
11251,grumpy
11252,calm
11254,calm
11259,calm
11261,mellow
11263,calm
11264,grumpy
11265,mellow
11266,rage
11268,grumpy
11269,mellow
11272,empath
11274,grumpy
11275,rage
11276,rage
11277,calm
11283,rage
11284,rage
11285,mellow
11287,empath
11288,calm
11289,mellow
11290,calm
11291,mellow
11292,calm
11294,grumpy
11299,empath
11301,grumpy
11303,mellow
11304,empath
11305,grumpy
11308,rage
11309,empath
11312,empath
11313,rage
11315,grumpy
11316,calm
11317,mellow
11320,empath
11324,calm
11326,grumpy
11328,empath
11329,calm
11331,rage
11334,grumpy
11335,grumpy
11337,rage
11338,empath
11339,grumpy
11340,empath
11341,calm
11344,rage
11345,grumpy
11347,mellow
11348,empath
11349,grumpy
11350,empath
11351,calm
11352,mellow
11356,rage
11357,rage
11362,empath
11367,rage
11370,mellow
11372,mellow
11373,calm
11374,grumpy
11375,empath
11376,mellow
11377,empath
11378,calm
11379,calm
11381,grumpy
11382,mellow
11384,calm
11385,mellow
11386,rage
11388,calm
11390,empath
11394,grumpy
11396,calm
11397,calm
11398,rage
11401,calm
11406,rage
11407,mellow
11408,rage
11412,rage
11414,calm
11416,grumpy
11418,calm
11419,mellow
11420,rage
11422,calm
11423,empath
11424,mellow
11426,calm
11427,rage
11429,rage
11431,mellow
11432,calm
11433,mellow
11437,empath
11438,mellow
11439,empath
11448,rage
11451,calm
11452,mellow
11453,mellow
11454,mellow
11455,calm
11456,empath
11457,empath
11459,empath
11460,empath
11462,calm
11465,rage
11466,mellow
11468,mellow
11472,calm
11473,calm
11475,grumpy
11477,empath
11481,calm
11482,grumpy
11484,rage
11485,empath
11489,rage
11495,grumpy
11496,mellow
11497,calm
11498,mellow
11499,empath
11501,grumpy
11503,rage
11504,rage
11505,calm
11506,calm
11508,mellow
11510,grumpy
11516,calm
11517,grumpy
11520,calm
11521,rage
11523,rage
11524,empath
11525,grumpy
11526,mellow
11528,rage
11529,mellow
11530,calm
11531,rage
11534,rage
11536,empath
11539,rage
11541,mellow
11542,rage
11543,rage
11546,rage
11551,empath
11555,grumpy
11560,empath
11561,grumpy
11563,calm
11565,rage
11566,mellow
11572,mellow
11573,calm
11577,mellow
11578,rage
11579,calm
11580,empath
11584,empath
11585,grumpy
11586,rage
11587,empath
11588,rage
11591,calm
11595,grumpy
11598,grumpy
11602,rage
11603,grumpy
11604,calm
11605,mellow
11606,calm
11607,grumpy
11608,mellow
11609,grumpy
11610,grumpy
11611,mellow
11613,calm
11614,grumpy
11615,grumpy
11616,grumpy
11618,empath
11620,mellow
11621,calm
11623,rage
11626,calm
11628,empath
11629,grumpy
11630,mellow
11632,rage
11633,mellow
11634,grumpy
11636,mellow
11637,grumpy
11639,grumpy
11644,empath
11645,calm
11646,grumpy
11647,mellow
11650,grumpy
11653,grumpy
11654,empath
11656,calm
11663,grumpy
11664,grumpy
11665,grumpy
11667,grumpy
11669,grumpy
11671,rage
11674,empath
11678,calm
11684,empath
11685,mellow
11686,calm
11687,empath
11690,rage
11693,empath
11694,grumpy
11696,rage
11697,rage
11698,empath
11701,empath
11703,empath
11706,mellow
11707,grumpy
11708,calm
11709,rage
11711,grumpy
11712,mellow
11715,mellow
11716,calm
11724,calm
11729,calm
11731,mellow
11739,rage
11741,grumpy
11742,empath
11743,mellow
11746,grumpy
11747,mellow
11748,calm
11756,calm
11758,grumpy
11759,rage
11762,rage
11763,rage
11765,calm
11766,calm
11771,empath
11777,empath
11778,empath
11781,empath
11782,empath
11784,mellow
11785,calm
11789,mellow
11790,mellow
11791,calm
11792,empath
11794,empath
11796,rage
11797,empath
11798,grumpy
11799,empath
11800,grumpy
11802,mellow
11804,rage
11805,calm
11806,grumpy
11809,rage
11810,empath
11811,grumpy
11812,empath
11813,empath
11816,rage
11818,rage
11819,empath
11827,rage
11830,calm
11831,rage
11832,grumpy
11833,empath
11834,empath
11835,empath
11838,calm
11839,rage
11841,mellow
11843,mellow
11845,rage
11849,empath
11853,empath
11855,mellow
11857,grumpy
11859,mellow
11860,mellow
11862,mellow
11865,grumpy
11868,rage
11878,mellow
11879,rage
11881,mellow
11888,calm
11889,calm
11890,mellow
11891,grumpy
11893,calm
11894,calm
11896,grumpy
11900,grumpy
11901,grumpy
11904,empath
11905,empath
11907,grumpy
11908,calm
11909,grumpy
11910,mellow
11911,empath
11914,mellow
11916,empath
11919,calm
11922,empath
11923,rage
11924,rage
11925,rage
11927,calm
11934,grumpy
11937,mellow
11938,rage
11941,calm
11942,rage
11943,mellow
11944,rage
11946,mellow
11949,grumpy
11953,rage
11954,grumpy
11955,mellow
11956,rage
11957,empath
11961,calm
11962,mellow
11963,rage
11965,calm
11966,empath
11970,rage
11972,rage
11977,calm
11978,calm
11980,grumpy
11981,mellow
11982,rage
11985,mellow
11987,empath
11988,rage
11989,rage
11990,empath
11991,rage
11992,empath
11994,rage
11998,empath
12000,rage
12001,rage
12004,calm
12005,mellow
12007,calm
12010,empath
12011,rage
12012,grumpy
12015,rage
12016,rage
12017,rage
12018,mellow
12019,empath
12020,calm
12025,calm
12026,rage
12027,rage
12029,empath
12030,calm
12033,grumpy
12035,empath
12036,grumpy
12037,calm
12038,grumpy
12040,rage
12041,mellow
12042,calm
12044,calm
12045,mellow
12047,grumpy
12048,calm
12049,mellow
12050,rage
12052,mellow
12053,mellow
12055,empath
12056,calm
12057,rage
12060,rage
12061,empath
12067,rage
12069,rage
12072,grumpy
12073,calm
12074,empath
12076,mellow
12077,mellow
12079,calm
12081,calm
12083,grumpy
12085,calm
12091,calm
12092,mellow
12094,rage
12097,mellow
12098,empath
12099,mellow
12100,calm
12102,grumpy
12103,rage
12104,calm
12105,rage
12106,rage
12107,rage
12108,mellow
12109,rage
12113,rage
12115,grumpy
12116,empath
12117,rage
12120,rage
12123,rage
12126,mellow
12127,empath
12130,mellow
12131,calm
12134,empath
12137,empath
12141,grumpy
12142,empath
12145,rage
12146,calm
12147,mellow
12148,rage
12149,calm
12150,rage
12154,empath
12155,grumpy
12156,mellow
12157,calm
12159,mellow
12160,grumpy
12162,mellow
12164,rage
12167,mellow
12168,mellow
12170,empath
12172,rage
12174,empath
12177,mellow
12178,mellow
12179,calm
12180,grumpy
12182,grumpy
12184,grumpy
12186,grumpy
12187,rage
12189,mellow
12191,mellow
12193,empath
12197,empath
12198,empath
12199,mellow
12200,mellow
12204,mellow
12205,rage
12208,rage
12209,rage
12210,empath
12211,empath
12214,rage
12215,empath
12217,empath
12219,empath
12220,calm
12221,calm
12222,calm
12226,calm
12227,empath
12229,grumpy
12230,empath
12234,rage
12236,grumpy
12238,rage
12242,rage
12245,mellow
12246,empath
12247,grumpy
12248,grumpy
12252,empath
12256,rage
12257,calm
12258,rage
12259,mellow
12260,calm
12261,empath
12263,mellow
12268,mellow
12272,empath
12275,calm
12277,calm
12279,rage
12280,rage
12281,mellow
12282,empath
12283,mellow
12284,rage
12285,mellow
12287,empath
12288,empath
12290,empath
12292,grumpy
12295,calm
12296,calm
12297,rage
12298,grumpy
12299,grumpy
12302,empath
12303,mellow
12305,rage
12307,grumpy
12308,grumpy
12309,empath
12313,mellow
12315,calm
12316,rage
12318,mellow
12320,mellow
12322,grumpy
12323,rage
12324,grumpy
12327,empath
12328,calm
12330,empath
12332,calm
12333,calm
12334,grumpy
12336,mellow
12339,rage
12341,rage
12343,calm
12344,rage
12349,grumpy
12351,calm
12353,empath
12356,empath
12358,empath
12362,rage
12363,mellow
12364,rage
12368,rage
12371,calm
12373,empath
12376,mellow
12377,mellow
12378,calm
12384,calm
12385,rage
12387,empath
12388,calm
12389,rage
12390,calm
12391,grumpy
12393,rage
12398,calm
12400,rage
12403,rage
12406,calm
12409,empath
12413,mellow
12416,empath
12417,rage
12418,rage
12419,empath
12420,empath
12425,mellow
12427,empath
12431,empath
12432,mellow
12435,grumpy
12437,grumpy
12438,grumpy
12439,empath
12440,calm
12443,mellow
12444,mellow
12451,rage
12457,mellow
12458,grumpy
12459,empath
12460,calm
12462,calm
12463,empath
12464,empath
12468,empath
12470,grumpy
12471,mellow
12475,empath
12476,calm
12477,calm
12481,rage
12485,mellow
12486,rage
12487,calm
12488,mellow
12490,mellow
12491,empath
12492,empath
12493,calm
12495,grumpy
12497,empath
12499,grumpy
12500,rage
12501,empath
12502,calm
12504,grumpy
12505,mellow
12506,calm
12509,mellow
12512,grumpy
12513,rage
12514,calm
12515,calm
12516,empath
12517,rage
12519,mellow
12520,grumpy
12523,rage
12524,empath
12529,mellow
12531,grumpy
12532,mellow
12533,mellow
12534,mellow
12536,grumpy
12537,rage
12538,empath
12541,calm
12542,rage
12543,grumpy
12546,rage
12549,empath
12551,grumpy
12552,grumpy
12553,mellow
12556,rage
12559,empath
12562,rage
12564,grumpy
12565,mellow
12566,rage
12569,rage
12570,empath
12571,empath
12575,grumpy
12576,empath
12577,grumpy
12578,mellow
12579,mellow
12581,mellow
12584,empath
12585,empath
12589,rage
12594,mellow
12595,grumpy
12598,empath
12599,rage
12601,calm
12603,empath
12604,calm
12606,grumpy
12607,empath
12610,rage
12614,calm
12615,empath
12619,calm
12622,mellow
12623,calm
12624,mellow
12629,empath
12635,empath
12637,mellow
12639,empath
12640,calm
12641,mellow
12643,rage
12645,empath
12646,rage
12648,grumpy
12649,rage
12650,calm
12654,grumpy
12655,mellow
12659,empath
12660,grumpy
12661,rage
12662,empath
12666,empath
12667,grumpy
12670,empath
12671,rage
12672,empath
12674,empath
12675,calm
12678,calm
12680,calm
12681,grumpy
12682,grumpy
12683,mellow
12684,empath
12687,calm
12688,empath
12690,rage
12691,empath
12693,empath
12694,calm
12696,calm
12697,grumpy
12698,rage
12702,calm
12704,rage
12705,calm
12708,rage
12709,empath
12710,grumpy
12711,calm
12715,calm
12720,calm
12726,grumpy
12730,calm
12732,rage
12733,empath
12736,rage
12737,mellow
12740,rage
12742,mellow
12743,rage
12745,calm
12746,mellow
12747,empath
12751,mellow
12755,mellow
12756,mellow
12759,empath
12761,rage
12762,grumpy
12763,empath
12764,mellow
12766,empath
12769,calm
12770,calm
12771,grumpy
12774,mellow
12775,calm
12776,rage
12778,empath
12779,empath
12784,mellow
12788,mellow
12790,mellow
12792,rage
12794,empath
12800,empath
12802,empath
12804,grumpy
12805,grumpy
12806,mellow
12808,grumpy
12810,grumpy
12811,calm
12812,mellow
12820,empath
12823,grumpy
12824,rage
12825,grumpy
12827,grumpy
12829,empath
12830,calm
12831,grumpy
12832,empath
12835,rage
12836,calm
12837,grumpy
12838,rage
12840,calm
12842,mellow
12843,rage
12844,mellow
12847,mellow
12850,grumpy
12851,empath
12853,mellow
12856,empath
12858,mellow
12862,rage
12866,mellow
12870,mellow
12873,grumpy
12877,calm
12878,rage
12881,rage
12882,calm
12885,grumpy
12886,empath
12890,empath
12892,mellow
12893,mellow
12897,calm
12898,empath
12899,grumpy
12903,calm
12909,rage
12910,rage
12912,grumpy
12914,calm
12916,empath
12919,calm
12920,calm
12921,rage
12923,calm
12925,empath
12926,mellow
12928,empath
12931,calm
12937,rage
12938,calm
12939,calm
12940,empath
12941,mellow
12942,empath
12944,calm
12947,empath
12949,mellow
12950,empath
12951,calm
12953,rage
12955,rage
12960,rage
12962,rage
12963,mellow
12965,rage
12970,rage
12971,mellow
12974,grumpy
12975,mellow
12979,mellow
12980,empath
12982,empath
12988,empath
12990,calm
12994,calm
12996,empath
12998,grumpy
13000,empath
13003,calm
13008,calm
13011,grumpy
13013,grumpy
13015,mellow
13020,mellow
13022,rage
13025,empath
13028,grumpy
13030,empath
13031,mellow
13038,mellow
13039,rage
13040,rage
13043,calm
13047,rage
13053,empath
13056,grumpy
13066,mellow
13069,mellow
13070,grumpy
13072,calm
13074,empath
13080,rage
13082,rage
13083,rage
13090,empath
13097,mellow
13100,mellow
13101,mellow
13104,grumpy
13111,mellow
13113,mellow
13117,empath
13120,empath
13121,rage
13122,grumpy
13125,calm
13128,grumpy
13131,calm
13136,calm
13139,calm
13141,empath
13145,mellow
13149,calm
13155,grumpy
13156,rage
13157,empath
13159,empath
13160,mellow
13161,empath
13164,grumpy
13166,empath
13167,rage
13168,mellow
13169,empath
13173,calm
13174,grumpy
13176,calm
13177,rage
13180,calm
13183,mellow
13186,mellow
13190,calm
13192,calm
13197,empath
13199,empath
13202,empath
13203,calm
13206,calm
13207,mellow
13210,rage
13214,grumpy
13216,calm
13217,calm
13219,calm
13221,mellow
13223,calm
13225,calm
13227,empath
13230,grumpy
13231,calm
13235,mellow
13236,calm
13237,empath
13238,empath
13242,mellow
13246,calm
13252,empath
13257,rage
13258,rage
13259,rage
13263,rage
13266,empath
13269,calm
13273,grumpy
13275,empath
13276,mellow
13277,grumpy
13279,calm
13280,rage
13281,mellow
13282,mellow
13283,mellow
13285,rage
13288,grumpy
13290,empath
13292,mellow
13293,empath
13294,grumpy
13299,rage
13300,grumpy
13305,grumpy
13306,rage
13309,empath
13311,grumpy
13314,mellow
13320,mellow
13322,mellow
13328,calm
13330,mellow
13333,grumpy
13334,rage
13336,calm
13337,mellow
13344,empath
13349,empath
13352,grumpy
13354,calm
13356,calm
13359,rage
13361,mellow
13366,empath
13367,empath
13368,empath
13369,empath
13372,empath
13373,grumpy
13374,empath
13377,empath
13384,calm
13388,calm
13391,grumpy
13392,calm
13394,empath
13399,rage
13400,grumpy
13402,empath
13408,mellow
13410,mellow
13412,mellow
13413,calm
13415,calm
13418,empath
13422,mellow
13425,grumpy
13431,grumpy
13432,empath
13433,grumpy
13434,rage
13435,empath
13441,grumpy
13443,calm
13444,mellow
13445,calm
13446,calm
13453,rage
13455,calm
13456,empath
13457,grumpy
13459,rage
13461,empath
13468,rage
13473,rage
13477,empath
13478,calm
13482,calm
13483,empath
13485,rage
13486,grumpy
13489,grumpy
13490,calm
13491,mellow
13494,rage
13496,calm
13499,calm
13500,mellow
13501,calm
13503,empath
13508,rage
13509,grumpy
13514,grumpy
13515,rage
13516,mellow
13517,grumpy
13519,grumpy
13522,empath
13527,calm
13529,calm
13533,mellow
13535,mellow
13545,mellow
13546,empath
13550,empath
13552,grumpy
13553,empath
13554,grumpy
13555,rage
13559,empath
13560,rage
13561,empath
13562,calm
13563,grumpy
13565,grumpy
13566,grumpy
13568,calm
13570,calm
13571,calm
13574,grumpy
13575,calm
13583,rage
13585,empath
13591,empath
13592,rage
13593,calm
13594,empath
13605,grumpy
13607,calm
13609,rage
13620,rage
13621,empath
13624,mellow
13625,calm
13627,rage
13632,mellow
13638,empath
13642,grumpy
13643,empath
13644,grumpy
13645,empath
13646,mellow
13648,empath
13649,grumpy
13650,mellow
13651,calm
13659,calm
13660,mellow
13662,grumpy
13665,empath
13666,grumpy
13668,calm
13672,rage
13675,calm
13677,calm
13680,rage
13681,rage
13689,calm
13692,mellow
13694,rage
13696,grumpy
13699,rage
13700,rage
13701,empath
13702,rage
13704,empath
13712,grumpy
13714,rage
13720,calm
13729,empath
13730,mellow
13732,mellow
13735,mellow
13736,calm
13739,mellow
13746,grumpy
13754,grumpy
13755,mellow
13756,rage
13762,mellow
13764,mellow
13765,grumpy
13768,calm
13769,empath
13770,rage
13773,empath
13775,empath
13777,empath
13778,empath
13779,grumpy
13782,empath
13785,mellow
13788,rage
13789,rage
13796,grumpy
13798,empath
13802,calm
13806,mellow
13808,calm
13810,grumpy
13811,empath
13812,rage
13815,rage
13819,calm
13820,empath
13831,calm
13840,mellow
13842,rage
13843,empath
13845,mellow
13846,grumpy
13850,empath
13851,calm
13852,mellow
13853,grumpy
13855,calm
13857,empath
13858,grumpy
13859,calm
13860,mellow
13864,rage
13865,empath
13866,calm
13868,grumpy
13872,calm
13875,calm
13876,empath
13877,calm
13882,empath
13884,empath
13888,mellow
13889,mellow
13892,empath
13894,mellow
13895,empath
13897,grumpy
13899,empath
13903,mellow
13906,grumpy
13907,empath
13908,mellow
13913,calm
13916,rage
13918,rage
13919,empath
13922,rage
13923,empath
13924,rage
13925,empath
13926,rage
13933,mellow
13943,rage
13944,rage
13949,mellow
13950,empath
13952,grumpy
13965,calm
13969,calm
13970,calm
13972,mellow
13974,rage
13979,calm
13983,mellow
13984,mellow
13987,empath
13991,calm
13992,rage
13994,empath
13995,empath
14000,calm
14003,calm
14005,grumpy
14007,calm
14008,empath
14019,rage
14021,rage
14023,calm
14031,empath
14032,grumpy
14035,empath
14040,mellow
14044,empath
14046,calm
14053,calm
14056,rage
14057,rage
14060,mellow
14062,empath
14067,calm
14070,empath
14072,grumpy
14074,empath
14091,rage
14094,mellow
14096,mellow
14097,calm
14100,empath
14102,empath
14104,mellow
14120,empath
14126,mellow
14127,mellow
14135,empath
14137,grumpy
14140,mellow
14141,grumpy
14142,rage
14143,grumpy
14145,calm
14147,calm
14149,empath
14154,grumpy
14161,mellow
14167,grumpy
14174,empath
14176,grumpy
14184,empath
14187,empath
14194,mellow
14197,mellow
14198,calm
14203,rage
14206,grumpy
14207,grumpy
14208,calm
14209,empath
14210,calm
14211,calm
14212,rage
14213,mellow
14214,empath
14215,rage
14225,calm
14226,mellow
14227,calm
14228,empath
14229,rage
14235,calm
14239,empath
14241,rage
14244,empath
14250,grumpy
14253,calm
14260,calm
14261,grumpy
14263,empath
14266,mellow
14272,rage
14276,rage
14277,grumpy
14280,mellow
14282,rage
14287,rage
14294,empath
14297,empath
14299,calm
14306,mellow
14310,calm
14311,rage
14318,empath
14326,grumpy
14333,grumpy
14336,grumpy
14337,mellow
14338,calm
14342,rage
14344,mellow
14345,mellow
14347,mellow
14366,calm
14371,empath
14375,empath
14378,grumpy
14381,mellow
14385,calm
14386,mellow
14393,grumpy
14396,grumpy
14397,empath
14400,empath
14408,mellow
14413,rage
14422,rage
14425,calm
14430,rage
14433,mellow
14434,rage
14440,empath
14444,grumpy
14450,rage
14456,grumpy
14461,rage
14468,empath
14476,empath
14477,rage
14478,rage
14486,calm
14495,grumpy
14515,grumpy
14524,mellow
14525,empath
14527,grumpy
14529,empath
14532,grumpy
14539,mellow
14543,empath
14546,grumpy
14548,rage
14554,rage
14559,rage
14584,grumpy
14586,calm
14604,rage
14614,empath
14618,rage
14622,mellow
14624,grumpy
14628,empath
14636,empath
14639,calm
14644,rage
14645,empath
14653,rage
14654,rage
14659,mellow
14670,mellow
14676,grumpy
14686,calm
14689,calm
14690,mellow
14694,mellow
14712,mellow
14713,grumpy
14717,grumpy
14726,mellow
14730,calm
14746,empath
14753,rage
14754,rage
14756,mellow
14776,mellow
14783,calm
14793,mellow
14795,mellow
14796,calm
14797,empath
14799,mellow
14810,rage
14815,grumpy
14822,grumpy
14827,calm
14833,empath
14837,mellow
14838,grumpy
14843,mellow
14848,empath
14856,mellow
14859,mellow
14867,mellow
14870,grumpy
14901,empath
14911,calm
14914,rage
14918,empath
14926,empath
14934,mellow
14936,mellow
14938,grumpy
14943,calm
14949,empath
14954,empath
14959,empath
14984,calm
14990,grumpy
15028,empath
15029,grumpy
15033,rage
15036,calm
15045,empath
15047,empath
15049,rage
15059,rage
15060,rage
15070,mellow
15071,calm
15077,empath
15086,rage
15095,empath
15104,calm
15109,rage
15114,empath
15145,empath
15153,empath
15168,grumpy
15181,mellow
15182,calm
15198,grumpy
15200,rage
15224,grumpy
15225,grumpy
15237,rage
15266,mellow
15305,calm
15308,rage
15314,grumpy
15325,mellow
15341,calm
15355,grumpy
15361,mellow
15373,grumpy
15384,empath
15392,calm
15393,mellow
15398,rage
15421,grumpy
15422,grumpy
15439,calm
15447,empath
15451,calm
15473,rage
15482,grumpy
15509,rage
15525,calm
15561,rage
15607,rage
15611,empath
15624,grumpy
15633,empath
15674,empath
15700,calm
15701,mellow
15717,empath
15742,rage
15745,grumpy
15760,calm
15762,calm
15768,calm
15807,rage
15835,grumpy
15863,grumpy
15867,calm
15924,empath
15942,empath
15943,rage
15964,empath
15974,calm
15977,calm
15979,mellow
16002,grumpy
16003,mellow
16009,rage
16049,grumpy
16061,rage
16071,empath
16142,mellow
16145,mellow
16179,empath
16223,mellow
16282,empath
16310,rage
16330,empath
16372,rage
16393,empath
16411,rage
16425,empath
16433,rage
16458,empath
16509,calm
16530,mellow
16565,rage
16598,calm
16694,empath
16712,mellow
16839,mellow
16849,grumpy
16869,calm
16885,mellow
16887,empath
16916,grumpy
16993,mellow
16994,empath
17023,rage
17198,mellow
17212,calm
17307,calm
17394,empath
17426,rage
17578,grumpy
17706,empath
17752,grumpy
17845,grumpy
17870,rage
17885,calm
18035,mellow
18124,mellow
18238,empath
18390,calm
18640,mellow
18647,grumpy
18763,grumpy
19093,rage
19122,empath
19454,calm
20010,rage
20635,grumpy
21308,grumpy
21315,rage
21553,mellow
22352,rage
23008,calm
23031,calm
