target_user_id,label
1,grumpy
2,grumpy
3,grumpy
4,grumpy
5,rage
6,mellow
7,grumpy
8,grumpy
9,mellow
10,calm
11,grumpy
12,rage
13,mellow
14,rage
15,grumpy
16,mellow
17,calm
18,grumpy
19,mellow
20,empath
21,grumpy
22,rage
23,rage
24,grumpy
25,empath
26,grumpy
27,calm
28,rage
29,mellow
30,rage
31,grumpy
32,grumpy
33,grumpy
34,empath
35,empath
36,grumpy
37,rage
38,mellow
39,rage
40,rage
41,calm
42,empath
43,mellow
44,grumpy
45,mellow
46,rage
47,calm
48,grumpy
49,rage
50,calm
51,grumpy
52,rage
53,rage
54,calm
55,calm
56,empath
57,mellow
58,rage
59,grumpy
60,grumpy
61,empath
62,empath
63,rage
64,mellow
65,empath
66,mellow
67,grumpy
68,rage
70,rage
71,grumpy
72,grumpy
73,rage
74,grumpy
75,rage
76,calm
77,empath
78,empath
79,calm
80,rage
81,mellow
82,calm
83,rage
84,rage
85,grumpy
86,rage
87,mellow
88,grumpy
89,grumpy
90,grumpy
91,empath
92,empath
93,empath
94,rage
95,rage
96,empath
97,calm
98,rage
99,grumpy
100,mellow
101,calm
102,empath
103,rage
104,rage
105,rage
106,mellow
107,rage
108,empath
109,grumpy
110,calm
111,rage
112,calm
113,rage
114,empath
115,grumpy
116,empath
117,grumpy
118,mellow
119,rage
120,grumpy
121,grumpy
122,grumpy
123,mellow
124,mellow
125,calm
126,mellow
127,rage
128,calm
129,rage
130,calm
131,mellow
132,grumpy
133,grumpy
135,calm
136,rage
137,rage
138,mellow
139,mellow
140,rage
141,mellow
142,grumpy
143,grumpy
144,rage
145,empath
146,calm
147,rage
148,rage
149,grumpy
150,rage
151,calm
152,rage
153,mellow
154,empath
155,grumpy
156,rage
157,rage
158,mellow
159,grumpy
160,calm
161,grumpy
162,rage
163,rage
164,rage
165,calm
166,rage
167,empath
168,grumpy
169,grumpy
170,calm
171,calm
172,calm
173,mellow
174,grumpy
175,rage
176,calm
177,calm
178,empath
179,mellow
180,calm
181,rage
182,rage
183,mellow
184,grumpy
185,calm
186,grumpy
187,mellow
188,rage
189,rage
190,rage
191,empath
192,empath
193,calm
194,mellow
195,empath
196,empath
197,mellow
198,mellow
199,grumpy
200,rage
201,rage
202,grumpy
203,grumpy
204,rage
205,grumpy
206,empath
207,rage
208,calm
209,rage
210,grumpy
212,mellow
213,mellow
214,mellow
215,calm
216,rage
217,empath
218,calm
219,grumpy
220,mellow
221,empath
222,mellow
223,rage
224,grumpy
225,grumpy
226,mellow
227,calm
228,calm
229,grumpy
230,mellow
231,rage
232,empath
233,empath
234,rage
235,rage
236,calm
237,calm
238,empath
239,calm
240,grumpy
241,rage
242,empath
243,empath
244,mellow
245,rage
246,calm
247,mellow
248,mellow
249,calm
250,calm
251,mellow
252,mellow
253,grumpy
254,empath
255,grumpy
256,calm
257,mellow
258,grumpy
259,calm
260,grumpy
261,grumpy
262,empath
263,grumpy
264,grumpy
265,rage
266,grumpy
267,rage
268,rage
269,rage
270,grumpy
271,empath
272,grumpy
273,rage
274,mellow
275,empath
276,calm
277,calm
278,rage
279,mellow
280,calm
281,calm
282,grumpy
283,rage
284,mellow
285,grumpy
286,calm
287,grumpy
288,rage
289,rage
290,mellow
291,grumpy
292,mellow
293,rage
294,rage
295,rage
296,mellow
297,grumpy
298,grumpy
299,mellow
300,grumpy
301,empath
302,grumpy
303,grumpy
304,empath
305,mellow
306,rage
307,calm
308,empath
309,empath
310,grumpy
311,mellow
312,grumpy
313,grumpy
314,rage
315,empath
316,calm
317,mellow
318,calm
319,mellow
320,mellow
321,rage
322,mellow
323,calm
324,calm
325,rage
326,grumpy
327,calm
328,empath
329,mellow
330,mellow
331,mellow
332,empath
333,rage
334,grumpy
335,rage
336,rage
337,mellow
338,rage
339,rage
340,grumpy
341,mellow
342,rage
343,calm
344,grumpy
345,empath
346,rage
347,grumpy
348,calm
349,mellow
350,grumpy
351,mellow
352,rage
353,empath
354,calm
355,calm
356,mellow
357,grumpy
358,mellow
359,rage
360,rage
361,mellow
362,rage
363,rage
364,grumpy
365,grumpy
366,rage
367,calm
368,rage
369,mellow
370,calm
371,rage
372,mellow
373,rage
374,rage
375,empath
376,empath
377,mellow
378,rage
379,rage
380,mellow
381,mellow
382,calm
384,rage
385,rage
386,calm
387,calm
388,mellow
389,empath
390,grumpy
391,calm
392,calm
393,grumpy
394,empath
395,mellow
396,mellow
397,calm
398,mellow
399,calm
400,rage
401,calm
402,mellow
403,mellow
404,rage
405,rage
406,mellow
407,rage
408,grumpy
409,grumpy
410,grumpy
411,mellow
412,calm
413,grumpy
414,mellow
415,calm
416,calm
417,grumpy
418,grumpy
419,grumpy
420,rage
421,rage
422,grumpy
423,grumpy
424,grumpy
425,calm
426,rage
427,calm
428,mellow
429,rage
430,rage
431,grumpy
432,rage
433,mellow
434,rage
435,calm
436,rage
437,empath
438,empath
439,grumpy
440,mellow
441,mellow
442,rage
443,empath
444,calm
445,rage
446,calm
447,mellow
448,empath
449,mellow
450,rage
451,rage
452,mellow
453,calm
454,empath
455,grumpy
456,mellow
457,rage
458,mellow
459,rage
460,calm
461,calm
462,rage
463,calm
464,mellow
465,rage
466,rage
467,calm
468,calm
469,grumpy
470,rage
471,grumpy
472,grumpy
473,grumpy
474,empath
475,calm
476,mellow
477,mellow
478,rage
479,calm
480,mellow
481,rage
482,rage
483,calm
484,grumpy
485,rage
486,rage
487,mellow
488,mellow
489,empath
490,rage
491,mellow
492,rage
493,mellow
494,grumpy
495,rage
496,mellow
497,mellow
498,rage
499,grumpy
500,mellow
501,calm
502,grumpy
503,mellow
504,calm
505,rage
506,grumpy
507,calm
508,rage
509,grumpy
510,mellow
511,grumpy
512,calm
513,rage
514,calm
515,grumpy
516,mellow
517,empath
518,grumpy
519,mellow
520,empath
521,rage
522,mellow
523,mellow
524,mellow
525,empath
526,calm
527,grumpy
528,calm
529,rage
530,rage
531,mellow
532,calm
533,grumpy
534,mellow
535,grumpy
536,empath
537,calm
538,mellow
539,rage
540,grumpy
541,mellow
542,rage
543,rage
544,rage
545,calm
546,empath
547,empath
548,rage
549,mellow
550,mellow
551,grumpy
552,grumpy
553,rage
554,grumpy
555,rage
556,grumpy
557,grumpy
558,rage
559,calm
560,rage
561,mellow
562,rage
563,rage
564,rage
565,empath
566,grumpy
567,calm
568,grumpy
569,rage
570,mellow
571,calm
572,calm
573,rage
574,mellow
575,mellow
576,grumpy
577,mellow
578,empath
579,mellow
580,grumpy
581,grumpy
582,grumpy
583,empath
584,mellow
585,mellow
586,rage
587,grumpy
588,calm
589,grumpy
590,calm
591,grumpy
592,mellow
593,mellow
594,empath
595,empath
596,grumpy
597,mellow
598,mellow
599,grumpy
600,rage
601,rage
602,empath
603,mellow
604,empath
605,mellow
606,rage
607,calm
608,calm
609,calm
610,empath
611,calm
612,mellow
613,grumpy
614,mellow
615,calm
616,empath
617,mellow
618,mellow
619,mellow
620,rage
621,mellow
622,calm
623,grumpy
624,grumpy
625,rage
626,rage
627,mellow
628,calm
629,mellow
630,calm
631,grumpy
632,grumpy
633,empath
634,empath
635,rage
636,calm
637,calm
638,rage
639,rage
640,calm
641,grumpy
642,mellow
643,rage
644,mellow
645,empath
646,grumpy
647,calm
648,calm
649,rage
650,grumpy
651,mellow
652,grumpy
653,empath
654,mellow
655,grumpy
656,empath
657,grumpy
658,calm
659,rage
660,calm
661,rage
662,grumpy
663,rage
664,rage
665,rage
666,grumpy
667,rage
668,mellow
669,rage
670,rage
671,calm
672,rage
673,mellow
674,mellow
675,mellow
676,rage
677,grumpy
678,mellow
679,calm
680,grumpy
681,rage
682,calm
683,rage
684,grumpy
685,calm
686,mellow
687,grumpy
688,grumpy
689,empath
690,grumpy
691,grumpy
692,mellow
693,mellow
694,grumpy
695,rage
696,grumpy
697,mellow
698,mellow
699,grumpy
700,grumpy
701,empath
702,grumpy
703,calm
704,grumpy
705,empath
706,grumpy
707,mellow
708,grumpy
709,mellow
710,rage
711,rage
712,empath
713,grumpy
714,rage
715,grumpy
716,mellow
717,empath
718,mellow
719,grumpy
720,rage
721,mellow
722,rage
723,calm
724,grumpy
725,mellow
726,mellow
727,calm
728,mellow
729,grumpy
730,calm
731,mellow
732,calm
733,calm
734,mellow
735,grumpy
736,grumpy
737,grumpy
738,rage
739,rage
740,rage
741,empath
742,calm
743,mellow
744,grumpy
745,mellow
746,calm
747,mellow
748,mellow
749,grumpy
750,grumpy
751,mellow
752,empath
753,grumpy
754,rage
755,rage
756,rage
757,calm
758,grumpy
759,rage
760,grumpy
761,empath
762,calm
763,rage
764,mellow
765,rage
766,calm
767,empath
768,calm
769,mellow
770,grumpy
771,rage
772,rage
773,empath
774,calm
775,rage
776,grumpy
777,calm
778,grumpy
779,mellow
780,calm
781,mellow
782,rage
783,grumpy
784,grumpy
785,empath
786,grumpy
787,empath
788,empath
789,rage
790,calm
791,grumpy
792,grumpy
793,empath
794,grumpy
795,empath
796,rage
797,rage
798,mellow
799,grumpy
800,mellow
801,calm
802,grumpy
803,mellow
804,grumpy
805,grumpy
806,mellow
807,empath
808,rage
809,empath
810,rage
811,empath
812,mellow
813,grumpy
814,grumpy
815,calm
816,mellow
817,mellow
818,rage
819,grumpy
820,rage
821,mellow
822,rage
823,mellow
824,calm
825,rage
826,grumpy
827,rage
828,grumpy
829,calm
830,mellow
831,calm
832,grumpy
833,calm
834,rage
835,mellow
836,mellow
837,grumpy
838,grumpy
839,mellow
840,rage
841,mellow
842,rage
843,rage
844,mellow
845,mellow
846,mellow
847,grumpy
848,calm
849,empath
850,grumpy
851,empath
852,mellow
853,empath
854,calm
855,calm
856,mellow
857,rage
858,mellow
859,mellow
860,mellow
861,grumpy
862,rage
863,mellow
864,rage
865,rage
866,mellow
867,mellow
868,mellow
869,rage
870,mellow
871,calm
872,grumpy
873,mellow
874,rage
875,empath
876,mellow
877,rage
878,calm
879,empath
880,grumpy
881,rage
882,empath
883,empath
884,mellow
885,calm
886,mellow
887,grumpy
888,empath
889,rage
890,mellow
891,grumpy
892,empath
893,rage
894,grumpy
895,rage
896,grumpy
897,calm
898,rage
899,grumpy
900,empath
901,empath
902,rage
903,calm
904,empath
905,mellow
906,rage
907,grumpy
908,rage
909,rage
910,calm
911,calm
912,calm
913,grumpy
914,grumpy
915,calm
916,rage
917,calm
918,rage
919,grumpy
920,mellow
921,grumpy
922,calm
923,mellow
924,calm
925,grumpy
926,rage
927,empath
928,grumpy
929,empath
930,mellow
931,empath
932,rage
933,grumpy
934,mellow
935,calm
936,grumpy
937,empath
938,calm
939,mellow
940,rage
941,mellow
942,empath
943,mellow
944,rage
945,grumpy
946,empath
947,empath
948,grumpy
949,rage
950,calm
951,mellow
952,grumpy
953,mellow
954,empath
955,empath
956,empath
957,mellow
958,empath
959,calm
960,empath
961,calm
962,calm
963,calm
964,calm
965,calm
966,rage
967,empath
968,empath
969,mellow
970,empath
971,rage
972,calm
973,empath
974,grumpy
975,mellow
976,mellow
977,empath
978,calm
979,calm
980,grumpy
981,grumpy
982,grumpy
983,rage
984,rage
985,rage
986,rage
987,rage
988,calm
989,mellow
990,rage
991,rage
992,calm
993,empath
994,mellow
995,rage
996,grumpy
997,rage
998,grumpy
999,empath
1001,grumpy
1002,grumpy
1003,calm
1004,empath
1005,empath
1006,rage
1007,rage
1008,empath
1009,grumpy
1010,calm
1011,grumpy
1012,empath
1013,mellow
1014,mellow
1015,empath
1016,empath
1017,mellow
1018,mellow
1019,calm
1020,calm
1021,grumpy
1022,rage
1023,calm
1024,mellow
1025,empath
1026,rage
1027,rage
1028,grumpy
1029,empath
1030,mellow
1031,calm
1032,rage
1033,mellow
1034,calm
1035,grumpy
1036,grumpy
1037,calm
1038,rage
1039,calm
1040,rage
1041,calm
1042,mellow
1043,empath
1044,rage
1045,rage
1046,rage
1047,rage
1048,empath
1049,empath
1050,grumpy
1051,calm
1052,calm
1053,grumpy
1054,mellow
1055,rage
1056,empath
1057,grumpy
1058,grumpy
1059,calm
1060,mellow
1061,grumpy
1062,mellow
1063,rage
1064,rage
1065,mellow
1066,rage
1067,grumpy
1068,mellow
1069,calm
1070,rage
1071,grumpy
1072,calm
1073,grumpy
1074,mellow
1075,rage
1076,mellow
1077,grumpy
1078,rage
1079,rage
1080,rage
1081,rage
1082,calm
1083,grumpy
1084,calm
1085,grumpy
1086,rage
1087,grumpy
1088,rage
1089,calm
1090,empath
1091,calm
1092,mellow
1093,mellow
1094,empath
1095,mellow
1096,empath
1097,rage
1098,empath
1099,calm
1100,empath
1101,grumpy
1102,calm
1103,empath
1104,mellow
1105,empath
1106,rage
1107,empath
1108,mellow
1109,empath
1110,calm
1111,empath
1112,rage
1113,rage
1114,rage
1115,rage
1116,empath
1117,rage
1118,rage
1119,mellow
1120,empath
1121,mellow
1122,mellow
1123,grumpy
1124,empath
1125,calm
1126,empath
1127,empath
1128,mellow
1129,grumpy
1130,empath
1131,mellow
1132,rage
1133,grumpy
1134,grumpy
1135,grumpy
1136,grumpy
1137,calm
1138,mellow
1139,rage
1140,empath
1141,grumpy
1142,mellow
1143,calm
1144,mellow
1145,mellow
1146,mellow
1147,calm
1148,rage
1149,grumpy
1150,mellow
1151,calm
1152,grumpy
1153,calm
1154,empath
1155,calm
1156,calm
1157,calm
1158,grumpy
1159,mellow
1160,empath
1161,grumpy
1162,calm
1163,calm
1165,mellow
1166,grumpy
1167,grumpy
1168,mellow
1169,rage
1170,mellow
1171,grumpy
1172,rage
1173,mellow
1174,calm
1175,empath
1176,mellow
1177,grumpy
1178,empath
1179,mellow
1180,calm
1181,rage
1182,empath
1183,calm
1184,mellow
1185,grumpy
1186,mellow
1187,mellow
1188,rage
1189,mellow
1190,empath
1191,calm
1192,grumpy
1193,mellow
1194,empath
1195,mellow
1196,grumpy
1197,rage
1198,calm
1199,grumpy
1200,grumpy
1201,mellow
1202,rage
1203,rage
1204,mellow
1205,rage
1206,calm
1207,rage
1208,rage
1209,grumpy
1211,calm
1212,empath
1213,grumpy
1214,mellow
1215,rage
1216,mellow
1217,grumpy
1218,rage
1219,calm
1220,rage
1221,grumpy
1222,mellow
1223,rage
1224,rage
1225,mellow
1226,calm
1227,calm
1228,rage
1229,mellow
1230,calm
1231,rage
1232,rage
1233,grumpy
1234,rage
1235,rage
1236,rage
1237,empath
1238,grumpy
1239,rage
1240,mellow
1241,empath
1242,mellow
1243,rage
1244,empath
1245,calm
1246,mellow
1247,grumpy
1248,calm
1249,empath
1250,mellow
1251,grumpy
1252,empath
1253,grumpy
1254,calm
1255,calm
1256,calm
1257,grumpy
1258,empath
1259,grumpy
1260,rage
1261,empath
1262,calm
1263,mellow
1264,calm
1265,grumpy
1266,empath
1267,grumpy
1268,calm
1270,grumpy
1271,calm
1272,empath
1273,rage
1274,grumpy
1275,empath
1276,calm
1277,mellow
1278,calm
1279,grumpy
1280,empath
1281,mellow
1282,grumpy
1283,rage
1284,calm
1285,grumpy
1286,calm
1287,rage
1288,calm
1289,rage
1290,calm
1291,calm
1292,grumpy
1293,grumpy
1294,mellow
1295,calm
1296,grumpy
1297,mellow
1298,mellow
1299,rage
1300,calm
1301,calm
1302,mellow
1303,calm
1304,mellow
1305,empath
1306,mellow
1307,empath
1308,rage
1309,calm
1310,empath
1311,grumpy
1312,empath
1313,rage
1314,grumpy
1315,calm
1316,rage
1317,mellow
1318,empath
1319,grumpy
1320,empath
1321,rage
1322,grumpy
1323,empath
1324,mellow
1325,grumpy
1326,grumpy
1327,empath
1328,rage
1329,mellow
1330,grumpy
1331,calm
1332,mellow
1334,mellow
1335,grumpy
1336,calm
1337,calm
1338,grumpy
1339,rage
1340,grumpy
1341,mellow
1342,rage
1343,mellow
1344,grumpy
1345,calm
1346,mellow
1347,rage
1348,empath
1349,grumpy
1350,calm
1351,grumpy
1352,grumpy
1353,calm
1354,grumpy
1355,grumpy
1356,grumpy
1357,mellow
1358,rage
1359,rage
1360,rage
1361,grumpy
1362,mellow
1363,mellow
1364,calm
1365,grumpy
1366,mellow
1367,grumpy
1368,mellow
1369,calm
1370,grumpy
1371,grumpy
1372,grumpy
1373,rage
1374,rage
1375,rage
1376,rage
1377,empath
1378,calm
1379,rage
1380,mellow
1381,mellow
1382,empath
1383,empath
1384,rage
1385,grumpy
1386,empath
1387,calm
1388,rage
1389,empath
1390,empath
1391,mellow
1392,rage
1393,rage
1394,rage
1395,rage
1396,rage
1397,mellow
1398,grumpy
1399,empath
1400,calm
1401,rage
1402,rage
1403,rage
1404,grumpy
1405,calm
1406,calm
1407,rage
1408,grumpy
1409,empath
1410,rage
1411,grumpy
1412,grumpy
1413,calm
1414,grumpy
1415,calm
1416,grumpy
1417,mellow
1418,empath
1419,rage
1420,empath
1421,rage
1422,empath
1423,mellow
1424,empath
1425,grumpy
1426,mellow
1427,mellow
1428,grumpy
1429,grumpy
1430,empath
1431,rage
1432,empath
1433,rage
1434,mellow
1435,empath
1436,grumpy
1437,calm
1438,rage
1439,rage
1440,empath
1441,empath
1442,grumpy
1443,grumpy
1444,rage
1445,rage
1446,grumpy
1447,rage
1448,calm
1449,grumpy
1450,grumpy
1451,empath
1452,grumpy
1453,mellow
1454,mellow
1455,rage
1456,rage
1457,rage
1458,empath
1459,rage
1460,calm
1461,mellow
1462,grumpy
1463,grumpy
1464,calm
1465,grumpy
1466,rage
1467,mellow
1468,calm
1469,grumpy
1470,rage
1471,calm
1472,mellow
1473,mellow
1474,calm
1475,mellow
1476,empath
1477,grumpy
1478,rage
1479,rage
1480,grumpy
1481,mellow
1482,rage
1483,grumpy
1484,rage
1485,grumpy
1486,grumpy
1487,calm
1488,grumpy
1489,calm
1490,rage
1491,calm
1492,grumpy
1493,rage
1494,grumpy
1495,rage
1496,grumpy
1497,rage
1498,rage
1499,rage
1500,rage
1501,mellow
1502,mellow
1503,rage
1504,grumpy
1505,rage
1506,rage
1507,mellow
1508,mellow
1509,calm
1510,grumpy
1511,grumpy
1512,grumpy
1513,rage
1514,empath
1515,grumpy
1516,rage
1517,calm
1518,calm
1519,empath
1520,empath
1521,calm
1522,mellow
1523,calm
1524,calm
1525,grumpy
1526,mellow
1527,empath
1528,empath
1529,mellow
1530,calm
1531,grumpy
1532,mellow
1533,grumpy
1534,grumpy
1535,grumpy
1536,mellow
1537,mellow
1538,mellow
1539,rage
1540,mellow
1541,grumpy
1542,empath
1543,grumpy
1544,grumpy
1545,calm
1546,rage
1547,rage
1548,rage
1549,rage
1550,mellow
1551,calm
1552,grumpy
1553,rage
1554,mellow
1555,empath
1556,empath
1557,calm
1558,mellow
1559,mellow
1560,calm
1561,grumpy
1562,calm
1563,mellow
1564,mellow
1565,rage
1566,grumpy
1567,rage
1568,empath
1569,mellow
1570,empath
1571,mellow
1572,grumpy
1573,mellow
1574,rage
1575,rage
1576,grumpy
1577,mellow
1578,empath
1579,rage
1580,mellow
1581,mellow
1582,mellow
1583,grumpy
1584,mellow
1585,grumpy
1586,calm
1587,rage
1588,empath
1589,empath
1590,rage
1591,empath
1592,rage
1593,calm
1594,calm
1595,calm
1596,empath
1597,grumpy
1598,calm
1599,mellow
1600,mellow
1601,mellow
1602,rage
1603,empath
1604,rage
1605,grumpy
1606,calm
1607,mellow
1608,grumpy
1609,grumpy
1610,grumpy
1611,mellow
1612,empath
1613,mellow
1614,empath
1615,empath
1616,calm
1617,mellow
1618,mellow
1619,mellow
1620,grumpy
1621,rage
1622,mellow
1623,mellow
1624,calm
1625,grumpy
1626,rage
1627,rage
1628,empath
1629,empath
1630,calm
1631,rage
1632,calm
1633,mellow
1634,rage
1635,grumpy
1636,grumpy
1637,calm
1638,empath
1639,mellow
1640,empath
1641,grumpy
1642,empath
1643,empath
1644,rage
1645,grumpy
1646,rage
1647,calm
1648,empath
1649,mellow
1650,grumpy
1651,empath
1652,rage
1653,empath
1654,grumpy
1655,rage
1656,empath
1657,empath
1658,grumpy
1659,rage
1660,mellow
1661,grumpy
1662,grumpy
1663,rage
1664,grumpy
1665,rage
1666,grumpy
1667,mellow
1668,grumpy
1669,mellow
1670,grumpy
1671,calm
1672,grumpy
1673,rage
1674,empath
1675,empath
1676,mellow
1677,calm
1678,empath
1679,mellow
1680,grumpy
1681,grumpy
1682,rage
1683,calm
1684,grumpy
1685,grumpy
1686,mellow
1687,grumpy
1688,mellow
1689,grumpy
1690,mellow
1691,grumpy
1692,empath
1693,calm
1694,empath
1695,rage
1696,calm
1697,empath
1698,grumpy
1699,grumpy
1700,grumpy
1701,empath
1702,grumpy
1703,mellow
1704,calm
1705,rage
1706,rage
1707,empath
1708,mellow
1709,empath
1710,calm
1711,grumpy
1712,rage
1713,rage
1714,mellow
1715,mellow
1716,calm
1717,rage
1718,mellow
1719,calm
1720,mellow
1721,grumpy
1722,grumpy
1723,rage
1724,mellow
1725,rage
1726,grumpy
1727,rage
1728,grumpy
1729,calm
1730,rage
1731,calm
1732,mellow
1733,empath
1734,rage
1735,rage
1736,empath
1737,empath
1738,calm
1739,rage
1740,calm
1741,grumpy
1742,mellow
1743,grumpy
1744,rage
1745,rage
1746,rage
1747,grumpy
1748,empath
1749,rage
1750,mellow
1751,rage
1752,mellow
1753,calm
1754,rage
1755,rage
1756,mellow
1757,grumpy
1758,mellow
1759,calm
1760,empath
1761,mellow
1762,empath
1763,grumpy
1764,mellow
1765,empath
1766,rage
1767,rage
1768,mellow
1769,rage
1770,empath
1771,mellow
1772,mellow
1773,empath
1774,calm
1775,mellow
1776,rage
1777,rage
1778,calm
1779,rage
1780,mellow
1781,calm
1782,rage
1783,rage
1784,grumpy
1785,empath
1786,mellow
1787,mellow
1788,rage
1789,mellow
1790,mellow
1791,rage
1792,rage
1793,mellow
1794,calm
1795,calm
1796,grumpy
1797,grumpy
1799,rage
1800,empath
1801,mellow
1802,empath
1803,rage
1804,empath
1805,calm
1806,grumpy
1807,calm
1808,grumpy
1809,mellow
1810,calm
1811,empath
1812,empath
1813,empath
1814,rage
1815,rage
1816,empath
1817,calm
1818,rage
1819,rage
1820,mellow
1821,empath
1822,empath
1823,grumpy
1824,empath
1825,empath
1826,rage
1827,calm
1828,calm
1829,grumpy
1830,calm
1831,mellow
1832,grumpy
1833,rage
1834,rage
1835,calm
1836,rage
1837,empath
1838,grumpy
1839,grumpy
1840,mellow
1841,calm
1842,rage
1843,rage
1844,empath
1845,calm
1846,calm
1847,calm
1848,empath
1849,rage
1850,calm
1851,calm
1852,calm
1853,empath
1854,empath
1855,grumpy
1856,grumpy
1857,empath
1858,mellow
1859,empath
1860,rage
1861,mellow
1862,empath
1863,calm
1864,grumpy
1865,mellow
1866,mellow
1867,empath
1868,rage
1869,rage
1870,calm
1871,mellow
1872,calm
1873,calm
1874,calm
1875,mellow
1876,grumpy
1877,empath
1878,grumpy
1879,empath
1880,mellow
1881,grumpy
1882,calm
1883,empath
1884,empath
1885,rage
1886,mellow
1887,grumpy
1888,grumpy
1889,mellow
1890,empath
1891,calm
1892,calm
1893,rage
1894,empath
1895,calm
1896,empath
1897,empath
1898,calm
1899,rage
1900,mellow
1901,calm
1902,grumpy
1903,mellow
1904,empath
1905,rage
1906,grumpy
1907,mellow
1908,calm
1909,rage
1910,empath
1911,mellow
1912,grumpy
1913,rage
1914,rage
1915,rage
1916,rage
1917,grumpy
1918,mellow
1919,grumpy
1920,empath
1921,rage
1922,empath
1923,mellow
1924,mellow
1925,rage
1926,calm
1927,calm
1928,grumpy
1929,grumpy
1930,grumpy
1931,grumpy
1932,empath
1933,rage
1934,mellow
1935,calm
1936,grumpy
1937,mellow
1938,rage
1939,rage
1940,calm
1941,mellow
1942,grumpy
1943,empath
1944,rage
1945,grumpy
1946,mellow
1947,rage
1948,rage
1949,grumpy
1950,empath
1951,rage
1952,grumpy
1953,rage
1954,mellow
1955,calm
1956,mellow
1957,grumpy
1958,empath
1959,rage
1960,grumpy
1961,rage
1962,rage
1963,calm
1964,empath
1965,mellow
1966,mellow
1967,mellow
1968,grumpy
1969,mellow
1970,rage
1971,empath
1972,rage
1973,calm
1974,calm
1975,empath
1976,calm
1977,mellow
1978,grumpy
1979,grumpy
1980,calm
1981,calm
1982,rage
1983,rage
1984,mellow
1985,mellow
1986,grumpy
1987,grumpy
1988,calm
1989,rage
1990,rage
1991,mellow
1992,empath
1993,rage
1994,rage
1995,calm
1996,calm
1997,grumpy
1998,empath
1999,calm
2000,rage
2001,rage
2002,calm
2003,rage
2004,empath
2005,empath
2006,rage
2007,rage
2008,calm
2009,grumpy
2010,mellow
2011,mellow
2012,grumpy
2013,rage
2014,mellow
2015,rage
2016,empath
2017,rage
2018,calm
2019,empath
2020,grumpy
2021,rage
2022,mellow
2023,rage
2024,calm
2025,empath
2026,grumpy
2027,mellow
2028,rage
2029,mellow
2030,grumpy
2031,rage
2032,mellow
2033,empath
2034,empath
2035,rage
2036,grumpy
2037,rage
2038,grumpy
2039,rage
2040,rage
2041,grumpy
2042,calm
2043,grumpy
2044,rage
2045,mellow
2046,empath
2047,calm
2048,grumpy
2049,mellow
2050,empath
2051,grumpy
2052,rage
2053,mellow
2054,grumpy
2055,rage
2056,empath
2057,mellow
2058,mellow
2059,mellow
2060,rage
2061,mellow
2062,rage
2063,mellow
2064,empath
2065,grumpy
2066,calm
2067,grumpy
2068,empath
2069,mellow
2070,calm
2071,rage
2072,calm
2073,rage
2074,rage
2075,mellow
2076,grumpy
2077,rage
2078,empath
2079,mellow
2080,rage
2081,grumpy
2082,mellow
2083,rage
2084,calm
2085,calm
2086,rage
2087,mellow
2088,rage
2089,calm
2090,grumpy
2091,mellow
2092,mellow
2093,grumpy
2094,calm
2095,rage
2096,empath
2097,calm
2098,rage
2099,rage
2100,rage
2101,grumpy
2102,rage
2103,calm
2104,grumpy
2105,empath
2106,rage
2107,grumpy
2108,rage
2109,calm
2110,calm
2111,grumpy
2112,rage
2113,calm
2114,empath
2115,calm
2116,mellow
2117,empath
2118,mellow
2119,empath
2120,rage
2121,rage
2122,mellow
2123,calm
2124,rage
2125,rage
2126,empath
2127,empath
2128,grumpy
2129,rage
2130,calm
2131,mellow
2132,calm
2133,mellow
2134,mellow
2135,calm
2136,calm
2137,rage
2138,calm
2139,grumpy
2140,empath
2141,empath
2142,rage
2143,grumpy
2144,empath
2145,grumpy
2146,calm
2147,mellow
2148,grumpy
2149,rage
2150,grumpy
2151,grumpy
2152,calm
2153,grumpy
2154,grumpy
2155,rage
2156,rage
2157,grumpy
2158,calm
2159,grumpy
2160,rage
2161,mellow
2162,rage
2163,rage
2164,rage
2165,calm
2166,grumpy
2167,rage
2168,empath
2169,rage
2170,calm
2171,calm
2172,calm
2173,calm
2174,mellow
2175,rage
2176,rage
2177,calm
2178,mellow
2179,mellow
2180,rage
2181,rage
2182,grumpy
2183,grumpy
2184,calm
2185,rage
2186,calm
2187,rage
2188,calm
2189,rage
2190,calm
2191,grumpy
2192,mellow
2193,rage
2194,grumpy
2195,calm
2196,rage
2197,rage
2198,rage
2199,grumpy
2200,grumpy
2201,empath
2202,rage
2203,mellow
2204,mellow
2205,calm
2206,rage
2207,empath
2208,calm
2209,rage
2210,rage
2211,rage
2212,empath
2213,grumpy
2214,grumpy
2215,grumpy
2216,empath
2217,grumpy
2218,calm
2219,grumpy
2220,calm
2221,grumpy
2222,rage
2223,rage
2224,calm
2225,mellow
2226,calm
2227,empath
2228,rage
2229,rage
2230,mellow
2231,rage
2232,rage
2233,mellow
2234,mellow
2235,mellow
2236,grumpy
2237,calm
2238,grumpy
2239,mellow
2240,rage
2241,rage
2242,empath
2243,calm
2244,grumpy
2245,calm
2246,calm
2247,calm
2248,mellow
2249,mellow
2250,rage
2251,empath
2252,rage
2253,grumpy
2254,empath
2255,empath
2256,empath
2257,empath
2258,calm
2259,empath
2260,mellow
2261,mellow
2262,mellow
2263,calm
2264,empath
2265,mellow
2266,empath
2267,empath
2268,empath
2269,calm
2270,calm
2271,mellow
2272,rage
2273,grumpy
2274,empath
2275,calm
2276,rage
2277,rage
2278,empath
2279,empath
2280,rage
2281,empath
2282,empath
2283,calm
2284,mellow
2285,rage
2286,rage
2287,rage
2288,empath
2289,rage
2290,rage
2291,mellow
2292,empath
2293,rage
2294,mellow
2295,mellow
2296,grumpy
2297,empath
2298,empath
2299,empath
2300,mellow
2301,calm
2302,rage
2303,grumpy
2304,rage
2305,rage
2306,empath
2307,empath
2308,rage
2309,rage
2310,calm
2311,empath
2312,rage
2313,calm
2314,grumpy
2315,rage
2316,mellow
2317,rage
2318,mellow
2319,grumpy
2320,rage
2321,calm
2322,empath
2323,mellow
2324,rage
2325,empath
2326,empath
2327,empath
2328,mellow
2329,empath
2330,rage
2331,empath
2332,grumpy
2333,rage
2334,mellow
2335,mellow
2336,grumpy
2337,calm
2338,rage
2339,grumpy
2340,mellow
2341,empath
2342,grumpy
2343,mellow
2344,calm
2345,grumpy
2346,rage
2347,mellow
2348,grumpy
2349,empath
2350,empath
2351,grumpy
2352,mellow
2353,grumpy
2354,calm
2355,empath
2356,rage
2357,rage
2358,grumpy
2359,mellow
2360,rage
2361,empath
2362,rage
2363,calm
2364,calm
2365,rage
2366,empath
2367,empath
2368,empath
2369,calm
2370,mellow
2371,rage
2372,rage
2373,empath
2374,empath
2375,empath
2376,grumpy
2377,rage
2378,mellow
2379,mellow
2380,calm
2381,empath
2382,rage
2383,grumpy
2384,mellow
2385,calm
2386,mellow
2387,empath
2388,mellow
2389,rage
2390,rage
2391,grumpy
2392,rage
2393,mellow
2394,rage
2395,grumpy
2396,mellow
2397,calm
2398,empath
2399,empath
2401,grumpy
2402,calm
2403,calm
2404,calm
2405,rage
2406,calm
2407,empath
2408,empath
2409,calm
2410,mellow
2411,rage
2412,empath
2413,rage
2414,rage
2415,mellow
2416,rage
2417,rage
2418,rage
2419,rage
2420,rage
2421,empath
2422,rage
2423,mellow
2424,rage
2425,grumpy
2426,empath
2427,empath
2428,empath
2429,rage
2430,mellow
2431,rage
2432,empath
2433,calm
2434,empath
2435,mellow
2436,calm
2437,rage
2438,empath
2439,rage
2440,empath
2441,rage
2442,grumpy
2447,mellow
2448,mellow
2449,rage
2450,mellow
2451,mellow
2452,empath
2453,mellow
2455,grumpy
2458,grumpy
2459,mellow
2460,empath
2462,mellow
2464,mellow
2465,calm
2466,empath
2467,empath
2469,mellow
2470,grumpy
2471,empath
2472,rage
2473,empath
2474,empath
2475,calm
2478,mellow
2479,calm
2480,mellow
2481,calm
2482,empath
2483,calm
2486,empath
2487,grumpy
2490,rage
2491,empath
2492,grumpy
2493,mellow
2494,grumpy
2495,rage
2496,rage
2498,mellow
2499,empath
2501,calm
2502,mellow
2503,mellow
2504,grumpy
2505,rage
2506,rage
2507,empath
2508,calm
2509,empath
2510,empath
2511,calm
2512,grumpy
2514,empath
2517,grumpy
2518,calm
2519,calm
2520,calm
2524,mellow
2525,rage
2526,calm
2527,mellow
2529,grumpy
2530,empath
2531,empath
2533,rage
2534,calm
2537,calm
2538,rage
2539,calm
2540,grumpy
2541,grumpy
2542,rage
2543,mellow
2544,mellow
2545,grumpy
2546,calm
2547,empath
2548,empath
2550,mellow
2552,grumpy
2553,calm
2554,empath
2555,empath
2556,rage
2557,empath
2558,grumpy
2559,grumpy
2561,grumpy
2562,grumpy
2566,grumpy
2567,mellow
2568,rage
2569,calm
2574,grumpy
2575,mellow
2576,calm
2577,grumpy
2578,grumpy
2579,grumpy
2580,mellow
2581,grumpy
2582,mellow
2583,mellow
2584,calm
2585,empath
2586,calm
2587,mellow
2589,empath
2590,empath
2591,mellow
2592,mellow
2593,rage
2595,rage
2596,grumpy
2597,calm
2601,empath
2602,rage
2604,grumpy
2605,mellow
2606,calm
2607,grumpy
2608,calm
2611,empath
2612,grumpy
2613,grumpy
2615,empath
2616,rage
2617,calm
2618,grumpy
2619,empath
2620,grumpy
2621,calm
2623,calm
2624,calm
2625,empath
2626,calm
2630,grumpy
2631,empath
2634,grumpy
2635,rage
2636,grumpy
2637,calm
2638,calm
2640,empath
2642,empath
2643,empath
2644,mellow
2645,grumpy
2646,rage
2648,calm
2650,calm
2651,rage
2652,rage
2653,empath
2654,empath
2655,grumpy
2656,grumpy
2657,mellow
2658,rage
2659,empath
2660,empath
2663,grumpy
2664,mellow
2666,calm
2667,grumpy
2668,calm
2669,calm
2670,mellow
2671,mellow
2672,rage
2674,rage
2675,empath
2676,empath
2677,calm
2678,mellow
2679,rage
2680,grumpy
2682,grumpy
2683,grumpy
2684,mellow
2685,mellow
2686,mellow
2687,rage
2688,rage
2690,calm
2691,rage
2692,empath
2693,calm
2694,empath
2696,rage
2698,rage
2699,grumpy
2700,empath
2701,mellow
2702,empath
2703,calm
2705,rage
2706,empath
2707,empath
2709,mellow
2710,calm
2712,mellow
2713,rage
2714,rage
2715,empath
2716,calm
2717,grumpy
2718,rage
2719,grumpy
2720,empath
2722,rage
2723,mellow
2724,calm
2727,calm
2728,empath
2729,mellow
2730,empath
2731,grumpy
2732,rage
2733,grumpy
2734,mellow
2735,grumpy
2736,mellow
2737,grumpy
2738,mellow
2739,empath
2740,calm
2741,calm
2742,rage
2743,empath
2744,mellow
2745,mellow
2746,mellow
2747,rage
2748,calm
2750,mellow
2751,rage
2752,grumpy
2753,rage
2755,grumpy
2756,mellow
2757,empath
2759,rage
2760,grumpy
2761,rage
2763,empath
2766,mellow
2769,rage
2770,rage
2772,rage
2773,rage
2774,empath
2776,calm
2777,grumpy
2778,empath
2780,rage
2781,rage
2782,empath
2783,calm
2784,mellow
2785,mellow
2786,mellow
2789,empath
2790,grumpy
2791,grumpy
2792,mellow
2793,mellow
2796,rage
2797,calm
2798,calm
2800,grumpy
2802,calm
2804,rage
2805,mellow
2806,grumpy
2808,grumpy
2810,mellow
2811,rage
2812,calm
2813,rage
2814,grumpy
2815,rage
2818,calm
2819,calm
2820,rage
2822,grumpy
2823,mellow
2824,calm
2826,calm
2827,calm
2828,rage
2829,mellow
2830,mellow
2831,grumpy
2832,grumpy
2833,mellow
2835,empath
2836,rage
2837,empath
2838,calm
2840,calm
2841,grumpy
2842,rage
2843,calm
2845,empath
2846,calm
2847,mellow
2848,empath
2849,grumpy
2850,rage
2851,mellow
2852,rage
2855,rage
2856,mellow
2857,mellow
2858,empath
2859,grumpy
2863,rage
2864,calm
2865,mellow
2866,empath
2867,mellow
2868,empath
2872,grumpy
2873,calm
2874,calm
2875,calm
2879,grumpy
2880,grumpy
2881,rage
2882,calm
2883,grumpy
2884,rage
2885,calm
2886,rage
2887,rage
2889,rage
2890,mellow
2891,rage
2892,empath
2894,rage
2895,calm
2896,calm
2897,rage
2899,grumpy
2902,calm
2903,calm
2904,mellow
2905,rage
2906,grumpy
2907,grumpy
2908,mellow
2909,calm
2911,calm
2912,mellow
2913,calm
2914,mellow
2915,mellow
2917,empath
2918,calm
2919,calm
2920,calm
2921,calm
2922,mellow
2923,empath
2924,empath
2925,empath
2926,grumpy
2927,mellow
2928,grumpy
2931,grumpy
2932,mellow
2933,mellow
2934,calm
2935,rage
2936,empath
2937,empath
2938,rage
2939,mellow
2942,empath
2943,grumpy
2944,calm
2945,calm
2947,mellow
2948,calm
2949,empath
2950,grumpy
2951,mellow
2953,mellow
2954,rage
2957,calm
2958,rage
2959,empath
2960,rage
2961,calm
2963,calm
2964,mellow
2965,grumpy
2967,empath
2971,mellow
2973,empath
2974,grumpy
2975,mellow
2976,grumpy
2977,grumpy
2979,calm
2980,rage
2981,mellow
2982,rage
2983,calm
2984,rage
2985,grumpy
2986,calm
2987,rage
2988,grumpy
2989,calm
2991,grumpy
2993,calm
2994,empath
2995,mellow
2996,empath
2998,empath
2999,empath
3000,grumpy
3002,mellow
3003,empath
3005,empath
3007,empath
3008,rage
3010,calm
3011,rage
3012,empath
3013,rage
3014,calm
3017,empath
3018,rage
3019,calm
3020,calm
3021,empath
3022,empath
3025,empath
3027,calm
3028,mellow
3030,grumpy
3031,empath
3032,grumpy
3033,empath
3034,grumpy
3035,empath
3036,rage
3037,mellow
3038,calm
3040,mellow
3041,grumpy
3044,calm
3045,calm
3046,empath
3048,empath
3049,calm
3050,rage
3051,mellow
3052,grumpy
3053,rage
3054,calm
3056,rage
3057,grumpy
3058,grumpy
3059,empath
3060,empath
3061,grumpy
3063,empath
3064,grumpy
3065,calm
3066,rage
3067,empath
3068,calm
3069,calm
3070,empath
3072,mellow
3073,rage
3074,grumpy
3075,calm
3076,grumpy
3077,empath
3080,rage
3081,calm
3083,mellow
3084,rage
3085,calm
3086,rage
3087,empath
3088,calm
3089,mellow
3090,mellow
3091,calm
3092,calm
3093,mellow
3097,mellow
3100,mellow
3104,rage
3106,empath
3107,calm
3108,rage
3109,calm
3110,grumpy
3113,calm
3116,mellow
3117,mellow
3118,calm
3120,empath
3121,rage
3122,empath
3124,calm
3125,mellow
3126,empath
3127,empath
3128,calm
3129,mellow
3131,empath
3132,grumpy
3133,grumpy
3135,grumpy
3136,calm
3137,empath
3138,empath
3139,rage
3140,empath
3141,empath
3143,empath
3145,grumpy
3147,grumpy
3148,grumpy
3149,rage
3150,grumpy
3153,mellow
3154,rage
3155,rage
3157,rage
3158,calm
3160,grumpy
3161,grumpy
3163,empath
3165,rage
3166,rage
3167,empath
3168,grumpy
3171,empath
3172,grumpy
3173,empath
3174,rage
3175,empath
3178,mellow
3179,mellow
3180,grumpy
3181,mellow
3183,rage
3187,rage
3188,calm
3189,empath
3190,grumpy
3191,rage
3192,calm
3193,mellow
3194,mellow
3195,mellow
3196,empath
3197,empath
3198,calm
3201,empath
3202,rage
3203,calm
3204,rage
3205,rage
3206,calm
3208,calm
3209,grumpy
3210,calm
3211,empath
3212,rage
3214,rage
3215,calm
3216,mellow
3217,grumpy
3218,empath
3219,calm
3220,rage
3221,rage
3222,rage
3223,rage
3224,calm
3225,empath
3226,calm
3227,mellow
3228,calm
3229,mellow
3230,rage
3231,mellow
3232,empath
3233,grumpy
3237,rage
3238,calm
3239,rage
3240,grumpy
3242,calm
3243,grumpy
3244,calm
3245,mellow
3246,calm
3247,mellow
3248,rage
3249,rage
3250,rage
3253,calm
3254,calm
3255,mellow
3258,mellow
3259,grumpy
3260,calm
3261,grumpy
3262,empath
3263,empath
3265,calm
3267,empath
3269,calm
3270,grumpy
3271,rage
3273,grumpy
3275,mellow
3277,grumpy
3278,mellow
3279,mellow
3280,rage
3281,rage
3283,grumpy
3284,rage
3287,empath
3288,grumpy
3289,rage
3291,rage
3292,mellow
3297,empath
3298,mellow
3299,rage
3300,empath
3302,calm
3303,mellow
3304,calm
3307,empath
3308,rage
3309,mellow
3310,empath
3311,calm
3312,grumpy
3313,rage
3316,calm
3317,grumpy
3320,grumpy
3321,empath
3322,empath
3325,rage
3326,grumpy
3327,grumpy
3328,mellow
3330,rage
3332,mellow
3333,empath
3334,empath
3335,calm
3336,grumpy
3337,empath
3339,mellow
3340,mellow
3341,rage
3342,mellow
3345,empath
3347,empath
3348,grumpy
3351,mellow
3353,calm
3354,rage
3356,grumpy
3358,empath
3359,calm
3360,mellow
3361,rage
3363,calm
3364,calm
3365,mellow
3366,mellow
3367,empath
3369,calm
3370,mellow
3372,rage
3373,grumpy
3374,calm
3375,mellow
3376,grumpy
3378,grumpy
3379,calm
3380,mellow
3381,mellow
3382,empath
3383,calm
3384,rage
3386,grumpy
3387,mellow
3388,rage
3389,empath
3390,calm
3392,rage
3393,mellow
3394,rage
3395,empath
3396,empath
3397,rage
3398,mellow
3399,empath
3400,rage
3401,grumpy
3402,rage
3403,empath
3405,mellow
3406,empath
3407,mellow
3409,empath
3414,calm
3416,rage
3417,empath
3418,mellow
3420,empath
3421,calm
3422,rage
3423,empath
3425,grumpy
3429,rage
3430,mellow
3431,empath
3432,grumpy
3433,empath
3434,calm
3437,calm
3439,grumpy
3440,empath
3443,mellow
3444,empath
3445,empath
3447,calm
3448,empath
3451,mellow
3452,grumpy
3453,grumpy
3454,mellow
3456,rage
3459,calm
3460,rage
3461,empath
3464,empath
3466,calm
3467,rage
3468,calm
3469,mellow
3470,empath
3471,empath
3473,grumpy
3474,grumpy
3475,mellow
3477,mellow
3478,calm
3479,mellow
3481,calm
3482,calm
3483,rage
3484,empath
3485,grumpy
3486,calm
3487,empath
3489,empath
3490,rage
3491,calm
3492,mellow
3493,calm
3495,mellow
3496,grumpy
3497,empath
3498,empath
3500,mellow
3502,empath
3503,calm
3504,empath
3505,grumpy
3506,grumpy
3508,rage
3509,calm
3510,empath
3511,empath
3513,rage
3514,mellow
3515,grumpy
3516,calm
3517,empath
3518,rage
3519,mellow
3520,rage
3521,grumpy
3523,mellow
3524,calm
3525,calm
3526,calm
3527,empath
3528,empath
3529,mellow
3530,empath
3531,rage
3532,rage
3533,grumpy
3535,empath
3536,rage
3537,calm
3538,rage
3541,mellow
3543,grumpy
3544,mellow
3547,calm
3548,mellow
3552,empath
3554,grumpy
3555,grumpy
3556,grumpy
3557,grumpy
3563,empath
3564,empath
3566,calm
3568,empath
3569,grumpy
3571,calm
3572,rage
3574,empath
3575,mellow
3576,mellow
3578,rage
3579,mellow
3580,calm
3581,calm
3582,calm
3583,empath
3585,mellow
3589,mellow
3590,grumpy
3591,grumpy
3592,calm
3594,empath
3595,empath
3596,empath
3597,empath
3598,empath
3599,mellow
3600,mellow
3601,calm
3603,calm
3604,calm
3606,rage
3608,rage
3609,grumpy
3611,mellow
3612,empath
3613,rage
3614,mellow
3616,calm
3617,calm
3618,grumpy
3619,grumpy
3621,mellow
3623,calm
3624,empath
3626,grumpy
3628,mellow
3630,empath
3631,calm
3633,mellow
3634,empath
3636,empath
3637,mellow
3638,mellow
3639,grumpy
3641,grumpy
3642,grumpy
3643,mellow
3644,empath
3647,empath
3649,mellow
3650,mellow
3651,calm
3653,calm
3654,rage
3657,rage
3658,mellow
3659,empath
3660,rage
3661,calm
3662,empath
3663,mellow
3665,empath
3666,grumpy
3667,grumpy
3668,rage
3670,empath
3672,mellow
3673,mellow
3674,mellow
3675,rage
3676,mellow
3677,empath
3679,grumpy
3681,rage
3683,rage
3684,empath
3685,calm
3686,rage
3687,calm
3688,mellow
3689,grumpy
3690,empath
3691,empath
3692,mellow
3694,empath
3695,rage
3696,calm
3697,mellow
3698,rage
3699,empath
3700,empath
3702,rage
3703,empath
3704,empath
3705,calm
3706,calm
3708,rage
3709,mellow
3710,calm
3714,calm
3715,mellow
3719,rage
3720,mellow
3722,grumpy
3723,rage
3724,rage
3726,calm
3728,calm
3729,grumpy
3730,rage
3731,mellow
3733,empath
3734,rage
3735,calm
3736,grumpy
3737,calm
3738,mellow
3740,mellow
3741,mellow
3744,empath
3745,rage
3746,rage
3747,empath
3751,empath
3752,rage
3753,empath
3754,rage
3755,empath
3756,empath
3758,empath
3759,calm
3760,grumpy
3761,grumpy
3763,rage
3764,mellow
3765,calm
3767,calm
3770,mellow
3771,empath
3772,grumpy
3773,calm
3774,calm
3776,grumpy
3777,rage
3778,empath
3779,empath
3780,grumpy
3784,empath
3785,mellow
3786,rage
3788,grumpy
3790,rage
3791,grumpy
3792,grumpy
3793,empath
3794,rage
3795,calm
3796,empath
3798,empath
3799,mellow
3800,calm
3801,rage
3802,rage
3803,grumpy
3805,grumpy
3806,rage
3808,calm
3809,grumpy
3810,mellow
3811,calm
3813,calm
3814,empath
3815,empath
3817,calm
3818,grumpy
3820,calm
3821,grumpy
3822,grumpy
3824,calm
3828,empath
3829,mellow
3830,empath
3831,calm
3832,rage
3833,grumpy
3835,empath
3837,grumpy
3838,mellow
3839,rage
3840,empath
3841,mellow
3843,rage
3844,mellow
3845,mellow
3846,calm
3848,calm
3849,rage
3850,calm
3851,grumpy
3853,empath
3855,rage
3856,mellow
3857,calm
3858,rage
3859,grumpy
3861,grumpy
3864,calm
3866,rage
3867,rage
3868,calm
3869,grumpy
3871,calm
3872,calm
3873,mellow
3874,empath
3875,grumpy
3876,calm
3877,calm
3878,rage
3880,rage
3881,grumpy
3884,grumpy
3886,grumpy
3887,calm
3889,calm
3890,calm
3891,grumpy
3892,mellow
3893,empath
3895,empath
3897,calm
3899,rage
3900,empath
3901,rage
3902,empath
3903,empath
3904,mellow
3905,empath
3906,mellow
3909,mellow
3912,rage
3913,mellow
3914,mellow
3916,empath
3917,grumpy
3918,mellow
3919,grumpy
3920,mellow
3924,grumpy
3925,calm
3926,empath
3927,rage
3928,mellow
3930,rage
3931,mellow
3932,rage
3934,mellow
3935,grumpy
3937,empath
3938,rage
3939,mellow
3940,grumpy
3942,rage
3944,grumpy
3946,empath
3947,grumpy
3948,calm
3949,grumpy
3950,grumpy
3951,calm
3953,empath
3956,empath
3957,empath
3958,grumpy
3959,empath
3960,mellow
3962,mellow
3964,mellow
3965,empath
3966,empath
3969,mellow
3971,calm
3972,grumpy
3974,grumpy
3975,mellow
3976,empath
3978,rage
3979,mellow
3980,rage
3981,empath
3982,grumpy
3984,empath
3985,calm
3986,empath
3987,calm
3988,rage
3989,rage
3990,empath
3991,empath
3993,mellow
3994,calm
3995,calm
3996,grumpy
3997,grumpy
3998,grumpy
3999,calm
4001,mellow
4002,mellow
4003,rage
4005,rage
4007,empath
4008,mellow
4009,rage
4010,calm
4011,calm
4012,mellow
4013,mellow
4014,empath
4015,grumpy
4018,mellow
4021,grumpy
4023,grumpy
4024,grumpy
4025,grumpy
4026,empath
4027,grumpy
4029,grumpy
4030,rage
4031,calm
4034,empath
4035,calm
4036,calm
4037,grumpy
4038,grumpy
4039,empath
4040,mellow
4041,grumpy
4042,empath
4045,calm
4046,mellow
4048,grumpy
4049,mellow
4050,calm
4052,rage
4054,calm
4055,mellow
4056,grumpy
4057,rage
4058,calm
4059,rage
4060,grumpy
4061,rage
4063,mellow
4064,empath
4066,empath
4067,empath
4068,empath
4069,grumpy
4070,rage
4071,mellow
4073,calm
4078,calm
4080,rage
4082,grumpy
4083,rage
4085,rage
4086,calm
4088,empath
4089,mellow
4090,mellow
4093,empath
4094,empath
4095,calm
4096,empath
4097,grumpy
4101,mellow
4102,mellow
4104,grumpy
4107,grumpy
4108,empath
4109,mellow
4111,mellow
4114,calm
4116,calm
4117,rage
4120,rage
4122,empath
4123,rage
4124,empath
4125,rage
4126,empath
4127,grumpy
4128,mellow
4129,empath
4130,empath
4131,rage
4132,calm
4134,calm
4136,mellow
4138,mellow
4139,calm
4142,empath
4143,rage
4144,mellow
4145,mellow
4147,grumpy
4148,rage
4150,mellow
4151,rage
4152,rage
4153,grumpy
4155,empath
4158,calm
4159,grumpy
4160,calm
4162,empath
4163,grumpy
4166,empath
4167,calm
4168,mellow
4170,rage
4171,mellow
4172,empath
4174,mellow
4175,empath
4176,grumpy
4177,empath
4178,grumpy
4179,empath
4181,calm
4182,grumpy
4183,rage
4184,grumpy
4185,grumpy
4187,empath
4189,mellow
4190,grumpy
4192,calm
4193,rage
4195,mellow
4196,empath
4197,calm
4200,calm
4201,grumpy
4202,grumpy
4203,mellow
4204,empath
4206,calm
4207,empath
4209,mellow
4210,grumpy
4211,grumpy
4213,rage
4214,grumpy
4215,mellow
4216,mellow
4217,rage
4218,empath
4219,rage
4220,mellow
4221,rage
4222,rage
4225,rage
4226,calm
4228,rage
4230,mellow
4231,grumpy
4232,rage
4234,calm
4235,calm
4236,calm
4237,calm
4238,empath
4239,empath
4240,grumpy
4241,empath
4242,rage
4243,grumpy
4244,grumpy
4245,rage
4248,empath
4249,calm
4250,empath
4252,mellow
4253,calm
4254,empath
4255,calm
4256,mellow
4257,empath
4258,grumpy
4259,mellow
4260,mellow
4261,calm
4265,empath
4266,grumpy
4267,calm
4268,mellow
4270,mellow
4271,calm
4272,grumpy
4273,rage
4274,calm
4277,mellow
4278,grumpy
4280,rage
4281,empath
4285,grumpy
4286,calm
4287,empath
4290,mellow
4291,calm
4293,calm
4294,mellow
4295,mellow
4297,empath
4298,rage
4299,mellow
4300,rage
4301,rage
4302,mellow
4304,calm
4305,calm
4307,calm
4310,empath
4312,mellow
4313,grumpy
4314,empath
4315,grumpy
4317,rage
4318,grumpy
4319,rage
4322,empath
4323,rage
4325,empath
4326,grumpy
4327,grumpy
4331,mellow
4332,empath
4333,grumpy
4335,mellow
4336,mellow
4337,calm
4338,rage
4339,empath
4340,mellow
4341,grumpy
4345,grumpy
4348,calm
4349,grumpy
4350,rage
4352,rage
4353,calm
4355,mellow
4356,grumpy
4357,grumpy
4359,empath
4360,rage
4361,rage
4364,rage
4365,grumpy
4366,calm
4367,calm
4368,calm
4369,mellow
4370,grumpy
4372,grumpy
4373,calm
4374,calm
4375,calm
4378,mellow
4379,rage
4380,mellow
4381,mellow
4382,empath
4383,rage
4384,calm
4385,rage
4386,empath
4388,rage
4389,empath
4390,grumpy
4391,empath
4392,rage
4393,mellow
4394,empath
4395,mellow
4397,grumpy
4398,empath
4399,mellow
4401,mellow
4402,empath
4403,mellow
4404,empath
4405,mellow
4406,rage
4407,calm
4408,mellow
4411,empath
4412,calm
4413,grumpy
4414,grumpy
4415,mellow
4416,mellow
4417,grumpy
4418,empath
4419,mellow
4421,rage
4422,mellow
4424,empath
4425,mellow
4427,grumpy
4429,mellow
4431,grumpy
4432,rage
4433,empath
4434,empath
4436,grumpy
4437,rage
4439,calm
4440,mellow
4442,mellow
4443,rage
4446,rage
4448,mellow
4451,calm
4453,mellow
4456,empath
4459,mellow
4460,grumpy
4464,rage
4465,mellow
4466,rage
4467,rage
4468,calm
4469,mellow
4471,mellow
4472,empath
4473,empath
4474,mellow
4475,grumpy
4476,empath
4477,empath
4478,rage
4479,mellow
4480,mellow
4481,mellow
4482,mellow
4484,grumpy
4486,calm
4487,grumpy
4488,calm
4489,empath
4490,empath
4492,grumpy
4494,calm
4495,grumpy
4499,rage
4501,empath
4502,grumpy
4503,rage
4504,rage
4506,calm
4509,empath
4511,empath
4512,mellow
4514,empath
4515,mellow
4516,mellow
4517,grumpy
4518,grumpy
4519,grumpy
4520,calm
4523,calm
4525,grumpy
4526,empath
4527,rage
4528,empath
4529,empath
4532,empath
4535,rage
4536,mellow
4537,empath
4538,rage
4539,calm
4540,empath
4542,rage
4543,calm
4544,calm
4545,calm
4546,empath
4547,grumpy
4548,calm
4549,empath
4552,calm
4554,rage
4555,mellow
4556,grumpy
4557,empath
4560,mellow
4561,mellow
4563,rage
4564,grumpy
4565,calm
4566,grumpy
4568,calm
4569,mellow
4570,rage
4571,grumpy
4572,mellow
4573,calm
4575,mellow
4578,rage
4579,mellow
4580,grumpy
4582,empath
4587,mellow
4588,rage
4589,empath
4590,mellow
4591,rage
4594,empath
4595,calm
4596,calm
4597,grumpy
4598,calm
4600,empath
4601,grumpy
4604,grumpy
4605,calm
4607,grumpy
4608,calm
4610,grumpy
4611,mellow
4612,rage
4613,calm
4614,rage
4616,empath
4617,empath
4619,mellow
4620,grumpy
4622,empath
4623,empath
4624,empath
4625,rage
4626,mellow
4627,calm
4628,mellow
4632,grumpy
4633,rage
4634,calm
4635,mellow
4638,empath
4639,grumpy
4640,rage
4641,calm
4642,empath
4643,rage
4644,grumpy
4645,calm
4646,empath
4647,mellow
4648,grumpy
4651,rage
4652,calm
4653,rage
4655,mellow
4656,calm
4657,rage
4658,mellow
4659,rage
4662,calm
4663,mellow
4664,rage
4666,calm
4667,rage
4668,empath
4669,rage
4672,grumpy
4673,calm
4674,mellow
4675,calm
4677,rage
4678,grumpy
4679,empath
4681,empath
4683,grumpy
4684,grumpy
4685,grumpy
4686,grumpy
4687,calm
4688,grumpy
4689,empath
4690,calm
4691,mellow
4692,grumpy
4694,calm
4695,empath
4696,empath
4698,mellow
4699,grumpy
4700,grumpy
4702,grumpy
4703,empath
4704,calm
4705,empath
4708,mellow
4711,mellow
4712,rage
4713,grumpy
4714,grumpy
4715,grumpy
4716,grumpy
4717,grumpy
4718,rage
4720,empath
4721,grumpy
4723,rage
4724,mellow
4725,empath
4726,grumpy
4727,mellow
4729,mellow
4730,calm
4731,calm
4732,calm
4734,empath
4735,mellow
4736,calm
4739,calm
4740,empath
4741,grumpy
4743,rage
4744,grumpy
4747,grumpy
4748,mellow
4749,rage
4751,rage
4753,rage
4755,calm
4757,rage
4759,mellow
4760,grumpy
4761,rage
4763,grumpy
4766,rage
4767,calm
4768,grumpy
4769,calm
4770,empath
4771,empath
4772,grumpy
4775,calm
4776,grumpy
4777,grumpy
4778,mellow
4779,empath
4780,mellow
4781,empath
4782,empath
4783,calm
4784,calm
4785,empath
4786,empath
4787,mellow
4789,grumpy
4790,mellow
4795,mellow
4796,empath
4797,mellow
4799,grumpy
4800,calm
4802,empath
4805,mellow
4806,rage
4807,mellow
4808,mellow
4810,mellow
4811,empath
4813,calm
4814,mellow
4815,grumpy
4816,rage
4817,mellow
4818,calm
4820,calm
4821,calm
4825,empath
4826,mellow
4827,empath
4829,mellow
4830,calm
4831,grumpy
4833,empath
4834,empath
4835,calm
4836,mellow
4838,grumpy
4840,mellow
4841,grumpy
4842,calm
4843,mellow
4845,empath
4847,mellow
4848,mellow
4849,mellow
4850,calm
4851,empath
4852,grumpy
4853,empath
4854,mellow
4855,grumpy
4856,calm
4857,calm
4858,empath
4859,empath
4860,calm
4861,rage
4862,calm
4863,mellow
4864,calm
4865,rage
4867,grumpy
4868,rage
4869,calm
4871,calm
4872,rage
4873,grumpy
4874,grumpy
4875,empath
4879,empath
4880,mellow
4881,rage
4882,rage
4884,mellow
4885,calm
4886,mellow
4887,calm
4888,rage
4889,grumpy
4891,grumpy
4892,grumpy
4893,grumpy
4894,calm
4895,empath
4896,rage
4897,empath
4898,mellow
4900,rage
4901,grumpy
4902,grumpy
4905,empath
4906,empath
4907,rage
4908,grumpy
4909,rage
4910,grumpy
4912,grumpy
4913,rage
4914,mellow
4915,mellow
4916,rage
4917,grumpy
4918,mellow
4919,grumpy
4920,empath
4921,empath
4922,empath
4923,rage
4925,calm
4927,rage
4928,mellow
4930,mellow
4931,calm
4932,calm
4933,rage
4934,mellow
4935,empath
4936,empath
4937,empath
4938,grumpy
4939,calm
4940,empath
4941,calm
4942,rage
4943,mellow
4945,rage
4946,grumpy
4947,calm
4948,empath
4949,empath
4950,mellow
4951,grumpy
4956,empath
4957,mellow
4958,grumpy
4959,mellow
4960,calm
4962,grumpy
4963,mellow
4965,rage
4966,calm
4967,calm
4970,calm
4972,calm
4978,mellow
4979,empath
4980,empath
4981,rage
4983,mellow
4984,calm
4985,grumpy
4987,grumpy
4988,grumpy
4989,grumpy
4990,empath
4991,mellow
4994,calm
4995,empath
4996,rage
4997,calm
4998,rage
4999,calm
5000,mellow
5001,mellow
5003,empath
5004,rage
5005,grumpy
5006,rage
5008,mellow
5009,grumpy
5010,mellow
5011,grumpy
5012,empath
5013,calm
5015,empath
5016,rage
5017,mellow
5018,rage
5022,rage
5024,rage
5025,grumpy
5026,calm
5027,rage
5028,grumpy
5029,rage
5030,grumpy
5031,empath
5033,calm
5034,empath
5038,empath
5039,calm
5040,grumpy
5041,calm
5042,empath
5043,rage
5044,mellow
5046,calm
5047,calm
5048,mellow
5049,rage
5052,calm
5053,empath
5058,mellow
5060,empath
5061,calm
5062,calm
5063,mellow
5064,calm
5065,grumpy
5068,grumpy
5070,rage
5073,rage
5075,calm
5076,empath
5077,grumpy
5078,mellow
5079,grumpy
5080,calm
5082,rage
5083,calm
5084,rage
5085,grumpy
5089,calm
5090,empath
5091,empath
5092,mellow
5093,empath
5094,calm
5095,grumpy
5097,calm
5099,rage
5100,mellow
5101,mellow
5102,calm
5103,empath
5104,empath
5105,rage
5107,empath
5108,grumpy
5110,rage
5112,mellow
5113,calm
5114,grumpy
5115,grumpy
5116,empath
5117,empath
5118,calm
5120,empath
5121,rage
5122,empath
5123,empath
5125,empath
5126,mellow
5127,calm
5128,grumpy
5129,empath
5130,calm
5131,empath
5132,calm
5133,empath
5135,grumpy
5136,mellow
5137,mellow
5138,calm
5139,grumpy
5141,empath
5142,empath
5143,rage
5146,calm
5147,rage
5148,empath
5149,calm
5150,grumpy
5152,mellow
5154,empath
5155,rage
5157,empath
5158,empath
5160,calm
5161,mellow
5162,mellow
5163,mellow
5166,empath
5167,grumpy
5168,rage
5169,calm
5170,mellow
5172,mellow
5174,rage
5175,grumpy
5176,empath
5178,rage
5179,rage
5180,empath
5181,calm
5182,rage
5184,empath
5185,empath
5186,empath
5187,rage
5189,grumpy
5190,grumpy
5191,mellow
5192,rage
5193,calm
5197,empath
5198,empath
5199,empath
5201,mellow
5202,calm
5203,empath
5205,calm
5206,rage
5209,calm
5211,calm
5213,empath
5214,grumpy
5215,empath
5216,empath
5217,rage
5219,calm
5220,rage
5222,empath
5223,grumpy
5224,empath
5225,empath
5226,calm
5228,calm
5229,calm
5231,rage
5232,rage
5234,empath
5236,mellow
5237,rage
5238,grumpy
5239,rage
5242,empath
5243,calm
5244,calm
5246,grumpy
5248,grumpy
5249,empath
5250,grumpy
5251,calm
5252,empath
5253,rage
5254,calm
5255,empath
5258,calm
5260,calm
5261,rage
5264,empath
5265,mellow
5266,calm
5267,calm
5268,grumpy
5269,mellow
5270,grumpy
5271,rage
5272,mellow
5274,calm
5275,rage
5276,mellow
5277,empath
5278,rage
5279,calm
5280,rage
5281,mellow
5282,calm
5284,grumpy
5285,calm
5286,rage
5287,mellow
5289,empath
5290,calm
5294,mellow
5295,empath
5296,empath
5297,rage
5300,rage
5302,grumpy
5304,calm
5305,grumpy
5306,rage
5307,rage
5308,grumpy
5309,grumpy
5310,rage
5311,grumpy
5312,mellow
5313,rage
5314,rage
5315,calm
5317,grumpy
5319,rage
5320,calm
5321,empath
5325,grumpy
5326,calm
5328,mellow
5329,grumpy
5331,calm
5332,rage
5333,rage
5334,mellow
5336,rage
5339,mellow
5341,mellow
5343,empath
5345,mellow
5347,mellow
5349,rage
5351,empath
5352,empath
5354,calm
5355,calm
5356,rage
5357,grumpy
5358,rage
5359,calm
5361,calm
5363,calm
5364,rage
5365,mellow
5367,rage
5368,mellow
5370,calm
5371,calm
5372,calm
5373,rage
5374,mellow
5378,rage
5379,mellow
5380,grumpy
5381,calm
5382,rage
5383,empath
5384,empath
5385,mellow
5386,empath
5389,empath
5391,mellow
5392,grumpy
5394,mellow
5395,empath
5397,mellow
5399,empath
5401,rage
5402,empath
5405,empath
5406,calm
5410,grumpy
5411,grumpy
5412,mellow
5416,calm
5417,empath
5418,empath
5420,empath
5421,empath
5422,grumpy
5424,grumpy
5430,calm
5431,empath
5433,mellow
5434,mellow
5435,empath
5436,rage
5437,calm
5438,calm
5439,grumpy
5440,rage
5441,grumpy
5442,calm
5443,empath
5444,grumpy
5445,rage
5446,empath
5448,grumpy
5451,grumpy
5452,empath
5453,empath
5455,rage
5456,empath
5457,calm
5458,grumpy
5461,calm
5464,calm
5465,empath
5466,calm
5467,mellow
5468,calm
5470,empath
5471,grumpy
5472,empath
5474,empath
5475,grumpy
5476,empath
5477,empath
5478,mellow
5479,mellow
5480,mellow
5481,calm
5482,mellow
5483,grumpy
5484,empath
5486,grumpy
5489,empath
5490,calm
5491,calm
5493,rage
5494,mellow
5496,empath
5499,mellow
5501,grumpy
5502,empath
5504,mellow
5506,mellow
5508,empath
5509,grumpy
5510,empath
5512,mellow
5513,grumpy
5514,calm
5516,empath
5517,calm
5518,mellow
5519,grumpy
5520,mellow
5521,empath
5523,grumpy
5525,rage
5526,rage
5528,empath
5529,mellow
5533,grumpy
5534,empath
5535,calm
5536,grumpy
5539,calm
5540,grumpy
5541,calm
5542,rage
5543,rage
5544,calm
5547,empath
5548,calm
5549,rage
5550,calm
5551,empath
5552,rage
5553,calm
5554,grumpy
5556,calm
5557,calm
5558,rage
5559,empath
5560,empath
5562,calm
5563,grumpy
5565,grumpy
5568,calm
5569,calm
5571,rage
5572,calm
5573,empath
5574,calm
5575,calm
5576,calm
5577,rage
5578,empath
5579,grumpy
5580,calm
5583,calm
5584,empath
5585,empath
5587,empath
5588,grumpy
5589,rage
5593,calm
5595,rage
5596,calm
5597,empath
5598,calm
5599,grumpy
5600,empath
5601,empath
5602,rage
5604,mellow
5605,calm
5606,calm
5607,empath
5608,empath
5609,empath
5610,mellow
5613,grumpy
5615,calm
5616,calm
5617,mellow
5619,rage
5620,grumpy
5621,grumpy
5622,rage
5623,grumpy
5624,rage
5626,calm
5627,grumpy
5628,grumpy
5630,grumpy
5632,calm
5633,calm
5635,mellow
5636,calm
5638,calm
5640,calm
5642,rage
5643,mellow
5644,mellow
5645,mellow
5646,calm
5649,rage
5651,empath
5652,rage
5653,calm
5655,grumpy
5656,grumpy
5657,mellow
5658,grumpy
5659,grumpy
5660,grumpy
5661,mellow
5663,calm
5664,rage
5665,rage
5666,rage
5667,mellow
5668,empath
5669,rage
5670,calm
5672,mellow
5673,grumpy
5674,rage
5675,empath
5676,calm
5677,rage
5678,calm
5680,empath
5681,calm
5682,grumpy
5683,grumpy
5684,calm
5689,grumpy
5691,empath
5693,grumpy
5694,empath
5696,mellow
5697,rage
5698,grumpy
5699,mellow
5700,mellow
5702,grumpy
5703,calm
5704,mellow
5706,calm
5707,calm
5709,mellow
5710,rage
5711,empath
5713,grumpy
5715,mellow
5716,grumpy
5717,grumpy
5719,calm
5721,grumpy
5722,empath
5723,empath
5725,calm
5726,rage
5727,mellow
5728,mellow
5729,mellow
5730,empath
5732,grumpy
5733,rage
5734,empath
5735,empath
5736,grumpy
5737,rage
5739,grumpy
5740,grumpy
5743,rage
5745,empath
5746,empath
5748,rage
5749,grumpy
5751,rage
5753,mellow
5754,mellow
5755,mellow
5756,calm
5757,empath
5759,rage
5760,calm
5762,rage
5764,empath
5767,mellow
5768,grumpy
5769,mellow
5770,calm
5771,empath
5772,empath
5773,rage
5774,rage
5776,empath
5778,calm
5780,grumpy
5782,empath
5783,calm
5786,mellow
5787,mellow
5788,grumpy
5789,grumpy
5790,calm
5791,empath
5792,calm
5795,mellow
5797,empath
5798,empath
5799,calm
5801,rage
5802,mellow
5804,rage
5805,calm
5806,calm
5807,empath
5809,rage
5810,empath
5813,calm
5815,rage
5816,calm
5817,grumpy
5818,mellow
5821,empath
5822,empath
5824,calm
5825,empath
5826,rage
5827,calm
5828,grumpy
5831,empath
5832,rage
5834,rage
5835,empath
5837,empath
5838,grumpy
5839,rage
5841,calm
5842,mellow
5844,calm
5846,empath
5849,grumpy
5850,empath
5851,calm
5852,rage
5853,grumpy
5854,rage
5855,calm
5856,calm
5857,grumpy
5859,rage
5861,empath
5862,grumpy
5864,mellow
5866,calm
5868,grumpy
5869,grumpy
5871,calm
5872,grumpy
5873,grumpy
5876,calm
5877,empath
5879,empath
5881,mellow
5883,calm
5884,empath
5885,rage
5887,grumpy
5888,calm
5889,calm
5890,calm
5891,rage
5892,empath
5894,calm
5899,empath
5900,grumpy
5901,empath
5902,calm
5904,empath
5906,calm
5907,mellow
5908,mellow
5910,rage
5911,empath
5914,rage
5916,empath
5917,calm
5919,rage
5920,rage
5921,grumpy
5922,rage
5923,calm
5924,rage
5926,calm
5927,grumpy
5928,grumpy
5930,mellow
5931,empath
5932,empath
5933,rage
5934,calm
5935,calm
5936,rage
5937,calm
5938,rage
5939,calm
5940,calm
5942,calm
5943,calm
5944,grumpy
5946,grumpy
5948,empath
5949,rage
5952,rage
5953,grumpy
5955,grumpy
5956,grumpy
5957,mellow
5958,empath
5959,empath
5960,empath
5961,grumpy
5962,mellow
5965,grumpy
5966,calm
5967,empath
5968,calm
5969,rage
5971,empath
5972,mellow
5977,calm
5979,rage
5982,empath
5983,mellow
5984,rage
5985,mellow
5988,calm
5989,mellow
5991,rage
5992,rage
5993,empath
5994,empath
5995,grumpy
5996,calm
5998,calm
5999,calm
6000,empath
6001,grumpy
6007,calm
6009,empath
6011,empath
6013,mellow
6014,empath
6016,calm
6018,calm
6021,rage
6023,mellow
6025,empath
6026,empath
6027,mellow
6029,empath
6031,grumpy
6032,calm
6036,rage
6039,grumpy
6041,rage
6043,grumpy
6044,rage
6047,empath
6049,empath
6050,grumpy
6051,grumpy
6052,grumpy
6054,mellow
6055,empath
6057,rage
6058,grumpy
6060,empath
6061,calm
6063,calm
6064,rage
6065,calm
6067,empath
6069,empath
6070,mellow
6072,grumpy
6073,grumpy
6074,mellow
6075,empath
6076,grumpy
6077,grumpy
6078,grumpy
6080,mellow
6081,mellow
6082,grumpy
6083,rage
6084,grumpy
6085,empath
6086,grumpy
6090,rage
6093,calm
6094,calm
6095,rage
6097,empath
6098,calm
6099,mellow
6100,rage
6101,empath
6102,rage
6103,mellow
6105,mellow
6108,empath
6109,grumpy
6110,rage
6111,grumpy
6112,empath
6113,empath
6116,grumpy
6117,rage
6118,grumpy
6120,calm
6121,empath
6122,empath
6123,rage
6124,mellow
6125,empath
6128,rage
6130,calm
6131,calm
6132,grumpy
6133,rage
6134,calm
6135,calm
6136,mellow
6137,rage
6139,rage
6140,grumpy
6142,grumpy
6143,grumpy
6145,rage
6146,mellow
6147,empath
6148,rage
6149,calm
6150,empath
6152,calm
6153,grumpy
6154,rage
6155,rage
6156,calm
6157,empath
6158,calm
6161,mellow
6167,grumpy
6169,mellow
6170,grumpy
6171,empath
6172,rage
6174,calm
6175,rage
6176,empath
6177,calm
6179,empath
6180,empath
6181,calm
6183,calm
6184,grumpy
6185,mellow
6186,mellow
6187,grumpy
6188,mellow
6190,rage
6192,calm
6193,calm
6194,mellow
6195,calm
6198,calm
6199,grumpy
6201,empath
6202,empath
6204,grumpy
6207,grumpy
6208,calm
6209,grumpy
6211,mellow
6212,mellow
6213,grumpy
6217,mellow
6219,mellow
6220,rage
6221,grumpy
6223,rage
6224,calm
6225,empath
6227,mellow
6228,calm
6229,empath
6230,rage
6232,mellow
6233,grumpy
6237,empath
6240,empath
6241,rage
6242,empath
6243,grumpy
6246,rage
6249,mellow
6250,calm
6251,mellow
6252,empath
6253,empath
6254,rage
6255,empath
6257,rage
6259,mellow
6260,mellow
6262,mellow
6263,grumpy
6264,mellow
6265,grumpy
6266,calm
6267,mellow
6268,rage
6269,grumpy
6270,mellow
6271,rage
6273,empath
6274,mellow
6276,empath
6277,rage
6278,calm
6279,mellow
6280,empath
6282,empath
6283,calm
6286,empath
6287,mellow
6288,grumpy
6289,rage
6291,empath
6292,mellow
6294,calm
6295,rage
6296,grumpy
6298,calm
6299,rage
6302,grumpy
6304,mellow
6305,grumpy
6311,grumpy
6312,empath
6313,rage
6315,grumpy
6316,empath
6317,mellow
6319,grumpy
6322,grumpy
6324,grumpy
6325,grumpy
6326,grumpy
6328,calm
6329,grumpy
6330,empath
6332,grumpy
6333,empath
6334,mellow
6335,mellow
6338,empath
6339,calm
6340,rage
6341,empath
6342,grumpy
6343,mellow
6344,calm
6346,grumpy
6350,rage
6351,mellow
6352,mellow
6353,empath
6355,grumpy
6360,calm
6362,grumpy
6364,calm
6365,mellow
6367,calm
6368,grumpy
6371,calm
6372,calm
6373,empath
6374,calm
6375,empath
6376,grumpy
6377,empath
6378,rage
6379,grumpy
6380,rage
6381,mellow
6382,calm
6383,rage
6385,calm
6386,mellow
6389,empath
6390,calm
6391,calm
6392,grumpy
6397,mellow
6398,mellow
6399,calm
6401,mellow
6403,rage
6404,empath
6407,rage
6408,grumpy
6416,empath
6418,calm
6420,calm
6421,empath
6427,empath
6429,grumpy
6432,calm
6433,mellow
6434,rage
6435,mellow
6436,mellow
6438,calm
6440,rage
6442,empath
6443,mellow
6444,grumpy
6445,empath
6446,grumpy
6448,empath
6449,rage
6450,empath
6451,grumpy
6456,grumpy
6457,rage
6459,mellow
6464,grumpy
6466,empath
6467,grumpy
6470,mellow
6471,empath
6472,mellow
6474,empath
6476,rage
6478,empath
6479,empath
6480,empath
6482,rage
6483,mellow
6484,calm
6485,calm
6488,rage
6489,rage
6490,rage
6493,calm
6495,mellow
6496,calm
6497,grumpy
6498,empath
6499,empath
6501,grumpy
6502,mellow
6503,calm
6504,empath
6506,rage
6507,empath
6508,empath
6509,rage
6510,mellow
6511,empath
6512,grumpy
6513,mellow
6514,rage
6515,mellow
6516,calm
6517,grumpy
6518,mellow
6519,rage
6521,grumpy
6523,empath
6525,empath
6526,grumpy
6527,mellow
6528,calm
6529,rage
6532,calm
6533,rage
6535,grumpy
6537,mellow
6538,calm
6539,calm
6540,grumpy
6541,rage
6542,mellow
6543,grumpy
6544,calm
6545,mellow
6546,calm
6548,calm
6549,grumpy
6553,calm
6555,empath
6557,grumpy
6558,calm
6560,calm
6561,mellow
6562,empath
6563,grumpy
6565,calm
6566,rage
6567,grumpy
6568,rage
6570,empath
6572,calm
6574,rage
6575,mellow
6577,empath
6578,mellow
6580,empath
6581,mellow
6583,mellow
6585,calm
6586,mellow
6587,empath
6588,empath
6589,grumpy
6590,mellow
6594,grumpy
6596,grumpy
6599,mellow
6600,grumpy
6601,rage
6602,empath
6603,empath
6605,grumpy
6606,grumpy
6607,mellow
6608,mellow
6609,grumpy
6610,grumpy
6611,grumpy
6613,mellow
6614,empath
6616,rage
6617,mellow
6620,mellow
6621,empath
6622,grumpy
6624,rage
6625,calm
6627,calm
6628,rage
6630,rage
6632,empath
6633,grumpy
6634,empath
6636,grumpy
6637,mellow
6638,grumpy
6639,empath
6640,mellow
6641,rage
6642,calm
6644,empath
6645,mellow
6646,calm
6647,grumpy
6648,empath
6650,calm
6652,empath
6655,rage
6658,empath
6659,empath
6661,calm
6663,mellow
6664,calm
6665,grumpy
6666,mellow
6667,grumpy
6668,grumpy
6669,mellow
6670,empath
6671,mellow
6672,calm
6673,calm
6674,grumpy
6675,mellow
6676,rage
6677,mellow
6678,grumpy
6679,mellow
6680,empath
6681,mellow
6682,mellow
6683,calm
6684,calm
6685,empath
6686,mellow
6690,grumpy
6691,calm
6693,empath
6696,mellow
6698,empath
6699,mellow
6700,grumpy
6701,mellow
6703,grumpy
6704,calm
6705,calm
6707,empath
6708,rage
6709,calm
6710,empath
6711,empath
6712,calm
6713,mellow
6716,calm
6717,empath
6718,mellow
6719,empath
6720,empath
6721,mellow
6722,grumpy
6723,empath
6725,rage
6726,calm
6728,calm
6729,empath
6730,grumpy
6731,grumpy
6732,mellow
6733,mellow
6734,calm
6736,grumpy
6737,calm
6738,grumpy
6739,mellow
6741,calm
6742,empath
6743,grumpy
6746,empath
6747,empath
6748,calm
6749,calm
6751,calm
6752,rage
6753,grumpy
6754,calm
6755,rage
6756,mellow
6757,empath
6758,grumpy
6759,calm
6760,mellow
6761,empath
6762,rage
6763,mellow
6766,empath
6767,calm
6768,mellow
6769,mellow
6771,rage
6772,calm
6773,empath
6776,grumpy
6780,rage
6783,grumpy
6785,mellow
6786,mellow
6788,empath
6789,grumpy
6790,empath
6793,empath
6796,empath
6797,mellow
6801,grumpy
6802,mellow
6803,empath
6805,calm
6806,grumpy
6807,grumpy
6810,calm
6812,empath
6814,calm
6815,rage
6816,grumpy
6817,grumpy
6818,empath
6819,grumpy
6823,grumpy
6824,rage
6825,calm
6827,grumpy
6831,grumpy
6832,grumpy
6833,empath
6834,mellow
6835,grumpy
6836,rage
6837,calm
6840,grumpy
6841,empath
6842,empath
6843,mellow
6845,rage
6849,empath
6850,rage
6851,calm
6853,grumpy
6854,empath
6855,rage
6856,mellow
6857,empath
6859,rage
6860,calm
6861,calm
6862,grumpy
6865,mellow
6866,empath
6867,mellow
6868,mellow
6869,empath
6870,empath
6871,mellow
6873,mellow
6874,rage
6875,mellow
6876,calm
6879,empath
6880,empath
6881,empath
6882,empath
6883,empath
6884,calm
6886,grumpy
6890,calm
6891,calm
6892,mellow
6895,mellow
6896,mellow
6897,empath
6898,mellow
6900,mellow
6902,empath
6903,empath
6905,grumpy
6909,mellow
6910,calm
6911,calm
6912,calm
6913,rage
6915,rage
6916,empath
6917,rage
6919,rage
6920,rage
6921,grumpy
6922,calm
6925,rage
6926,empath
6927,mellow
6929,mellow
6930,mellow
6931,empath
6932,mellow
6935,empath
6936,grumpy
6937,mellow
6938,grumpy
6940,rage
6942,rage
6943,mellow
6947,empath
6949,mellow
6950,empath
6951,empath
6953,mellow
6954,rage
6955,rage
6958,empath
6959,calm
6960,calm
6961,rage
6964,empath
6967,mellow
6969,grumpy
6971,rage
6972,mellow
6973,mellow
6974,calm
6976,rage
6978,empath
6980,rage
6981,grumpy
6983,grumpy
6985,grumpy
6989,empath
6991,mellow
6993,mellow
6994,calm
6995,grumpy
6996,grumpy
6997,grumpy
6998,calm
7000,calm
7001,empath
7003,grumpy
7004,empath
7005,empath
7006,calm
7007,mellow
7008,mellow
7009,empath
7010,grumpy
7012,rage
7014,grumpy
7015,mellow
7016,rage
7020,empath
7021,mellow
7022,empath
7023,mellow
7024,empath
7025,empath
7026,mellow
7027,rage
7028,rage
7029,grumpy
7033,calm
7034,grumpy
7035,rage
7036,grumpy
7037,mellow
7038,calm
7040,mellow
7041,rage
7043,empath
7046,mellow
7047,calm
7053,calm
7054,grumpy
7056,empath
7057,mellow
7059,calm
7060,mellow
7061,empath
7062,mellow
7063,mellow
7064,rage
7065,calm
7066,empath
7070,empath
7071,grumpy
7073,rage
7077,grumpy
7080,calm
7081,empath
7082,rage
7083,rage
7085,calm
7088,calm
7091,grumpy
7092,mellow
7093,grumpy
7094,rage
7096,mellow
7097,calm
7098,mellow
7100,rage
7101,calm
7103,empath
7104,rage
7105,rage
7106,calm
7107,rage
7108,calm
7110,mellow
7111,rage
7113,grumpy
7115,empath
7116,rage
7118,calm
7119,empath
7121,calm
7122,empath
7123,mellow
7124,mellow
7125,calm
7128,calm
7129,rage
7131,rage
7135,empath
7136,rage
7137,empath
7140,mellow
7141,calm
7144,grumpy
7145,mellow
7146,mellow
7147,grumpy
7149,calm
7150,calm
7151,empath
7152,rage
7153,grumpy
7157,calm
7158,rage
7159,rage
7162,calm
7163,grumpy
7164,mellow
7165,rage
7166,empath
7167,mellow
7168,rage
7169,rage
7170,mellow
7171,mellow
7172,mellow
7173,empath
7174,grumpy
7175,rage
7178,empath
7179,rage
7181,calm
7182,grumpy
7183,empath
7184,calm
7185,calm
7187,grumpy
7188,grumpy
7189,empath
7190,mellow
7193,calm
7194,grumpy
7200,grumpy
7201,empath
7202,grumpy
7203,rage
7204,rage
7205,rage
7206,grumpy
7207,rage
7208,mellow
7209,calm
7210,calm
7213,empath
7214,rage
7215,empath
7216,rage
7217,rage
7218,rage
7219,empath
7220,mellow
7221,grumpy
7222,calm
7223,grumpy
7224,rage
7225,grumpy
7228,calm
7229,grumpy
7231,rage
7233,rage
7234,grumpy
7236,rage
7238,mellow
7239,grumpy
7240,grumpy
7241,empath
7242,calm
7243,rage
7244,mellow
7247,rage
7248,mellow
7249,empath
7250,grumpy
7251,grumpy
7252,mellow
7253,rage
7254,rage
7256,empath
7257,rage
7258,mellow
7259,rage
7260,rage
7261,empath
7262,calm
7263,empath
7264,empath
7266,empath
7267,grumpy
7268,calm
7269,empath
7271,grumpy
7272,grumpy
7273,calm
7274,rage
7275,mellow
7276,empath
7277,grumpy
7278,grumpy
7279,grumpy
7280,rage
7281,calm
7282,mellow
7283,empath
7285,empath
7289,mellow
7291,empath
7293,mellow
7294,rage
7296,grumpy
7298,empath
7299,calm
7301,mellow
7303,empath
7304,mellow
7305,grumpy
7307,grumpy
7308,rage
7311,calm
7312,rage
7313,empath
7314,calm
7315,empath
7317,calm
7318,calm
7320,mellow
7321,calm
7323,grumpy
7327,empath
7328,mellow
7329,mellow
7332,rage
7336,rage
7337,rage
7338,mellow
7340,empath
7342,grumpy
7344,empath
7345,mellow
7346,grumpy
7347,calm
7348,calm
7349,mellow
7351,mellow
7352,grumpy
7353,grumpy
7354,calm
7355,grumpy
7357,mellow
7358,empath
7359,empath
7360,grumpy
7361,mellow
7362,mellow
7365,calm
7367,rage
7368,rage
7369,calm
7370,rage
7376,mellow
7377,calm
7378,grumpy
7379,empath
7381,grumpy
7382,rage
7383,mellow
7385,rage
7386,grumpy
7388,rage
7391,empath
7393,calm
7398,mellow
7399,mellow
7400,rage
7402,mellow
7405,calm
7407,grumpy
7409,mellow
7410,grumpy
7411,mellow
7412,rage
7413,mellow
7415,empath
7416,calm
7422,grumpy
7426,mellow
7427,mellow
7428,calm
7429,grumpy
7431,grumpy
7432,calm
7433,grumpy
7434,mellow
7435,calm
7436,empath
7437,rage
7438,empath
7439,rage
7441,calm
7442,mellow
7443,grumpy
7444,rage
7445,grumpy
7446,calm
7448,empath
7451,calm
7452,grumpy
7455,mellow
7457,rage
7459,grumpy
7460,empath
7462,grumpy
7464,calm
7465,empath
7469,mellow
7471,empath
7472,grumpy
7473,mellow
7474,rage
7475,rage
7476,calm
7477,calm
7479,empath
7480,calm
7482,grumpy
7483,empath
7486,rage
7487,calm
7488,rage
7489,calm
7492,empath
7493,mellow
7496,mellow
7497,mellow
7498,mellow
7499,mellow
7500,empath
7501,calm
7505,mellow
7506,mellow
7509,calm
7510,calm
7511,calm
7512,grumpy
7513,grumpy
7515,grumpy
7516,mellow
7518,empath
7521,rage
7522,grumpy
7523,mellow
7524,mellow
7525,mellow
7526,grumpy
7527,mellow
7528,calm
7530,mellow
7531,grumpy
7532,mellow
7533,mellow
7535,empath
7536,rage
7538,grumpy
7539,grumpy
7540,calm
7541,empath
7543,rage
7544,grumpy
7546,empath
7547,rage
7548,calm
7549,grumpy
7550,empath
7552,calm
7553,mellow
7554,empath
7555,rage
7556,calm
7557,empath
7559,calm
7560,grumpy
7561,calm
7562,mellow
7564,empath
7565,grumpy
7567,rage
7568,calm
7570,grumpy
7571,grumpy
7572,empath
7573,grumpy
7574,mellow
7576,rage
7577,empath
7578,grumpy
7580,grumpy
7581,mellow
7582,mellow
7583,mellow
7584,grumpy
7585,grumpy
7586,empath
7587,mellow
7588,empath
7589,empath
7591,rage
7592,empath
7595,mellow
7596,grumpy
7598,grumpy
7599,grumpy
7601,grumpy
7602,grumpy
7604,empath
7606,calm
7607,empath
7608,grumpy
7609,empath
7610,empath
7611,empath
7612,grumpy
7613,mellow
7615,rage
7616,empath
7618,rage
7621,calm
7623,mellow
7624,grumpy
7625,calm
7626,rage
7631,empath
7632,empath
7634,mellow
7635,empath
7636,grumpy
7637,empath
7638,calm
7639,grumpy
7641,empath
7642,mellow
7644,calm
7645,mellow
7646,grumpy
7647,calm
7648,calm
7650,calm
7654,empath
7655,calm
7656,calm
7657,grumpy
7660,empath
7661,calm
7662,rage
7663,calm
7664,grumpy
7666,calm
7667,rage
7668,grumpy
7669,empath
7670,mellow
7671,empath
7675,mellow
7676,grumpy
7677,empath
7678,mellow
7679,empath
7682,grumpy
7684,rage
7685,grumpy
7686,rage
7689,empath
7690,rage
7691,grumpy
7692,calm
7693,rage
7694,grumpy
7695,mellow
7696,empath
7697,mellow
7700,calm
7701,empath
7705,empath
7706,empath
7707,mellow
7709,calm
7710,calm
7714,empath
7716,empath
7717,calm
7718,calm
7719,mellow
7720,rage
7723,empath
7725,rage
7726,mellow
7727,empath
7728,calm
7729,calm
7730,calm
7731,grumpy
7733,grumpy
7734,calm
7735,empath
7736,mellow
7738,grumpy
7739,rage
7742,grumpy
7743,rage
7745,mellow
7746,mellow
7747,grumpy
7749,grumpy
7750,calm
7751,rage
7752,rage
7753,grumpy
7754,calm
7759,calm
7762,mellow
7763,rage
7764,grumpy
7765,rage
7767,empath
7768,mellow
7769,rage
7770,calm
7772,empath
7773,calm
7774,empath
7776,calm
7777,rage
7778,grumpy
7779,grumpy
7780,empath
7781,rage
7782,grumpy
7783,rage
7786,grumpy
7787,calm
7791,calm
7792,rage
7797,grumpy
7798,rage
7800,rage
7802,calm
7805,grumpy
7807,calm
7808,calm
7809,grumpy
7815,grumpy
7816,mellow
7818,calm
7819,mellow
7820,rage
7821,mellow
7822,rage
7823,calm
7824,calm
7826,rage
7827,calm
7830,grumpy
7831,grumpy
7834,rage
7835,rage
7836,calm
7837,grumpy
7838,calm
7839,grumpy
7840,calm
7842,rage
7844,mellow
7845,empath
7847,grumpy
7848,mellow
7850,mellow
7852,calm
7854,mellow
7855,calm
7856,calm
7857,grumpy
7858,rage
7859,calm
7861,empath
7863,mellow
7864,mellow
7865,grumpy
7867,calm
7869,empath
7870,empath
7872,rage
7873,mellow
7874,empath
7875,grumpy
7877,grumpy
7878,rage
7879,rage
7880,mellow
7881,mellow
7882,mellow
7883,empath
7884,calm
7885,grumpy
7886,rage
7889,grumpy
7890,empath
7891,grumpy
7894,calm
7895,calm
7896,empath
7897,mellow
7898,rage
7899,empath
7901,calm
7902,rage
7903,calm
7905,calm
7906,grumpy
7907,grumpy
7908,calm
7909,calm
7910,calm
7912,empath
7913,mellow
7917,empath
7918,calm
7919,calm
7920,grumpy
7921,mellow
7923,rage
7925,grumpy
7926,grumpy
7927,empath
7929,calm
7930,rage
7933,empath
7934,calm
7935,grumpy
7937,calm
7938,empath
7939,grumpy
7940,calm
7941,empath
7944,grumpy
7947,empath
7948,empath
7949,grumpy
7950,grumpy
7952,mellow
7954,rage
7956,calm
7957,mellow
7958,mellow
7959,mellow
7962,mellow
7963,empath
7965,mellow
7968,calm
7970,rage
7971,grumpy
7972,grumpy
7973,mellow
7974,empath
7975,rage
7977,empath
7978,grumpy
7979,mellow
7980,empath
7981,empath
7984,mellow
7985,rage
7990,calm
7992,rage
7994,calm
7996,empath
7997,mellow
7998,grumpy
8003,mellow
8005,empath
8006,mellow
8007,empath
8010,mellow
8014,rage
8016,empath
8017,grumpy
8018,mellow
8019,mellow
8020,mellow
8021,grumpy
8023,grumpy
8024,mellow
8025,calm
8026,rage
8027,calm
8028,mellow
8029,mellow
8031,mellow
8032,empath
8033,mellow
8034,calm
8035,mellow
8036,empath
8037,calm
8038,calm
8039,calm
8040,rage
8041,mellow
8042,empath
8043,rage
8045,empath
8048,grumpy
8049,calm
8051,empath
8052,empath
8054,calm
8055,rage
8057,rage
8058,calm
8059,mellow
8060,mellow
8061,calm
8062,mellow
8064,mellow
8068,rage
8071,calm
8073,calm
8074,rage
8075,mellow
8076,rage
8077,mellow
8078,grumpy
8079,mellow
8080,calm
8081,rage
8082,rage
8087,mellow
8090,calm
8092,mellow
8093,rage
8094,mellow
8095,mellow
8096,empath
8097,grumpy
8098,calm
8099,rage
8105,rage
8107,grumpy
8109,rage
8110,empath
8111,mellow
8113,rage
8114,empath
8115,calm
8116,grumpy
8119,empath
8120,rage
8121,rage
8124,empath
8125,calm
8126,grumpy
8127,calm
8130,rage
8132,empath
8134,grumpy
8136,grumpy
8137,grumpy
8139,mellow
8140,rage
8141,calm
8143,calm
8145,empath
8146,grumpy
8147,rage
8148,empath
8149,empath
8150,empath
8151,calm
8154,calm
8155,empath
8158,mellow
8162,grumpy
8164,grumpy
8165,calm
8166,calm
8168,mellow
8171,grumpy
8173,grumpy
8174,calm
8178,rage
8180,rage
8181,empath
8182,grumpy
8183,calm
8185,grumpy
8186,empath
8188,mellow
8189,calm
8192,mellow
8193,empath
8194,rage
8197,empath
8200,grumpy
8201,grumpy
8202,grumpy
8204,empath
8206,mellow
8209,rage
8210,rage
8211,empath
8212,rage
8213,grumpy
8215,calm
8216,grumpy
8217,mellow
8219,rage
8220,mellow
8222,empath
8223,mellow
8224,rage
8225,mellow
8226,empath
8228,grumpy
8229,empath
8232,rage
8233,grumpy
8234,empath
8236,rage
8238,grumpy
8239,grumpy
8240,empath
8241,calm
8242,calm
8243,calm
8245,mellow
8246,empath
8247,rage
8248,rage
8249,grumpy
8252,calm
8254,calm
8255,grumpy
8256,grumpy
8257,calm
8258,empath
8259,mellow
8260,calm
8261,empath
8263,mellow
8264,rage
8265,mellow
8267,calm
8268,mellow
8269,rage
8272,rage
8274,mellow
8276,grumpy
8277,mellow
8278,grumpy
8280,mellow
8281,calm
8282,mellow
8284,rage
8286,rage
8287,empath
8288,mellow
8294,calm
8295,mellow
8296,grumpy
8297,calm
8299,mellow
8300,calm
8301,calm
8303,grumpy
8304,grumpy
8305,rage
8308,mellow
8312,empath
8314,empath
8316,mellow
8317,rage
8318,empath
8321,calm
8322,mellow
8324,calm
8327,grumpy
8329,rage
8333,calm
8335,rage
8336,calm
8337,grumpy
8338,empath
8339,rage
8340,grumpy
8342,calm
8343,rage
8344,empath
8345,mellow
8349,calm
8351,mellow
8353,empath
8354,mellow
8355,grumpy
8357,empath
8359,rage
8361,calm
8362,rage
8363,rage
8365,grumpy
8368,grumpy
8369,grumpy
8370,grumpy
8371,calm
8372,empath
8374,mellow
8376,rage
8377,calm
8380,mellow
8381,rage
8382,empath
8383,mellow
8384,calm
8385,mellow
8389,calm
8392,empath
8393,grumpy
8397,rage
8399,mellow
8400,rage
8403,rage
8404,mellow
8405,rage
8406,mellow
8407,grumpy
8408,mellow
8411,calm
8412,empath
8414,empath
8415,calm
8416,grumpy
8417,rage
8419,empath
8420,rage
8421,mellow
8422,mellow
8423,calm
8425,empath
8426,mellow
8428,mellow
8429,grumpy
8430,mellow
8431,rage
8432,mellow
8434,mellow
8435,mellow
8436,calm
8438,empath
8440,mellow
8441,rage
8442,grumpy
8443,mellow
8444,rage
8446,rage
8449,empath
8450,mellow
8452,empath
8456,grumpy
8457,empath
8460,empath
8461,rage
8465,grumpy
8466,rage
8467,calm
8470,mellow
8471,empath
8472,mellow
8473,calm
8474,calm
8475,mellow
8476,empath
8477,mellow
8478,mellow
8479,mellow
8480,calm
8481,calm
8483,mellow
8484,empath
8485,rage
8486,calm
8487,mellow
8488,rage
8489,rage
8490,grumpy
8491,grumpy
8492,empath
8493,calm
8494,grumpy
8496,grumpy
8497,mellow
8498,grumpy
8499,rage
8501,empath
8502,rage
8503,rage
8505,grumpy
8506,mellow
8508,rage
8510,grumpy
8511,rage
8512,rage
8513,mellow
8514,calm
8517,mellow
8518,empath
8519,mellow
8520,calm
8522,rage
8524,grumpy
8525,mellow
8526,empath
8527,calm
8528,empath
8529,calm
8530,grumpy
8532,rage
8533,grumpy
8534,grumpy
8536,empath
8537,empath
8538,rage
8540,calm
8541,mellow
8544,calm
8546,mellow
8548,grumpy
8549,calm
8551,grumpy
8552,grumpy
8554,rage
8555,mellow
8557,calm
8558,mellow
8561,calm
8562,mellow
8563,rage
8568,empath
8572,grumpy
8573,grumpy
8574,empath
8575,empath
8577,calm
8578,calm
8580,calm
8582,rage
8583,calm
8585,calm
8586,grumpy
8587,calm
8588,calm
8589,rage
8591,grumpy
8592,grumpy
8593,rage
8594,grumpy
8595,calm
8596,calm
8597,calm
8599,grumpy
8601,grumpy
8602,mellow
8603,rage
8605,calm
8607,calm
8608,grumpy
8610,calm
8612,rage
8613,rage
8614,mellow
8617,mellow
8618,grumpy
8619,rage
8621,mellow
8623,rage
8624,empath
8625,rage
8627,grumpy
8629,grumpy
8630,calm
8632,calm
8633,grumpy
8636,calm
8637,calm
8640,empath
8641,grumpy
8642,empath
8646,calm
8648,grumpy
8649,grumpy
8651,rage
8652,mellow
8653,mellow
8655,calm
8656,calm
8658,rage
8664,grumpy
8665,grumpy
8666,calm
8667,calm
8669,grumpy
8670,rage
8671,mellow
8672,mellow
8674,rage
8675,grumpy
8677,grumpy
8678,rage
8679,rage
8680,calm
8684,rage
8686,grumpy
8687,mellow
8690,grumpy
8691,empath
8695,grumpy
8697,calm
8698,mellow
8700,empath
8704,calm
8705,grumpy
8707,calm
8709,grumpy
8710,grumpy
8711,calm
8713,rage
8714,grumpy
8715,rage
8716,empath
8717,rage
8718,empath
8720,calm
8721,calm
8723,calm
8724,calm
8725,mellow
8726,grumpy
8727,calm
8728,grumpy
8729,calm
8731,rage
8732,mellow
8734,mellow
8735,mellow
8736,calm
8737,mellow
8738,calm
8740,empath
8741,grumpy
8743,calm
8746,grumpy
8747,grumpy
8748,grumpy
8750,mellow
8751,empath
8752,calm
8753,grumpy
8754,grumpy
8755,calm
8756,mellow
8757,rage
8759,grumpy
8761,calm
8764,empath
8770,mellow
8772,empath
8773,mellow
8774,rage
8775,empath
8776,mellow
8777,grumpy
8778,grumpy
8779,mellow
8780,grumpy
8781,grumpy
8782,empath
8783,calm
8784,mellow
8785,empath
8786,grumpy
8787,rage
8789,empath
8791,empath
8792,empath
8793,grumpy
8794,mellow
8795,grumpy
8796,empath
8797,grumpy
8799,empath
8800,mellow
8801,grumpy
8802,calm
8803,rage
8804,empath
8805,rage
8806,grumpy
8808,grumpy
8810,grumpy
8811,rage
8812,empath
8814,calm
8815,mellow
8819,grumpy
8820,grumpy
8821,grumpy
8822,empath
8823,mellow
8827,mellow
8829,mellow
8830,grumpy
8831,mellow
8832,mellow
8833,grumpy
8834,grumpy
8835,rage
8836,mellow
8838,calm
8839,empath
8840,mellow
8842,rage
8843,rage
8844,calm
8845,rage
8846,grumpy
8847,rage
8848,mellow
8849,grumpy
8852,rage
8853,grumpy
8855,grumpy
8856,mellow
8858,calm
8861,mellow
8863,calm
8864,empath
8865,calm
8869,rage
8870,grumpy
8875,rage
8877,rage
8879,rage
8880,grumpy
8881,empath
8882,grumpy
8885,rage
8888,calm
8890,rage
8892,mellow
8895,rage
8896,empath
8902,rage
8903,mellow
8904,empath
8905,grumpy
8907,mellow
8909,mellow
8910,rage
8911,rage
8912,empath
8913,grumpy
8914,mellow
8916,mellow
8917,calm
8918,grumpy
8919,empath
8920,empath
8921,calm
8922,calm
8923,rage
8924,rage
8926,rage
8928,mellow
8929,empath
8931,empath
8932,rage
8933,empath
8935,rage
8936,mellow
8937,calm
8938,rage
8941,empath
8942,mellow
8943,empath
8944,empath
8945,empath
8946,grumpy
8947,grumpy
8949,grumpy
8950,rage
8951,calm
8952,mellow
8954,mellow
8956,grumpy
8957,calm
8959,rage
8960,grumpy
8961,grumpy
8962,grumpy
8965,calm
8969,mellow
8972,grumpy
8973,grumpy
8975,rage
8977,calm
8978,grumpy
8981,calm
8982,grumpy
8983,calm
8984,mellow
8985,calm
8986,calm
8987,empath
8988,empath
8989,grumpy
8990,empath
8992,calm
8993,empath
8994,mellow
8995,empath
8996,mellow
8999,empath
9000,grumpy
9002,grumpy
9003,calm
9004,mellow
9008,rage
9009,grumpy
9010,calm
9011,calm
9014,empath
9015,empath
9017,empath
9019,calm
9020,calm
9021,rage
9022,calm
9023,calm
9024,mellow
9025,empath
9026,rage
9027,rage
9028,calm
9029,mellow
9030,empath
9032,rage
9033,rage
9034,rage
9041,calm
9045,calm
9046,empath
9047,rage
9048,rage
9049,empath
9052,rage
9053,grumpy
9054,rage
9056,empath
9057,empath
9058,mellow
9060,calm
9062,empath
9063,mellow
9064,rage
9067,rage
9069,mellow
9070,empath
9071,rage
9073,mellow
9078,calm
9084,calm
9085,empath
9086,grumpy
9087,rage
9088,mellow
9090,calm
9092,mellow
9093,grumpy
9095,grumpy
9097,grumpy
9098,calm
9100,calm
9101,mellow
9102,mellow
9104,empath
9105,grumpy
9106,rage
9107,mellow
9108,grumpy
9111,calm
9112,grumpy
9113,empath
9115,rage
9116,rage
9117,grumpy
9118,rage
9119,rage
9120,empath
9121,rage
9123,rage
9124,rage
9126,calm
9127,empath
9128,mellow
9129,mellow
9130,empath
9131,rage
9132,empath
9134,grumpy
9135,mellow
9136,rage
9137,rage
9138,mellow
9139,empath
9140,rage
9141,rage
9142,grumpy
9143,empath
9144,rage
9147,mellow
9149,rage
9152,rage
9155,mellow
9156,grumpy
9157,rage
9158,calm
9159,calm
9160,mellow
9161,rage
9163,mellow
9164,grumpy
9165,calm
9167,grumpy
9169,empath
9170,mellow
9171,calm
9172,calm
9174,rage
9175,calm
9176,calm
9177,rage
9179,empath
9180,rage
9181,empath
9182,rage
9183,rage
9184,empath
9185,rage
9186,calm
9187,empath
9188,empath
9189,empath
9191,calm
9195,rage
9196,grumpy
9197,mellow
9200,rage
9202,mellow
9203,grumpy
9205,grumpy
9206,empath
9207,calm
9209,grumpy
9210,grumpy
9211,empath
9212,mellow
9213,empath
9214,rage
9216,grumpy
9217,calm
9218,mellow
9219,rage
9220,calm
9222,grumpy
9223,grumpy
9224,grumpy
9225,grumpy
9227,calm
9229,calm
9230,grumpy
9232,mellow
9233,grumpy
9234,grumpy
9235,mellow
9237,calm
9240,calm
9241,calm
9242,rage
9243,empath
9246,grumpy
9249,mellow
9250,calm
9251,empath
9252,grumpy
9253,rage
9254,grumpy
9255,rage
9257,calm
9258,mellow
9259,grumpy
9261,rage
9262,grumpy
9264,rage
9265,empath
9266,calm
9268,empath
9269,grumpy
9271,empath
9272,empath
9274,grumpy
9276,empath
9278,rage
9279,mellow
9281,grumpy
9284,grumpy
9286,grumpy
9287,empath
9288,mellow
9289,grumpy
9291,empath
9293,grumpy
9294,calm
9297,mellow
9299,calm
9300,calm
9301,calm
9302,empath
9303,mellow
9304,calm
9306,calm
9307,mellow
9308,calm
9309,mellow
9313,calm
9314,grumpy
9315,empath
9316,mellow
9317,empath
9318,empath
9319,rage
9321,mellow
9322,rage
9325,grumpy
9327,empath
9328,grumpy
9329,grumpy
9330,empath
9331,empath
9332,grumpy
9334,grumpy
9335,calm
9337,rage
9339,empath
9341,mellow
9343,mellow
9347,calm
9349,calm
9351,empath
9352,grumpy
9353,calm
9354,calm
9355,mellow
9357,empath
9358,rage
9359,mellow
9361,empath
9362,rage
9364,empath
9366,empath
9368,grumpy
9371,empath
9372,rage
9373,rage
9376,calm
9377,rage
9378,empath
9380,grumpy
9382,rage
9383,mellow
9384,rage
9385,empath
9386,rage
9387,calm
9388,mellow
9389,empath
9390,calm
9392,mellow
9393,empath
9394,calm
9395,empath
9398,mellow
9401,grumpy
9403,calm
9406,grumpy
9408,mellow
9409,mellow
9410,grumpy
9411,mellow
9412,mellow
9414,rage
9415,empath
9416,calm
9417,grumpy
9418,grumpy
9419,rage
9421,empath
9422,grumpy
9423,mellow
9424,empath
9426,empath
9427,calm
9428,empath
9431,calm
9433,empath
9434,rage
9435,mellow
9436,rage
9438,empath
9439,empath
9440,mellow
9442,calm
9443,rage
9444,grumpy
9445,calm
9447,calm
9450,empath
9451,mellow
9452,grumpy
9453,rage
9454,empath
9456,rage
9457,grumpy
9458,calm
9459,grumpy
9460,grumpy
9462,calm
9463,rage
9464,mellow
9465,grumpy
9466,rage
9467,empath
9470,empath
9472,empath
9475,grumpy
9476,grumpy
9478,grumpy
9479,rage
9483,rage
9484,calm
9485,calm
9486,grumpy
9487,empath
9488,calm
9489,mellow
9490,empath
9492,mellow
9493,calm
9494,mellow
9495,grumpy
9496,mellow
9497,empath
9499,empath
9501,grumpy
9503,mellow
9504,empath
9506,mellow
9507,empath
9511,mellow
9513,rage
9516,calm
9517,empath
9518,grumpy
9521,mellow
9524,empath
9525,empath
9526,mellow
9528,rage
9529,grumpy
9530,empath
9531,rage
9534,rage
9536,grumpy
9541,grumpy
9543,rage
9545,empath
9546,calm
9548,calm
9551,mellow
9552,rage
9557,calm
9558,calm
9559,grumpy
9560,rage
9561,mellow
9565,rage
9567,rage
9569,empath
9570,rage
9571,grumpy
9572,mellow
9575,empath
9578,empath
9579,grumpy
9580,empath
9583,grumpy
9584,mellow
9585,grumpy
9586,calm
9587,empath
9588,calm
9589,rage
9590,empath
9591,rage
9592,empath
9593,grumpy
9594,rage
9596,calm
9597,empath
9598,calm
9599,empath
9600,grumpy
9601,grumpy
9604,rage
9605,empath
9608,grumpy
9611,rage
9612,grumpy
9613,grumpy
9616,rage
9617,empath
9619,rage
9620,rage
9621,calm
9622,calm
9624,grumpy
9625,empath
9628,grumpy
9629,empath
9631,rage
9634,rage
9635,mellow
9636,calm
9638,calm
9640,mellow
9641,grumpy
9643,grumpy
9644,empath
9646,empath
9647,calm
9648,grumpy
9649,calm
9650,calm
9652,grumpy
9653,calm
9655,empath
9658,calm
9659,empath
9660,rage
9661,empath
9662,calm
9663,calm
9664,rage
9665,empath
9667,empath
9668,grumpy
9669,grumpy
9670,rage
9671,rage
9672,calm
9673,empath
9674,grumpy
9675,grumpy
9676,mellow
9679,calm
9680,mellow
9681,rage
9685,calm
9686,empath
9688,grumpy
9689,calm
9690,calm
9691,calm
9693,mellow
9694,rage
9695,empath
9696,calm
9698,calm
9700,mellow
9701,empath
9706,rage
9707,grumpy
9708,grumpy
9709,rage
9710,calm
9711,mellow
9712,empath
9713,empath
9714,rage
9715,empath
9716,grumpy
9717,empath
9719,mellow
9723,mellow
9724,empath
9725,grumpy
9726,empath
9727,empath
9728,calm
9729,calm
9731,grumpy
9732,empath
9734,mellow
9735,calm
9736,rage
9737,calm
9738,calm
9740,empath
9741,mellow
9743,mellow
9746,calm
9747,empath
9748,mellow
9751,grumpy
9752,calm
9755,calm
9756,empath
9757,grumpy
9759,empath
9760,rage
9761,empath
9764,calm
9765,rage
9766,empath
9767,grumpy
9769,empath
9771,mellow
9772,empath
9773,rage
9774,calm
9776,rage
9781,rage
9783,grumpy
9784,rage
9785,calm
9787,grumpy
9788,empath
9790,mellow
9791,grumpy
9792,rage
9793,rage
9794,grumpy
9795,mellow
9797,calm
9798,mellow
9799,calm
9803,grumpy
9804,calm
9815,calm
9816,calm
9817,grumpy
9820,rage
9822,calm
9823,calm
9826,rage
9827,mellow
9829,grumpy
9830,empath
9837,mellow
9838,grumpy
9842,calm
9843,empath
9846,calm
9847,rage
9848,empath
9849,mellow
9851,calm
9852,calm
9855,calm
9856,rage
9857,calm
9859,empath
9860,rage
9861,empath
9864,mellow
9865,rage
9866,rage
9867,mellow
9869,calm
9870,calm
9871,empath
9872,rage
9873,grumpy
9874,empath
9876,calm
9877,rage
9878,mellow
9886,grumpy
9887,mellow
9888,mellow
9889,rage
9891,calm
9892,mellow
9898,grumpy
9899,calm
9901,rage
9902,calm
9904,grumpy
9905,mellow
9906,empath
9907,mellow
9908,mellow
9909,calm
9910,empath
9911,mellow
9913,mellow
9915,mellow
9916,mellow
9919,empath
9921,empath
9922,mellow
9923,grumpy
9924,empath
9928,grumpy
9929,grumpy
9930,mellow
9931,calm
9932,mellow
9933,rage
9934,mellow
9935,calm
9937,rage
9938,calm
9941,calm
9942,empath
9943,rage
9944,empath
9946,calm
9947,mellow
9950,grumpy
9951,grumpy
9954,mellow
9955,calm
9957,rage
9958,grumpy
9959,mellow
9960,rage
9961,rage
9962,calm
9963,grumpy
9964,mellow
9965,calm
9966,mellow
9967,mellow
9968,mellow
9970,grumpy
9972,grumpy
9973,empath
9974,rage
9975,grumpy
9977,empath
9979,grumpy
9980,mellow
9981,rage
9983,grumpy
9984,grumpy
9986,calm
9989,mellow
9990,rage
9991,rage
9992,calm
9993,empath
9997,empath
9998,empath
9999,empath
10003,rage
10004,mellow
10006,empath
10007,grumpy
10009,grumpy
10010,calm
10012,mellow
10014,calm
10016,calm
10019,calm
10020,empath
10021,calm
10022,mellow
10023,mellow
10024,rage
10026,calm
10028,mellow
10029,grumpy
10030,rage
10034,mellow
10035,grumpy
10036,rage
10038,empath
10041,mellow
10042,grumpy
10045,mellow
10046,rage
10048,mellow
10049,empath
10050,calm
10051,grumpy
10056,mellow
10057,mellow
10059,mellow
10060,empath
10061,mellow
10062,calm
10065,empath
10066,empath
10068,empath
10069,mellow
10070,rage
10072,calm
10073,calm
10075,calm
10078,rage
10080,empath
10081,grumpy
10082,calm
10083,calm
10087,rage
10088,mellow
10090,calm
10091,empath
10094,grumpy
10095,calm
10099,calm
10100,empath
10103,empath
10105,grumpy
10107,grumpy
10108,calm
10109,rage
10110,rage
10111,calm
10113,rage
10116,calm
10117,rage
10118,mellow
10119,empath
10121,rage
10123,empath
10124,calm
10125,grumpy
10126,calm
10128,rage
10129,grumpy
10131,rage
10132,empath
10133,empath
10137,rage
10138,mellow
10139,rage
10140,empath
10142,rage
10145,calm
10147,calm
10150,grumpy
10153,empath
10154,rage
10155,empath
10157,calm
10158,mellow
10159,grumpy
10160,calm
10161,empath
10162,calm
10163,rage
10165,mellow
10166,mellow
10168,grumpy
10172,mellow
10173,mellow
10174,grumpy
10175,grumpy
10176,grumpy
10177,empath
10178,rage
10181,rage
10182,mellow
10183,calm
10184,grumpy
10185,rage
10186,calm
10188,calm
10189,calm
10190,rage
10191,rage
10192,calm
10193,grumpy
10195,grumpy
10196,calm
10198,calm
10199,empath
10200,empath
10201,rage
10202,empath
10203,calm
10204,rage
10205,empath
10207,rage
10209,calm
10210,rage
10213,grumpy
10214,mellow
10215,calm
10216,rage
10217,empath
10220,mellow
10221,rage
10223,calm
10224,mellow
10225,mellow
10226,calm
10227,empath
10228,empath
10229,mellow
10230,grumpy
10231,grumpy
10232,mellow
10234,calm
10237,mellow
10238,grumpy
10239,empath
10241,calm
10242,rage
10246,grumpy
10247,calm
10248,grumpy
10249,calm
10250,calm
10252,mellow
10253,empath
10256,mellow
10257,calm
10258,mellow
10260,empath
10261,grumpy
10262,empath
10263,rage
10264,calm
10265,rage
10266,rage
10268,mellow
10269,rage
10270,empath
10273,empath
10274,empath
10275,mellow
10276,grumpy
10278,mellow
10281,empath
10282,mellow
10284,mellow
10286,rage
10288,calm
10289,calm
10290,grumpy
10292,empath
10293,empath
10295,grumpy
10297,empath
10298,empath
10299,calm
10301,mellow
10302,rage
10304,grumpy
10306,empath
10307,rage
10308,rage
10310,rage
10312,calm
10313,rage
10314,grumpy
10316,empath
10319,mellow
10320,mellow
10321,rage
10322,empath
10323,calm
10325,grumpy
10328,calm
10329,empath
10330,empath
10331,calm
10333,grumpy
10334,mellow
10335,rage
10336,empath
10338,mellow
10339,mellow
10340,empath
10341,calm
10342,mellow
10344,empath
10345,calm
10346,calm
10348,calm
10349,mellow
10353,empath
10354,empath
10355,calm
10357,grumpy
10358,empath
10359,calm
10360,mellow
10361,calm
10362,rage
10363,grumpy
10364,calm
10366,grumpy
10367,empath
10368,empath
10369,mellow
10374,mellow
10376,rage
10377,empath
10378,mellow
10380,grumpy
10382,empath
10383,empath
10385,empath
10386,rage
10389,empath
10390,mellow
10391,mellow
10392,mellow
10393,rage
10396,rage
10397,mellow
10400,rage
10402,mellow
10403,mellow
10405,empath
10406,empath
10407,mellow
10410,rage
10411,empath
10412,empath
10413,rage
10415,rage
10416,rage
10418,grumpy
10423,empath
10424,empath
10425,grumpy
10427,mellow
10428,mellow
10432,empath
10433,rage
10435,calm
10436,mellow
10439,rage
10441,empath
10444,mellow
10445,empath
10446,grumpy
10449,calm
10450,empath
10451,mellow
10452,empath
10453,mellow
10455,mellow
10456,mellow
10458,empath
10459,empath
10462,empath
10463,calm
10464,mellow
10465,empath
10468,mellow
10472,calm
10473,grumpy
10474,grumpy
10475,calm
10476,rage
10478,calm
10479,empath
10481,mellow
10482,calm
10483,calm
10484,mellow
10487,rage
10489,mellow
10490,empath
10491,calm
10492,grumpy
10494,mellow
10495,grumpy
10496,calm
10498,empath
10499,grumpy
10500,grumpy
10501,calm
10504,calm
10505,calm
10507,rage
10508,calm
10511,empath
10512,calm
10515,grumpy
10517,mellow
10518,mellow
10520,rage
10522,rage
10523,calm
10524,mellow
10525,rage
10526,empath
10528,mellow
10529,grumpy
10530,grumpy
10533,grumpy
10534,mellow
10535,empath
10536,rage
10537,grumpy
10538,grumpy
10539,grumpy
10540,calm
10543,calm
10547,grumpy
10549,calm
10551,grumpy
10554,empath
10556,calm
10557,empath
10558,calm
10559,mellow
10560,mellow
10561,calm
10562,mellow
10563,calm
10564,empath
10566,calm
10567,rage
10569,calm
10570,grumpy
10573,calm
10574,grumpy
10575,grumpy
10576,mellow
10577,grumpy
10579,rage
10581,rage
10582,grumpy
10584,grumpy
10588,empath
10592,mellow
10594,grumpy
10595,mellow
10597,empath
10602,grumpy
10603,calm
10604,grumpy
10605,rage
10608,rage
10609,mellow
10610,mellow
10611,grumpy
10614,grumpy
10617,empath
10618,rage
10621,rage
10622,empath
10623,empath
10625,mellow
10626,mellow
10627,calm
10628,mellow
10629,rage
10630,grumpy
10632,calm
10633,grumpy
10634,rage
10636,mellow
10637,empath
10639,grumpy
10640,grumpy
10641,grumpy
10642,grumpy
10643,rage
10644,rage
10649,mellow
10651,mellow
10652,calm
10654,mellow
10656,grumpy
10658,grumpy
10660,empath
10662,calm
10664,grumpy
10665,empath
10666,rage
10667,calm
10669,calm
10670,grumpy
10675,grumpy
10676,grumpy
10677,grumpy
10678,empath
10679,rage
10680,grumpy
10681,calm
10682,rage
10683,grumpy
10684,rage
10685,mellow
10686,empath
10688,calm
10689,grumpy
10694,rage
10697,empath
10699,empath
10701,mellow
10702,empath
10704,empath
10706,mellow
10707,empath
10708,mellow
10710,rage
10711,empath
10712,mellow
10713,rage
10715,rage
10718,mellow
10720,empath
10723,empath
10724,empath
10726,mellow
10729,mellow
10730,calm
10731,empath
10733,rage
10734,mellow
10735,mellow
10736,empath
10740,empath
10741,mellow
10742,calm
10743,grumpy
10745,empath
10746,rage
10747,rage
10748,calm
10750,calm
10751,grumpy
10752,rage
10753,mellow
10755,grumpy
10756,rage
10758,calm
10763,calm
10765,empath
10767,mellow
10768,mellow
10769,calm
10770,rage
10773,empath
10774,grumpy
10775,empath
10777,calm
10778,rage
10780,calm
10781,calm
10784,rage
10786,rage
10789,rage
10790,mellow
10792,mellow
10793,empath
10794,grumpy
10795,rage
10797,empath
10798,grumpy
10799,empath
10800,grumpy
10802,mellow
10803,calm
10805,grumpy
10807,calm
10810,empath
10814,rage
10816,grumpy
10818,mellow
10819,calm
10821,mellow
10822,empath
10824,grumpy
10825,grumpy
10826,calm
10828,calm
10835,empath
10839,mellow
10841,calm
10843,calm
10845,rage
10848,calm
10849,calm
10850,grumpy
10851,mellow
10852,calm
10853,empath
10854,grumpy
10856,calm
10860,grumpy
10861,grumpy
10865,grumpy
10866,calm
10867,calm
10868,calm
10869,mellow
10870,mellow
10871,empath
10872,calm
10873,empath
10880,rage
10881,calm
10882,calm
10883,calm
10886,calm
10889,grumpy
10891,calm
10892,mellow
10894,rage
10897,empath
10898,empath
10900,rage
10901,empath
10902,empath
10904,empath
10905,calm
10907,grumpy
10908,mellow
10912,rage
10913,grumpy
10914,mellow
10915,empath
10916,calm
10918,grumpy
10919,mellow
10920,grumpy
10924,grumpy
10925,rage
10926,rage
10927,rage
10928,calm
10929,empath
10931,grumpy
10932,mellow
10933,calm
10934,empath
10936,empath
10938,calm
10939,rage
10940,calm
10943,calm
10944,rage
10945,grumpy
10946,mellow
10948,mellow
10949,calm
10950,empath
10951,grumpy
10952,calm
10953,calm
10954,calm
10955,grumpy
10956,calm
10957,empath
10958,calm
10959,calm
10960,rage
10961,rage
10962,calm
10967,empath
10968,mellow
10970,rage
10971,grumpy
10973,mellow
10974,grumpy
10975,rage
10976,rage
10978,mellow
10979,grumpy
10980,mellow
10981,calm
10984,rage
10986,calm
10987,empath
10988,empath
10992,rage
10993,grumpy
10996,rage
10997,rage
10999,empath
11001,grumpy
11004,mellow
11009,empath
11010,calm
11011,grumpy
11012,mellow
11013,grumpy
11014,empath
11016,mellow
11017,grumpy
11019,rage
11024,grumpy
11025,calm
11027,rage
11028,empath
11029,mellow
11030,empath
11032,empath
11033,mellow
11034,mellow
11035,empath
11038,rage
11041,calm
11042,calm
11043,rage
11045,mellow
11046,grumpy
11047,empath
11048,empath
11052,grumpy
11053,mellow
11054,calm
11056,mellow
11060,rage
11061,mellow
11062,grumpy
11063,rage
11065,rage
11066,rage
11067,grumpy
11068,mellow
11069,calm
11070,calm
11073,rage
11076,empath
11077,calm
11078,calm
11082,empath
11083,calm
11084,grumpy
11087,grumpy
11088,empath
11089,grumpy
11091,mellow
11092,rage
11094,grumpy
11095,empath
11096,rage
11097,grumpy
11098,grumpy
11099,grumpy
11104,rage
11105,grumpy
11107,calm
11108,empath
11109,calm
11110,calm
11111,mellow
11113,empath
11115,calm
11117,mellow
11119,empath
11120,rage
11121,calm
11122,grumpy
11123,empath
11124,empath
11126,calm
11130,grumpy
11131,grumpy
11132,grumpy
11133,grumpy
11136,calm
11138,mellow
11139,empath
11140,rage
11141,calm
11142,grumpy
11143,grumpy
11144,calm
11145,grumpy
11146,mellow
11147,empath
11151,mellow
11152,mellow
11153,rage
11154,mellow
11156,rage
11158,rage
11159,empath
11160,rage
11161,empath
11163,calm
11164,empath
11165,calm
11166,mellow
11167,empath
11168,empath
11169,grumpy
11170,rage
11171,rage
11173,calm
11176,rage
11177,grumpy
11179,calm
11180,empath
11184,rage
11187,empath
11193,grumpy
11194,grumpy
11195,calm
11197,calm
11203,calm
11205,grumpy
11208,mellow
11209,grumpy
11211,rage
11212,rage
11213,rage
11219,mellow
11220,empath
11221,empath
11222,calm
11224,mellow
11225,empath
11226,grumpy
11227,calm
11229,rage
11231,grumpy
11233,mellow
11234,empath
11235,grumpy
11237,grumpy
11238,rage
11239,empath
11240,grumpy
11241,rage
11243,rage
11244,calm
11245,grumpy
11246,grumpy
11247,calm
11248,empath
11250,empath
11251,grumpy
11252,calm
11254,calm
11259,calm
11261,calm
11263,mellow
11264,rage
11265,grumpy
11266,grumpy
11268,grumpy
11269,grumpy
11272,empath
11274,mellow
11275,rage
11276,rage
11277,empath
11283,grumpy
11284,rage
11285,mellow
11287,empath
11288,calm
11289,rage
11290,empath
11291,calm
11292,calm
11294,mellow
11299,empath
11301,grumpy
11303,rage
11304,empath
11305,calm
11308,grumpy
11309,calm
11312,empath
11313,rage
11315,grumpy
11316,calm
11317,calm
11320,empath
11324,mellow
11326,calm
11328,empath
11329,mellow
11331,rage
11334,rage
11335,mellow
11337,rage
11338,empath
11339,grumpy
11340,calm
11341,grumpy
11344,grumpy
11345,grumpy
11347,mellow
11348,empath
11349,grumpy
11350,empath
11351,calm
11352,calm
11356,grumpy
11357,grumpy
11362,empath
11367,rage
11370,calm
11372,empath
11373,mellow
11374,rage
11375,calm
11376,empath
11377,empath
11378,calm
11379,empath
11381,rage
11382,calm
11384,calm
11385,calm
11386,grumpy
11388,grumpy
11390,empath
11394,mellow
11396,empath
11397,calm
11398,rage
11401,grumpy
11406,rage
11407,grumpy
11408,rage
11412,rage
11414,calm
11416,mellow
11418,grumpy
11419,mellow
11420,rage
11422,grumpy
11423,empath
11424,mellow
11426,mellow
11427,rage
11429,mellow
11431,mellow
11432,calm
11433,mellow
11437,mellow
11438,calm
11439,empath
11448,rage
11451,empath
11452,mellow
11453,calm
11454,grumpy
11455,mellow
11456,empath
11457,empath
11459,mellow
11460,grumpy
11462,rage
11465,rage
11466,grumpy
11468,calm
11472,mellow
11473,calm
11475,grumpy
11477,mellow
11481,mellow
11482,grumpy
11484,grumpy
11485,empath
11489,rage
11495,rage
11496,rage
11497,empath
11498,grumpy
11499,empath
11501,rage
11503,grumpy
11504,rage
11505,calm
11506,empath
11508,mellow
11510,grumpy
11516,grumpy
11517,mellow
11520,calm
11521,rage
11523,grumpy
11524,empath
11525,mellow
11526,calm
11528,rage
11529,grumpy
11530,empath
11531,rage
11534,rage
11536,empath
11539,grumpy
11541,grumpy
11542,rage
11543,rage
11546,rage
11551,empath
11555,mellow
11560,empath
11561,mellow
11563,calm
11565,rage
11566,calm
11572,grumpy
11573,mellow
11577,mellow
11578,rage
11579,empath
11580,empath
11584,empath
11585,mellow
11586,rage
11587,empath
11588,rage
11591,mellow
11595,mellow
11598,grumpy
11602,rage
11603,grumpy
11604,calm
11605,mellow
11606,mellow
11607,rage
11608,mellow
11609,mellow
11610,rage
11611,rage
11613,calm
11614,mellow
11615,mellow
11616,grumpy
11618,empath
11620,mellow
11621,mellow
11623,grumpy
11626,mellow
11628,empath
11629,grumpy
11630,rage
11632,grumpy
11633,mellow
11634,rage
11636,rage
11637,grumpy
11639,mellow
11644,empath
11645,empath
11646,calm
11647,grumpy
11650,rage
11653,grumpy
11654,empath
11656,mellow
11663,calm
11664,rage
11665,rage
11667,rage
11669,grumpy
11671,rage
11674,empath
11678,rage
11684,empath
11685,grumpy
11686,calm
11687,empath
11690,mellow
11693,empath
11694,mellow
11696,rage
11697,rage
11698,empath
11701,empath
11703,empath
11706,grumpy
11707,rage
11708,calm
11709,mellow
11711,grumpy
11712,grumpy
11715,mellow
11716,empath
11724,mellow
11729,calm
11731,grumpy
11739,grumpy
11741,mellow
11742,empath
11743,mellow
11746,rage
11747,calm
11748,grumpy
11756,mellow
11758,mellow
11759,rage
11762,grumpy
11763,rage
11765,calm
11766,calm
11771,empath
11777,empath
11778,empath
11781,empath
11782,empath
11784,calm
11785,mellow
11789,calm
11790,calm
11791,empath
11792,calm
11794,empath
11796,grumpy
11797,empath
11798,rage
11799,calm
11800,rage
11802,grumpy
11804,grumpy
11805,grumpy
11806,calm
11809,grumpy
11810,empath
11811,mellow
11812,calm
11813,calm
11816,rage
11818,grumpy
11819,empath
11827,rage
11830,mellow
11831,rage
11832,grumpy
11833,empath
11834,calm
11835,empath
11838,calm
11839,rage
11841,mellow
11843,calm
11845,rage
11849,empath
11853,empath
11855,mellow
11857,mellow
11859,calm
11860,rage
11862,empath
11865,grumpy
11868,grumpy
11878,rage
11879,grumpy
11881,grumpy
11888,grumpy
11889,empath
11890,calm
11891,mellow
11893,calm
11894,mellow
11896,rage
11900,grumpy
11901,mellow
11904,calm
11905,empath
11907,calm
11908,calm
11909,grumpy
11910,mellow
11911,empath
11914,calm
11916,grumpy
11919,rage
11922,calm
11923,rage
11924,grumpy
11925,grumpy
11927,mellow
11934,rage
11937,grumpy
11938,rage
11941,calm
11942,grumpy
11943,calm
11944,rage
11946,calm
11949,rage
11953,calm
11954,rage
11955,mellow
11956,rage
11957,empath
11961,empath
11962,mellow
11963,rage
11965,calm
11966,empath
11970,rage
11972,rage
11977,mellow
11978,empath
11980,rage
11981,calm
11982,calm
11985,calm
11987,empath
11988,rage
11989,grumpy
11990,empath
11991,rage
11992,calm
11994,rage
11998,calm
12000,rage
12001,grumpy
12004,empath
12005,mellow
12007,calm
12010,empath
12011,rage
12012,grumpy
12015,rage
12016,rage
12017,rage
12018,mellow
12019,empath
12020,rage
12025,calm
12026,rage
12027,grumpy
12029,calm
12030,empath
12033,rage
12035,empath
12036,mellow
12037,calm
12038,mellow
12040,rage
12041,mellow
12042,rage
12044,empath
12045,calm
12047,mellow
12048,calm
12049,calm
12050,grumpy
12052,grumpy
12053,mellow
12055,calm
12056,rage
12057,rage
12060,rage
12061,calm
12067,rage
12069,rage
12072,mellow
12073,mellow
12074,empath
12076,rage
12077,calm
12079,grumpy
12081,empath
12083,grumpy
12085,calm
12091,grumpy
12092,calm
12094,grumpy
12097,calm
12098,empath
12099,mellow
12100,calm
12102,grumpy
12103,grumpy
12104,calm
12105,rage
12106,mellow
12107,rage
12108,rage
12109,grumpy
12113,grumpy
12115,rage
12116,empath
12117,rage
12120,rage
12123,rage
12126,grumpy
12127,mellow
12130,mellow
12131,calm
12134,empath
12137,empath
12141,mellow
12142,empath
12145,rage
12146,grumpy
12147,grumpy
12148,rage
12149,calm
12150,grumpy
12154,empath
12155,grumpy
12156,mellow
12157,empath
12159,grumpy
12160,mellow
12162,calm
12164,mellow
12167,mellow
12168,empath
12170,empath
12172,rage
12174,calm
12177,mellow
12178,calm
12179,mellow
12180,grumpy
12182,calm
12184,grumpy
12186,grumpy
12187,rage
12189,grumpy
12191,calm
12193,empath
12197,empath
12198,empath
12199,grumpy
12200,empath
12204,mellow
12205,rage
12208,rage
12209,grumpy
12210,empath
12211,empath
12214,mellow
12215,empath
12217,calm
12219,mellow
12220,grumpy
12221,calm
12222,mellow
12226,calm
12227,mellow
12229,mellow
12230,empath
12234,rage
12236,grumpy
12238,grumpy
12242,grumpy
12245,mellow
12246,empath
12247,rage
12248,mellow
12252,empath
12256,grumpy
12257,grumpy
12258,rage
12259,mellow
12260,calm
12261,empath
12263,grumpy
12268,grumpy
12272,empath
12275,calm
12277,empath
12279,mellow
12280,rage
12281,calm
12282,empath
12283,empath
12284,mellow
12285,grumpy
12287,empath
12288,empath
12290,empath
12292,calm
12295,grumpy
12296,mellow
12297,rage
12298,rage
12299,mellow
12302,empath
12303,grumpy
12305,grumpy
12307,mellow
12308,calm
12309,calm
12313,calm
12315,calm
12316,rage
12318,calm
12320,mellow
12322,mellow
12323,grumpy
12324,rage
12327,empath
12328,mellow
12330,empath
12332,mellow
12333,mellow
12334,rage
12336,grumpy
12339,rage
12341,rage
12343,mellow
12344,rage
12349,rage
12351,grumpy
12353,empath
12356,empath
12358,calm
12362,grumpy
12363,mellow
12364,rage
12368,mellow
12371,grumpy
12373,empath
12376,empath
12377,empath
12378,mellow
12384,calm
12385,mellow
12387,calm
12388,calm
12389,rage
12390,grumpy
12391,grumpy
12393,grumpy
12398,calm
12400,rage
12403,rage
12406,mellow
12409,calm
12413,calm
12416,calm
12417,mellow
12418,rage
12419,empath
12420,empath
12425,grumpy
12427,empath
12431,empath
12432,grumpy
12435,grumpy
12437,grumpy
12438,mellow
12439,mellow
12440,mellow
12443,mellow
12444,mellow
12451,grumpy
12457,mellow
12458,rage
12459,empath
12460,calm
12462,calm
12463,calm
12464,calm
12468,empath
12470,empath
12471,mellow
12475,rage
12476,empath
12477,grumpy
12481,grumpy
12485,mellow
12486,rage
12487,calm
12488,rage
12490,rage
12491,empath
12492,calm
12493,mellow
12495,mellow
12497,grumpy
12499,mellow
12500,empath
12501,empath
12502,calm
12504,rage
12505,mellow
12506,empath
12509,calm
12512,mellow
12513,rage
12514,mellow
12515,calm
12516,empath
12517,grumpy
12519,mellow
12520,mellow
12523,rage
12524,calm
12529,mellow
12531,rage
12532,mellow
12533,mellow
12534,mellow
12536,mellow
12537,rage
12538,empath
12541,calm
12542,grumpy
12543,mellow
12546,rage
12549,calm
12551,rage
12552,rage
12553,mellow
12556,rage
12559,empath
12562,rage
12564,rage
12565,grumpy
12566,rage
12569,rage
12570,empath
12571,empath
12575,grumpy
12576,empath
12577,calm
12578,mellow
12579,grumpy
12581,mellow
12584,empath
12585,empath
12589,grumpy
12594,calm
12595,mellow
12598,empath
12599,mellow
12601,grumpy
12603,empath
12604,calm
12606,grumpy
12607,empath
12610,rage
12614,mellow
12615,empath
12619,calm
12622,rage
12623,empath
12624,calm
12629,empath
12635,empath
12637,mellow
12639,mellow
12640,mellow
12641,empath
12643,rage
12645,empath
12646,rage
12648,grumpy
12649,grumpy
12650,empath
12654,mellow
12655,calm
12659,calm
12660,grumpy
12661,mellow
12662,calm
12666,calm
12667,mellow
12670,calm
12671,grumpy
12672,calm
12674,empath
12675,empath
12678,calm
12680,mellow
12681,grumpy
12682,mellow
12683,grumpy
12684,empath
12687,empath
12688,empath
12690,rage
12691,empath
12693,empath
12694,grumpy
12696,mellow
12697,calm
12698,rage
12702,calm
12704,rage
12705,grumpy
12708,rage
12709,empath
12710,mellow
12711,calm
12715,calm
12720,mellow
12726,rage
12730,calm
12732,rage
12733,empath
12736,grumpy
12737,mellow
12740,rage
12742,grumpy
12743,grumpy
12745,calm
12746,mellow
12747,empath
12751,mellow
12755,calm
12756,grumpy
12759,mellow
12761,mellow
12762,mellow
12763,empath
12764,mellow
12766,empath
12769,empath
12770,empath
12771,grumpy
12774,mellow
12775,rage
12776,rage
12778,empath
12779,empath
12784,grumpy
12788,empath
12790,mellow
12792,rage
12794,mellow
12800,empath
12802,calm
12804,grumpy
12805,grumpy
12806,calm
12808,mellow
12810,grumpy
12811,mellow
12812,grumpy
12820,empath
12823,mellow
12824,rage
12825,calm
12827,grumpy
12829,empath
12830,calm
12831,empath
12832,calm
12835,rage
12836,calm
12837,mellow
12838,rage
12840,mellow
12842,empath
12843,rage
12844,calm
12847,calm
12850,mellow
12851,calm
12853,empath
12856,empath
12858,calm
12862,grumpy
12866,mellow
12870,mellow
12873,rage
12877,calm
12878,rage
12881,grumpy
12882,mellow
12885,grumpy
12886,empath
12890,empath
12892,mellow
12893,calm
12897,calm
12898,calm
12899,grumpy
12903,empath
12909,rage
12910,rage
12912,rage
12914,mellow
12916,empath
12919,calm
12920,calm
12921,rage
12923,calm
12925,empath
12926,mellow
12928,empath
12931,calm
12937,rage
12938,empath
12939,calm
12940,calm
12941,grumpy
12942,mellow
12944,grumpy
12947,empath
12949,calm
12950,empath
12951,calm
12953,grumpy
12955,grumpy
12960,rage
12962,rage
12963,grumpy
12965,rage
12970,rage
12971,mellow
12974,calm
12975,mellow
12979,grumpy
12980,empath
12982,empath
12988,empath
12990,calm
12994,empath
12996,empath
12998,mellow
13000,mellow
13003,calm
13008,grumpy
13011,mellow
13013,mellow
13015,empath
13020,empath
13022,rage
13025,empath
13028,calm
13030,empath
13031,calm
13038,mellow
13039,rage
13040,rage
13043,mellow
13047,rage
13053,empath
13056,rage
13066,grumpy
13069,mellow
13070,calm
13072,empath
13074,empath
13080,grumpy
13082,rage
13083,rage
13090,empath
13097,calm
13100,mellow
13101,mellow
13104,grumpy
13111,grumpy
13113,mellow
13117,empath
13120,empath
13121,grumpy
13122,mellow
13125,empath
13128,grumpy
13131,mellow
13136,calm
13139,calm
13141,empath
13145,grumpy
13149,calm
13155,calm
13156,rage
13157,calm
13159,empath
13160,mellow
13161,empath
13164,rage
13166,empath
13167,rage
13168,rage
13169,empath
13173,empath
13174,grumpy
13176,mellow
13177,rage
13180,empath
13183,rage
13186,calm
13190,rage
13192,mellow
13197,empath
13199,empath
13202,grumpy
13203,calm
13206,mellow
13207,mellow
13210,rage
13214,mellow
13216,mellow
13217,calm
13219,calm
13221,calm
13223,mellow
13225,empath
13227,calm
13230,grumpy
13231,mellow
13235,mellow
13236,mellow
13237,calm
13238,empath
13242,mellow
13246,grumpy
13252,empath
13257,rage
13258,rage
13259,grumpy
13263,grumpy
13266,empath
13269,empath
13273,calm
13275,calm
13276,empath
13277,rage
13279,calm
13280,grumpy
13281,grumpy
13282,grumpy
13283,calm
13285,rage
13288,grumpy
13290,empath
13292,calm
13293,empath
13294,mellow
13299,rage
13300,grumpy
13305,grumpy
13306,rage
13309,empath
13311,mellow
13314,calm
13320,rage
13322,mellow
13328,rage
13330,mellow
13333,grumpy
13334,grumpy
13336,calm
13337,empath
13344,empath
13349,empath
13352,mellow
13354,calm
13356,mellow
13359,grumpy
13361,empath
13366,empath
13367,empath
13368,empath
13369,empath
13372,empath
13373,mellow
13374,empath
13377,empath
13384,calm
13388,calm
13391,mellow
13392,rage
13394,empath
13399,rage
13400,grumpy
13402,empath
13408,calm
13410,grumpy
13412,rage
13413,grumpy
13415,calm
13418,empath
13422,grumpy
13425,mellow
13431,mellow
13432,empath
13433,mellow
13434,grumpy
13435,calm
13441,mellow
13443,mellow
13444,rage
13445,calm
13446,grumpy
13453,rage
13455,calm
13456,empath
13457,grumpy
13459,rage
13461,mellow
13468,grumpy
13473,grumpy
13477,mellow
13478,empath
13482,calm
13483,empath
13485,grumpy
13486,grumpy
13489,grumpy
13490,mellow
13491,calm
13494,grumpy
13496,calm
13499,rage
13500,mellow
13501,grumpy
13503,empath
13508,grumpy
13509,calm
13514,grumpy
13515,grumpy
13516,rage
13517,grumpy
13519,rage
13522,empath
13527,mellow
13529,calm
13533,grumpy
13535,mellow
13545,mellow
13546,empath
13550,empath
13552,rage
13553,empath
13554,grumpy
13555,grumpy
13559,empath
13560,grumpy
13561,empath
13562,empath
13563,grumpy
13565,rage
13566,mellow
13568,calm
13570,empath
13571,empath
13574,rage
13575,empath
13583,grumpy
13585,empath
13591,empath
13592,rage
13593,calm
13594,mellow
13605,mellow
13607,calm
13609,rage
13620,rage
13621,empath
13624,mellow
13625,empath
13627,rage
13632,calm
13638,empath
13642,grumpy
13643,empath
13644,mellow
13645,calm
13646,calm
13648,calm
13649,grumpy
13650,calm
13651,calm
13659,calm
13660,mellow
13662,grumpy
13665,empath
13666,mellow
13668,empath
13672,mellow
13675,mellow
13677,mellow
13680,grumpy
13681,rage
13689,calm
13692,mellow
13694,calm
13696,mellow
13699,rage
13700,rage
13701,mellow
13702,calm
13704,calm
13712,mellow
13714,rage
13720,empath
13729,empath
13730,mellow
13732,grumpy
13735,mellow
13736,calm
13739,mellow
13746,rage
13754,calm
13755,calm
13756,rage
13762,mellow
13764,grumpy
13765,grumpy
13768,grumpy
13769,empath
13770,grumpy
13773,empath
13775,empath
13777,empath
13778,calm
13779,grumpy
13782,empath
13785,calm
13788,rage
13789,rage
13796,mellow
13798,empath
13802,mellow
13806,mellow
13808,calm
13810,calm
13811,calm
13812,rage
13815,mellow
13819,mellow
13820,empath
13831,calm
13840,grumpy
13842,rage
13843,empath
13845,calm
13846,mellow
13850,empath
13851,grumpy
13852,grumpy
13853,mellow
13855,empath
13857,grumpy
13858,mellow
13859,mellow
13860,mellow
13864,grumpy
13865,empath
13866,empath
13868,calm
13872,calm
13875,calm
13876,empath
13877,calm
13882,empath
13884,empath
13888,calm
13889,calm
13892,empath
13894,mellow
13895,empath
13897,grumpy
13899,calm
13903,mellow
13906,grumpy
13907,calm
13908,calm
13913,calm
13916,grumpy
13918,grumpy
13919,calm
13922,mellow
13923,calm
13924,mellow
13925,calm
13926,rage
13933,grumpy
13943,grumpy
13944,rage
13949,empath
13950,empath
13952,mellow
13965,mellow
13969,calm
13970,calm
13972,mellow
13974,rage
13979,calm
13983,calm
13984,mellow
13987,empath
13991,empath
13992,rage
13994,empath
13995,empath
14000,calm
14003,empath
14005,grumpy
14007,mellow
14008,empath
14019,grumpy
14021,rage
14023,calm
14031,empath
14032,grumpy
14035,empath
14040,grumpy
14044,calm
14046,calm
14053,empath
14056,rage
14057,mellow
14060,calm
14062,empath
14067,mellow
14070,empath
14072,mellow
14074,calm
14091,grumpy
14094,calm
14096,calm
14097,grumpy
14100,calm
14102,mellow
14104,mellow
14120,calm
14126,calm
14127,mellow
14135,calm
14137,calm
14140,calm
14141,mellow
14142,grumpy
14143,mellow
14145,calm
14147,calm
14149,empath
14154,mellow
14161,rage
14167,grumpy
14174,empath
14176,mellow
14184,empath
14187,empath
14194,calm
14197,mellow
14198,mellow
14203,grumpy
14206,grumpy
14207,mellow
14208,mellow
14209,empath
14210,calm
14211,calm
14212,rage
14213,mellow
14214,empath
14215,grumpy
14225,calm
14226,empath
14227,mellow
14228,empath
14229,mellow
14235,empath
14239,empath
14241,rage
14244,empath
14250,rage
14253,grumpy
14260,calm
14261,mellow
14263,empath
14266,calm
14272,grumpy
14276,rage
14277,rage
14280,calm
14282,rage
14287,grumpy
14294,empath
14297,empath
14299,rage
14306,rage
14310,mellow
14311,rage
14318,empath
14326,calm
14333,mellow
14336,rage
14337,grumpy
14338,empath
14342,rage
14344,calm
14345,grumpy
14347,mellow
14366,calm
14371,empath
14375,empath
14378,rage
14381,calm
14385,calm
14386,mellow
14393,grumpy
14396,rage
14397,empath
14400,calm
14408,mellow
14413,rage
14422,rage
14425,empath
14430,grumpy
14433,calm
14434,rage
14440,mellow
14444,grumpy
14450,rage
14456,grumpy
14461,mellow
14468,empath
14476,calm
14477,rage
14478,grumpy
14486,empath
14495,mellow
14515,grumpy
14524,grumpy
14525,mellow
14527,mellow
14529,mellow
14532,mellow
14539,calm
14543,empath
14546,mellow
14548,grumpy
14554,rage
14559,grumpy
14584,mellow
14586,mellow
14604,rage
14614,empath
14618,rage
14622,grumpy
14624,grumpy
14628,empath
14636,empath
14639,mellow
14644,mellow
14645,calm
14653,rage
14654,rage
14659,mellow
14670,mellow
14676,mellow
14686,calm
14689,calm
14690,mellow
14694,mellow
14712,calm
14713,mellow
14717,rage
14726,grumpy
14730,calm
14746,calm
14753,rage
14754,rage
14756,calm
14776,grumpy
14783,mellow
14793,mellow
14795,grumpy
14796,calm
14797,empath
14799,mellow
14810,rage
14815,mellow
14822,mellow
14827,calm
14833,calm
14837,calm
14838,grumpy
14843,calm
14848,empath
14856,mellow
14859,mellow
14867,rage
14870,rage
14901,calm
14911,calm
14914,rage
14918,mellow
14926,empath
14934,mellow
14936,mellow
14938,calm
14943,calm
14949,empath
14954,empath
14959,empath
14984,calm
14990,rage
15028,empath
15029,mellow
15033,grumpy
15036,rage
15045,empath
15047,empath
15049,rage
15059,rage
15060,grumpy
15070,mellow
15071,empath
15077,calm
15086,rage
15095,empath
15104,rage
15109,rage
15114,empath
15145,empath
15153,calm
15168,grumpy
15181,empath
15182,grumpy
15198,mellow
15200,rage
15224,rage
15225,calm
15237,grumpy
15266,mellow
15305,empath
15308,rage
15314,mellow
15325,calm
15341,empath
15355,rage
15361,grumpy
15373,rage
15384,empath
15392,mellow
15393,calm
15398,rage
15421,grumpy
15422,grumpy
15439,mellow
15447,mellow
15451,grumpy
15473,rage
15482,grumpy
15509,rage
15525,empath
15561,rage
15607,grumpy
15611,calm
15624,rage
15633,empath
15674,empath
15700,calm
15701,empath
15717,mellow
15742,grumpy
15745,mellow
15760,empath
15762,mellow
15768,empath
15807,rage
15835,mellow
15863,rage
15867,mellow
15924,empath
15942,calm
15943,rage
15964,empath
15974,empath
15977,mellow
15979,calm
16002,rage
16003,calm
16009,rage
16049,rage
16061,grumpy
16071,empath
16142,empath
16145,calm
16179,calm
16223,mellow
16282,empath
16310,rage
16330,empath
16372,rage
16393,empath
16411,rage
16425,empath
16433,grumpy
16458,empath
16509,mellow
16530,grumpy
16565,rage
16598,mellow
16694,empath
16712,calm
16839,grumpy
16849,rage
16869,empath
16885,grumpy
16887,calm
16916,rage
16993,calm
16994,empath
17023,rage
17198,mellow
17212,empath
17307,empath
17394,empath
17426,rage
17578,rage
17706,calm
17752,empath
17845,mellow
17870,mellow
17885,calm
18035,calm
18124,mellow
18238,calm
18390,calm
18640,grumpy
18647,calm
18763,mellow
19093,rage
19122,empath
19454,empath
20010,grumpy
20635,calm
21308,grumpy
21315,rage
21553,mellow
22352,rage
23008,mellow
23031,calm
